 time            v(vin)          v(vout1)        v(vout2)        v(vout3)        v(vout4)       
 0.00000000e+00  7.50000000e-01  5.37180487e-01  5.37180487e-01  5.37180487e-01  5.37180487e-01 
 1.00000000e-08  7.50000628e-01  5.37176941e-01  5.37176941e-01  5.37176941e-01  5.37176941e-01 
 2.00000000e-08  7.50001257e-01  5.37170371e-01  5.37170371e-01  5.37170371e-01  5.37170371e-01 
 4.00000000e-08  7.50002513e-01  5.37151277e-01  5.37151277e-01  5.37151277e-01  5.37151277e-01 
 8.00000000e-08  7.50005027e-01  5.37093212e-01  5.37093212e-01  5.37093212e-01  5.37093212e-01 
 1.60000000e-07  7.50010053e-01  5.36936369e-01  5.36936369e-01  5.36936369e-01  5.36936369e-01 
 3.20000000e-07  7.50020106e-01  5.36574975e-01  5.36574975e-01  5.36574975e-01  5.36574975e-01 
 6.40000000e-07  7.50040212e-01  5.35831024e-01  5.35831024e-01  5.35831024e-01  5.35831024e-01 
 1.28000000e-06  7.50080424e-01  5.34353125e-01  5.34353125e-01  5.34353125e-01  5.34353125e-01 
 2.28000000e-06  7.50143252e-01  5.32060170e-01  5.32060170e-01  5.32060170e-01  5.32060170e-01 
 3.28000000e-06  7.50206074e-01  5.29781231e-01  5.29781231e-01  5.29781231e-01  5.29781231e-01 
 4.28000000e-06  7.50268888e-01  5.27516127e-01  5.27516127e-01  5.27516127e-01  5.27516127e-01 
 5.28000000e-06  7.50331691e-01  5.25265181e-01  5.25265181e-01  5.25265181e-01  5.25265181e-01 
 6.28000000e-06  7.50394482e-01  5.23028619e-01  5.23028619e-01  5.23028619e-01  5.23028619e-01 
 7.28000000e-06  7.50457256e-01  5.20806645e-01  5.20806645e-01  5.20806645e-01  5.20806645e-01 
 8.28000000e-06  7.50520013e-01  5.18599458e-01  5.18599458e-01  5.18599458e-01  5.18599458e-01 
 9.28000000e-06  7.50582749e-01  5.16407254e-01  5.16407254e-01  5.16407254e-01  5.16407254e-01 
 1.02800000e-05  7.50645462e-01  5.14230227e-01  5.14230227e-01  5.14230227e-01  5.14230227e-01 
 1.12800000e-05  7.50708150e-01  5.12068563e-01  5.12068563e-01  5.12068563e-01  5.12068563e-01 
 1.22800000e-05  7.50770810e-01  5.09922447e-01  5.09922447e-01  5.09922447e-01  5.09922447e-01 
 1.32800000e-05  7.50833439e-01  5.07792059e-01  5.07792059e-01  5.07792059e-01  5.07792059e-01 
 1.42800000e-05  7.50896035e-01  5.05677571e-01  5.05677571e-01  5.05677571e-01  5.05677571e-01 
 1.52800000e-05  7.50958597e-01  5.03579153e-01  5.03579153e-01  5.03579153e-01  5.03579153e-01 
 1.62800000e-05  7.51021120e-01  5.01496969e-01  5.01496969e-01  5.01496969e-01  5.01496969e-01 
 1.72800000e-05  7.51083603e-01  4.99431178e-01  4.99431178e-01  4.99431178e-01  4.99431178e-01 
 1.82800000e-05  7.51146043e-01  4.97381932e-01  4.97381932e-01  4.97381932e-01  4.97381932e-01 
 1.92800000e-05  7.51208437e-01  4.95349377e-01  4.95349377e-01  4.95349377e-01  4.95349377e-01 
 2.02800000e-05  7.51270785e-01  4.93333654e-01  4.93333654e-01  4.93333654e-01  4.93333654e-01 
 2.12800000e-05  7.51333082e-01  4.91334897e-01  4.91334897e-01  4.91334897e-01  4.91334897e-01 
 2.22800000e-05  7.51395326e-01  4.89353233e-01  4.89353233e-01  4.89353233e-01  4.89353233e-01 
 2.32800000e-05  7.51457515e-01  4.87388783e-01  4.87388783e-01  4.87388783e-01  4.87388783e-01 
 2.42800000e-05  7.51519647e-01  4.85441660e-01  4.85441660e-01  4.85441660e-01  4.85441660e-01 
 2.52800000e-05  7.51581719e-01  4.83511971e-01  4.83511971e-01  4.83511971e-01  4.83511971e-01 
 2.62800000e-05  7.51643728e-01  4.81599815e-01  4.81599815e-01  4.81599815e-01  4.81599815e-01 
 2.72800000e-05  7.51705672e-01  4.79705283e-01  4.79705283e-01  4.79705283e-01  4.79705283e-01 
 2.82800000e-05  7.51767549e-01  4.77828460e-01  4.77828460e-01  4.77828460e-01  4.77828460e-01 
 2.92800000e-05  7.51829356e-01  4.75969420e-01  4.75969420e-01  4.75969420e-01  4.75969420e-01 
 3.02800000e-05  7.51891092e-01  4.74128233e-01  4.74128233e-01  4.74128233e-01  4.74128233e-01 
 3.12800000e-05  7.51952752e-01  4.72304959e-01  4.72304959e-01  4.72304959e-01  4.72304959e-01 
 3.22800000e-05  7.52014335e-01  4.70499649e-01  4.70499649e-01  4.70499649e-01  4.70499649e-01 
 3.32800000e-05  7.52075839e-01  4.68712348e-01  4.68712348e-01  4.68712348e-01  4.68712348e-01 
 3.42800000e-05  7.52137261e-01  4.66943090e-01  4.66943090e-01  4.66943090e-01  4.66943090e-01 
 3.52800000e-05  7.52198598e-01  4.65191904e-01  4.65191904e-01  4.65191904e-01  4.65191904e-01 
 3.62800000e-05  7.52259849e-01  4.63458809e-01  4.63458809e-01  4.63458809e-01  4.63458809e-01 
 3.72800000e-05  7.52321010e-01  4.61743816e-01  4.61743816e-01  4.61743816e-01  4.61743816e-01 
 3.82800000e-05  7.52382080e-01  4.60046927e-01  4.60046927e-01  4.60046927e-01  4.60046927e-01 
 3.92800000e-05  7.52443056e-01  4.58368137e-01  4.58368137e-01  4.58368137e-01  4.58368137e-01 
 4.02800000e-05  7.52503935e-01  4.56707433e-01  4.56707433e-01  4.56707433e-01  4.56707433e-01 
 4.12800000e-05  7.52564716e-01  4.55064792e-01  4.55064792e-01  4.55064792e-01  4.55064792e-01 
 4.22800000e-05  7.52625395e-01  4.53440186e-01  4.53440186e-01  4.53440186e-01  4.53440186e-01 
 4.32800000e-05  7.52685970e-01  4.51833577e-01  4.51833577e-01  4.51833577e-01  4.51833577e-01 
 4.42800000e-05  7.52746440e-01  4.50244920e-01  4.50244920e-01  4.50244920e-01  4.50244920e-01 
 4.52800000e-05  7.52806801e-01  4.48674162e-01  4.48674162e-01  4.48674162e-01  4.48674162e-01 
 4.62800000e-05  7.52867051e-01  4.47121245e-01  4.47121245e-01  4.47121245e-01  4.47121245e-01 
 4.72800000e-05  7.52927189e-01  4.45586100e-01  4.45586100e-01  4.45586100e-01  4.45586100e-01 
 4.82800000e-05  7.52987210e-01  4.44068653e-01  4.44068653e-01  4.44068653e-01  4.44068653e-01 
 4.92800000e-05  7.53047114e-01  4.42568825e-01  4.42568825e-01  4.42568825e-01  4.42568825e-01 
 5.02800000e-05  7.53106897e-01  4.41086528e-01  4.41086528e-01  4.41086528e-01  4.41086528e-01 
 5.12800000e-05  7.53166558e-01  4.39621668e-01  4.39621668e-01  4.39621668e-01  4.39621668e-01 
 5.22800000e-05  7.53226093e-01  4.38174145e-01  4.38174145e-01  4.38174145e-01  4.38174145e-01 
 5.32800000e-05  7.53285502e-01  4.36743855e-01  4.36743855e-01  4.36743855e-01  4.36743855e-01 
 5.42800000e-05  7.53344780e-01  4.35330686e-01  4.35330686e-01  4.35330686e-01  4.35330686e-01 
 5.52800000e-05  7.53403927e-01  4.33934522e-01  4.33934522e-01  4.33934522e-01  4.33934522e-01 
 5.62800000e-05  7.53462939e-01  4.32555242e-01  4.32555242e-01  4.32555242e-01  4.32555242e-01 
 5.72800000e-05  7.53521814e-01  4.31192720e-01  4.31192720e-01  4.31192720e-01  4.31192720e-01 
 5.82800000e-05  7.53580551e-01  4.29846825e-01  4.29846825e-01  4.29846825e-01  4.29846825e-01 
 5.92800000e-05  7.53639146e-01  4.28517422e-01  4.28517422e-01  4.28517422e-01  4.28517422e-01 
 6.02800000e-05  7.53697597e-01  4.27204374e-01  4.27204374e-01  4.27204374e-01  4.27204374e-01 
 6.12800000e-05  7.53755903e-01  4.25907537e-01  4.25907537e-01  4.25907537e-01  4.25907537e-01 
 6.22800000e-05  7.53814060e-01  4.24626766e-01  4.24626766e-01  4.24626766e-01  4.24626766e-01 
 6.32800000e-05  7.53872066e-01  4.23361913e-01  4.23361913e-01  4.23361913e-01  4.23361913e-01 
 6.42800000e-05  7.53929920e-01  4.22112826e-01  4.22112826e-01  4.22112826e-01  4.22112826e-01 
 6.52800000e-05  7.53987619e-01  4.20879350e-01  4.20879350e-01  4.20879350e-01  4.20879350e-01 
 6.62800000e-05  7.54045160e-01  4.19661330e-01  4.19661330e-01  4.19661330e-01  4.19661330e-01 
 6.72800000e-05  7.54102541e-01  4.18458606e-01  4.18458606e-01  4.18458606e-01  4.18458606e-01 
 6.82800000e-05  7.54159761e-01  4.17271019e-01  4.17271019e-01  4.17271019e-01  4.17271019e-01 
 6.92800000e-05  7.54216816e-01  4.16098406e-01  4.16098406e-01  4.16098406e-01  4.16098406e-01 
 7.02800000e-05  7.54273705e-01  4.14940604e-01  4.14940604e-01  4.14940604e-01  4.14940604e-01 
 7.12800000e-05  7.54330425e-01  4.13797449e-01  4.13797449e-01  4.13797449e-01  4.13797449e-01 
 7.22800000e-05  7.54386974e-01  4.12668775e-01  4.12668775e-01  4.12668775e-01  4.12668775e-01 
 7.32800000e-05  7.54443350e-01  4.11554417e-01  4.11554417e-01  4.11554417e-01  4.11554417e-01 
 7.42800000e-05  7.54499550e-01  4.10454207e-01  4.10454207e-01  4.10454207e-01  4.10454207e-01 
 7.52800000e-05  7.54555573e-01  4.09367980e-01  4.09367980e-01  4.09367980e-01  4.09367980e-01 
 7.62800000e-05  7.54611416e-01  4.08295568e-01  4.08295568e-01  4.08295568e-01  4.08295568e-01 
 7.72800000e-05  7.54667077e-01  4.07236803e-01  4.07236803e-01  4.07236803e-01  4.07236803e-01 
 7.82800000e-05  7.54722554e-01  4.06191521e-01  4.06191521e-01  4.06191521e-01  4.06191521e-01 
 7.92800000e-05  7.54777844e-01  4.05159553e-01  4.05159553e-01  4.05159553e-01  4.05159553e-01 
 8.02800000e-05  7.54832946e-01  4.04140734e-01  4.04140734e-01  4.04140734e-01  4.04140734e-01 
 8.12800000e-05  7.54887857e-01  4.03134900e-01  4.03134900e-01  4.03134900e-01  4.03134900e-01 
 8.22800000e-05  7.54942575e-01  4.02141885e-01  4.02141885e-01  4.02141885e-01  4.02141885e-01 
 8.32800000e-05  7.54997098e-01  4.01161527e-01  4.01161527e-01  4.01161527e-01  4.01161527e-01 
 8.42800000e-05  7.55051423e-01  4.00193662e-01  4.00193662e-01  4.00193662e-01  4.00193662e-01 
 8.52800000e-05  7.55105549e-01  3.99238130e-01  3.99238130e-01  3.99238130e-01  3.99238130e-01 
 8.62800000e-05  7.55159474e-01  3.98294770e-01  3.98294770e-01  3.98294770e-01  3.98294770e-01 
 8.72800000e-05  7.55213195e-01  3.97363424e-01  3.97363424e-01  3.97363424e-01  3.97363424e-01 
 8.82800000e-05  7.55266710e-01  3.96443934e-01  3.96443934e-01  3.96443934e-01  3.96443934e-01 
 8.92800000e-05  7.55320017e-01  3.95536144e-01  3.95536144e-01  3.95536144e-01  3.95536144e-01 
 9.02800000e-05  7.55373114e-01  3.94639900e-01  3.94639900e-01  3.94639900e-01  3.94639900e-01 
 9.12800000e-05  7.55425999e-01  3.93755050e-01  3.93755050e-01  3.93755050e-01  3.93755050e-01 
 9.22800000e-05  7.55478670e-01  3.92881441e-01  3.92881441e-01  3.92881441e-01  3.92881441e-01 
 9.32800000e-05  7.55531124e-01  3.92018926e-01  3.92018926e-01  3.92018926e-01  3.92018926e-01 
 9.42800000e-05  7.55583360e-01  3.91167357e-01  3.91167357e-01  3.91167357e-01  3.91167357e-01 
 9.52800000e-05  7.55635376e-01  3.90326587e-01  3.90326587e-01  3.90326587e-01  3.90326587e-01 
 9.62800000e-05  7.55687169e-01  3.89496473e-01  3.89496473e-01  3.89496473e-01  3.89496473e-01 
 9.72800000e-05  7.55738738e-01  3.88676873e-01  3.88676873e-01  3.88676873e-01  3.88676873e-01 
 9.82800000e-05  7.55790080e-01  3.87867648e-01  3.87867648e-01  3.87867648e-01  3.87867648e-01 
 9.92800000e-05  7.55841193e-01  3.87068659e-01  3.87068659e-01  3.87068659e-01  3.87068659e-01 
 1.00280000e-04  7.55892076e-01  3.86279769e-01  3.86279769e-01  3.86279769e-01  3.86279769e-01 
 1.01280000e-04  7.55942727e-01  3.85500846e-01  3.85500846e-01  3.85500846e-01  3.85500846e-01 
 1.02280000e-04  7.55993142e-01  3.84731756e-01  3.84731756e-01  3.84731756e-01  3.84731756e-01 
 1.03280000e-04  7.56043322e-01  3.83972370e-01  3.83972370e-01  3.83972370e-01  3.83972370e-01 
 1.04280000e-04  7.56093262e-01  3.83222560e-01  3.83222560e-01  3.83222560e-01  3.83222560e-01 
 1.05280000e-04  7.56142962e-01  3.82482199e-01  3.82482199e-01  3.82482199e-01  3.82482199e-01 
 1.06280000e-04  7.56192420e-01  3.81751163e-01  3.81751163e-01  3.81751163e-01  3.81751163e-01 
 1.07280000e-04  7.56241633e-01  3.81029331e-01  3.81029331e-01  3.81029331e-01  3.81029331e-01 
 1.08280000e-04  7.56290599e-01  3.80316582e-01  3.80316582e-01  3.80316582e-01  3.80316582e-01 
 1.09280000e-04  7.56339318e-01  3.79612799e-01  3.79612799e-01  3.79612799e-01  3.79612799e-01 
 1.10280000e-04  7.56387786e-01  3.78917864e-01  3.78917864e-01  3.78917864e-01  3.78917864e-01 
 1.11280000e-04  7.56436001e-01  3.78231665e-01  3.78231665e-01  3.78231665e-01  3.78231665e-01 
 1.12280000e-04  7.56483963e-01  3.77554088e-01  3.77554088e-01  3.77554088e-01  3.77554088e-01 
 1.13280000e-04  7.56531669e-01  3.76885024e-01  3.76885024e-01  3.76885024e-01  3.76885024e-01 
 1.14280000e-04  7.56579117e-01  3.76224364e-01  3.76224364e-01  3.76224364e-01  3.76224364e-01 
 1.15280000e-04  7.56626305e-01  3.75572002e-01  3.75572002e-01  3.75572002e-01  3.75572002e-01 
 1.16280000e-04  7.56673232e-01  3.74927834e-01  3.74927834e-01  3.74927834e-01  3.74927834e-01 
 1.17280000e-04  7.56719895e-01  3.74291757e-01  3.74291757e-01  3.74291757e-01  3.74291757e-01 
 1.18280000e-04  7.56766293e-01  3.73663670e-01  3.73663670e-01  3.73663670e-01  3.73663670e-01 
 1.19280000e-04  7.56812423e-01  3.73043475e-01  3.73043475e-01  3.73043475e-01  3.73043475e-01 
 1.20280000e-04  7.56858285e-01  3.72431073e-01  3.72431073e-01  3.72431073e-01  3.72431073e-01 
 1.21280000e-04  7.56903876e-01  3.71826371e-01  3.71826371e-01  3.71826371e-01  3.71826371e-01 
 1.22280000e-04  7.56949195e-01  3.71229274e-01  3.71229274e-01  3.71229274e-01  3.71229274e-01 
 1.23280000e-04  7.56994239e-01  3.70639692e-01  3.70639692e-01  3.70639692e-01  3.70639692e-01 
 1.24280000e-04  7.57039007e-01  3.70057532e-01  3.70057532e-01  3.70057532e-01  3.70057532e-01 
 1.25280000e-04  7.57083497e-01  3.69482709e-01  3.69482709e-01  3.69482709e-01  3.69482709e-01 
 1.26280000e-04  7.57127707e-01  3.68915134e-01  3.68915134e-01  3.68915134e-01  3.68915134e-01 
 1.27280000e-04  7.57171637e-01  3.68354722e-01  3.68354722e-01  3.68354722e-01  3.68354722e-01 
 1.28280000e-04  7.57215282e-01  3.67801392e-01  3.67801392e-01  3.67801392e-01  3.67801392e-01 
 1.29280000e-04  7.57258644e-01  3.67255059e-01  3.67255059e-01  3.67255059e-01  3.67255059e-01 
 1.30280000e-04  7.57301718e-01  3.66715645e-01  3.66715645e-01  3.66715645e-01  3.66715645e-01 
 1.31280000e-04  7.57344504e-01  3.66183071e-01  3.66183071e-01  3.66183071e-01  3.66183071e-01 
 1.32280000e-04  7.57387001e-01  3.65657259e-01  3.65657259e-01  3.65657259e-01  3.65657259e-01 
 1.33280000e-04  7.57429206e-01  3.65138135e-01  3.65138135e-01  3.65138135e-01  3.65138135e-01 
 1.34280000e-04  7.57471117e-01  3.64625623e-01  3.64625623e-01  3.64625623e-01  3.64625623e-01 
 1.35280000e-04  7.57512733e-01  3.64119651e-01  3.64119651e-01  3.64119651e-01  3.64119651e-01 
 1.36280000e-04  7.57554053e-01  3.63620148e-01  3.63620148e-01  3.63620148e-01  3.63620148e-01 
 1.37280000e-04  7.57595075e-01  3.63127044e-01  3.63127044e-01  3.63127044e-01  3.63127044e-01 
 1.38280000e-04  7.57635797e-01  3.62640270e-01  3.62640270e-01  3.62640270e-01  3.62640270e-01 
 1.39280000e-04  7.57676217e-01  3.62159759e-01  3.62159759e-01  3.62159759e-01  3.62159759e-01 
 1.40280000e-04  7.57716335e-01  3.61685446e-01  3.61685446e-01  3.61685446e-01  3.61685446e-01 
 1.41280000e-04  7.57756147e-01  3.61217266e-01  3.61217266e-01  3.61217266e-01  3.61217266e-01 
 1.42280000e-04  7.57795654e-01  3.60755155e-01  3.60755155e-01  3.60755155e-01  3.60755155e-01 
 1.43280000e-04  7.57834853e-01  3.60299052e-01  3.60299052e-01  3.60299052e-01  3.60299052e-01 
 1.44280000e-04  7.57873742e-01  3.59848896e-01  3.59848896e-01  3.59848896e-01  3.59848896e-01 
 1.45280000e-04  7.57912321e-01  3.59404627e-01  3.59404627e-01  3.59404627e-01  3.59404627e-01 
 1.46280000e-04  7.57950587e-01  3.58966187e-01  3.58966187e-01  3.58966187e-01  3.58966187e-01 
 1.47280000e-04  7.57988539e-01  3.58533519e-01  3.58533519e-01  3.58533519e-01  3.58533519e-01 
 1.48280000e-04  7.58026176e-01  3.58106567e-01  3.58106567e-01  3.58106567e-01  3.58106567e-01 
 1.49280000e-04  7.58063496e-01  3.57685276e-01  3.57685276e-01  3.57685276e-01  3.57685276e-01 
 1.50280000e-04  7.58100498e-01  3.57269592e-01  3.57269592e-01  3.57269592e-01  3.57269592e-01 
 1.51280000e-04  7.58137180e-01  3.56859462e-01  3.56859462e-01  3.56859462e-01  3.56859462e-01 
 1.52280000e-04  7.58173541e-01  3.56454835e-01  3.56454835e-01  3.56454835e-01  3.56454835e-01 
 1.53280000e-04  7.58209579e-01  3.56055660e-01  3.56055660e-01  3.56055660e-01  3.56055660e-01 
 1.54280000e-04  7.58245293e-01  3.55661888e-01  3.55661888e-01  3.55661888e-01  3.55661888e-01 
 1.55280000e-04  7.58280682e-01  3.55273470e-01  3.55273470e-01  3.55273470e-01  3.55273470e-01 
 1.56280000e-04  7.58315743e-01  3.54889527e-01  3.54889527e-01  3.54889527e-01  3.54889527e-01 
 1.57280000e-04  7.58350476e-01  3.54511672e-01  3.54511672e-01  3.54511672e-01  3.54511672e-01 
 1.58280000e-04  7.58384880e-01  3.54139846e-01  3.54139846e-01  3.54139846e-01  3.54139846e-01 
 1.59280000e-04  7.58418953e-01  3.53772405e-01  3.53772405e-01  3.53772405e-01  3.53772405e-01 
 1.60280000e-04  7.58452693e-01  3.53410055e-01  3.53410055e-01  3.53410055e-01  3.53410055e-01 
 1.61280000e-04  7.58486099e-01  3.53052794e-01  3.53052794e-01  3.53052794e-01  3.53052794e-01 
 1.62280000e-04  7.58519171e-01  3.52700574e-01  3.52700574e-01  3.52700574e-01  3.52700574e-01 
 1.63280000e-04  7.58551906e-01  3.52353353e-01  3.52353353e-01  3.52353353e-01  3.52353353e-01 
 1.64280000e-04  7.58584304e-01  3.52011091e-01  3.52011091e-01  3.52011091e-01  3.52011091e-01 
 1.65280000e-04  7.58616362e-01  3.51673748e-01  3.51673748e-01  3.51673748e-01  3.51673748e-01 
 1.66280000e-04  7.58648081e-01  3.51341287e-01  3.51341287e-01  3.51341287e-01  3.51341287e-01 
 1.67280000e-04  7.58679458e-01  3.51013668e-01  3.51013668e-01  3.51013668e-01  3.51013668e-01 
 1.68280000e-04  7.58710493e-01  3.50690261e-01  3.50690261e-01  3.50690261e-01  3.50690261e-01 
 1.69280000e-04  7.58741183e-01  3.50372792e-01  3.50372792e-01  3.50372792e-01  3.50372792e-01 
 1.70280000e-04  7.58771529e-01  3.50059506e-01  3.50059506e-01  3.50059506e-01  3.50059506e-01 
 1.71280000e-04  7.58801528e-01  3.49750892e-01  3.49750892e-01  3.49750892e-01  3.49750892e-01 
 1.72280000e-04  7.58831180e-01  3.49446946e-01  3.49446946e-01  3.49446946e-01  3.49446946e-01 
 1.73280000e-04  7.58860483e-01  3.49147633e-01  3.49147633e-01  3.49147633e-01  3.49147633e-01 
 1.74280000e-04  7.58889436e-01  3.48852918e-01  3.48852918e-01  3.48852918e-01  3.48852918e-01 
 1.75280000e-04  7.58918038e-01  3.48562288e-01  3.48562288e-01  3.48562288e-01  3.48562288e-01 
 1.76280000e-04  7.58946289e-01  3.48276677e-01  3.48276677e-01  3.48276677e-01  3.48276677e-01 
 1.77280000e-04  7.58974186e-01  3.47996039e-01  3.47996039e-01  3.47996039e-01  3.47996039e-01 
 1.78280000e-04  7.59001729e-01  3.47719422e-01  3.47719422e-01  3.47719422e-01  3.47719422e-01 
 1.79280000e-04  7.59028916e-01  3.47447233e-01  3.47447233e-01  3.47447233e-01  3.47447233e-01 
 1.80280000e-04  7.59055747e-01  3.47179464e-01  3.47179464e-01  3.47179464e-01  3.47179464e-01 
 1.81280000e-04  7.59082221e-01  3.46916084e-01  3.46916084e-01  3.46916084e-01  3.46916084e-01 
 1.82280000e-04  7.59108336e-01  3.46656680e-01  3.46656680e-01  3.46656680e-01  3.46656680e-01 
 1.83280000e-04  7.59134091e-01  3.46401998e-01  3.46401998e-01  3.46401998e-01  3.46401998e-01 
 1.84280000e-04  7.59159486e-01  3.46151997e-01  3.46151997e-01  3.46151997e-01  3.46151997e-01 
 1.85280000e-04  7.59184519e-01  3.45905916e-01  3.45905916e-01  3.45905916e-01  3.45905916e-01 
 1.86280000e-04  7.59209190e-01  3.45664078e-01  3.45664078e-01  3.45664078e-01  3.45664078e-01 
 1.87280000e-04  7.59233497e-01  3.45426152e-01  3.45426152e-01  3.45426152e-01  3.45426152e-01 
 1.88280000e-04  7.59257439e-01  3.45193073e-01  3.45193073e-01  3.45193073e-01  3.45193073e-01 
 1.89280000e-04  7.59281016e-01  3.44963576e-01  3.44963576e-01  3.44963576e-01  3.44963576e-01 
 1.90280000e-04  7.59304227e-01  3.44738822e-01  3.44738822e-01  3.44738822e-01  3.44738822e-01 
 1.91280000e-04  7.59327070e-01  3.44517929e-01  3.44517929e-01  3.44517929e-01  3.44517929e-01 
 1.92280000e-04  7.59349545e-01  3.44300871e-01  3.44300871e-01  3.44300871e-01  3.44300871e-01 
 1.93280000e-04  7.59371651e-01  3.44088444e-01  3.44088444e-01  3.44088444e-01  3.44088444e-01 
 1.94280000e-04  7.59393387e-01  3.43879590e-01  3.43879590e-01  3.43879590e-01  3.43879590e-01 
 1.95280000e-04  7.59414753e-01  3.43675034e-01  3.43675034e-01  3.43675034e-01  3.43675034e-01 
 1.96280000e-04  7.59435746e-01  3.43474755e-01  3.43474755e-01  3.43474755e-01  3.43474755e-01 
 1.97280000e-04  7.59456367e-01  3.43278036e-01  3.43278036e-01  3.43278036e-01  3.43278036e-01 
 1.98280000e-04  7.59476615e-01  3.43085530e-01  3.43085530e-01  3.43085530e-01  3.43085530e-01 
 1.99280000e-04  7.59496488e-01  3.42897216e-01  3.42897216e-01  3.42897216e-01  3.42897216e-01 
 2.00280000e-04  7.59515987e-01  3.42712460e-01  3.42712460e-01  3.42712460e-01  3.42712460e-01 
 2.01280000e-04  7.59535110e-01  3.42532025e-01  3.42532025e-01  3.42532025e-01  3.42532025e-01 
 2.02280000e-04  7.59553856e-01  3.42355335e-01  3.42355335e-01  3.42355335e-01  3.42355335e-01 
 2.03280000e-04  7.59572226e-01  3.42182375e-01  3.42182375e-01  3.42182375e-01  3.42182375e-01 
 2.04280000e-04  7.59590217e-01  3.42013648e-01  3.42013648e-01  3.42013648e-01  3.42013648e-01 
 2.05280000e-04  7.59607830e-01  3.41848638e-01  3.41848638e-01  3.41848638e-01  3.41848638e-01 
 2.06280000e-04  7.59625064e-01  3.41687483e-01  3.41687483e-01  3.41687483e-01  3.41687483e-01 
 2.07280000e-04  7.59641917e-01  3.41530034e-01  3.41530034e-01  3.41530034e-01  3.41530034e-01 
 2.08280000e-04  7.59658390e-01  3.41376562e-01  3.41376562e-01  3.41376562e-01  3.41376562e-01 
 2.09280000e-04  7.59674482e-01  3.41226915e-01  3.41226915e-01  3.41226915e-01  3.41226915e-01 
 2.10280000e-04  7.59690192e-01  3.41081071e-01  3.41081071e-01  3.41081071e-01  3.41081071e-01 
 2.11280000e-04  7.59705519e-01  3.40939018e-01  3.40939018e-01  3.40939018e-01  3.40939018e-01 
 2.12280000e-04  7.59720463e-01  3.40800743e-01  3.40800743e-01  3.40800743e-01  3.40800743e-01 
 2.13280000e-04  7.59735023e-01  3.40666234e-01  3.40666234e-01  3.40666234e-01  3.40666234e-01 
 2.14280000e-04  7.59749199e-01  3.40535478e-01  3.40535478e-01  3.40535478e-01  3.40535478e-01 
 2.15280000e-04  7.59762990e-01  3.40408464e-01  3.40408464e-01  3.40408464e-01  3.40408464e-01 
 2.16280000e-04  7.59776396e-01  3.40285180e-01  3.40285180e-01  3.40285180e-01  3.40285180e-01 
 2.17280000e-04  7.59789416e-01  3.40165615e-01  3.40165615e-01  3.40165615e-01  3.40165615e-01 
 2.18280000e-04  7.59802049e-01  3.40049759e-01  3.40049759e-01  3.40049759e-01  3.40049759e-01 
 2.19280000e-04  7.59814295e-01  3.39937600e-01  3.39937600e-01  3.39937600e-01  3.39937600e-01 
 2.20280000e-04  7.59826154e-01  3.39829197e-01  3.39829197e-01  3.39829197e-01  3.39829197e-01 
 2.21280000e-04  7.59837625e-01  3.39724338e-01  3.39724338e-01  3.39724338e-01  3.39724338e-01 
 2.22280000e-04  7.59848707e-01  3.39623212e-01  3.39623212e-01  3.39623212e-01  3.39623212e-01 
 2.23280000e-04  7.59859401e-01  3.39525749e-01  3.39525749e-01  3.39525749e-01  3.39525749e-01 
 2.24280000e-04  7.59869705e-01  3.39431987e-01  3.39431987e-01  3.39431987e-01  3.39431987e-01 
 2.25280000e-04  7.59879620e-01  3.39341816e-01  3.39341816e-01  3.39341816e-01  3.39341816e-01 
 2.26280000e-04  7.59889145e-01  3.39255234e-01  3.39255234e-01  3.39255234e-01  3.39255234e-01 
 2.27280000e-04  7.59898279e-01  3.39172327e-01  3.39172327e-01  3.39172327e-01  3.39172327e-01 
 2.28280000e-04  7.59907023e-01  3.39093077e-01  3.39093077e-01  3.39093077e-01  3.39093077e-01 
 2.29280000e-04  7.59915376e-01  3.39017402e-01  3.39017402e-01  3.39017402e-01  3.39017402e-01 
 2.30280000e-04  7.59923337e-01  3.38945302e-01  3.38945302e-01  3.38945302e-01  3.38945302e-01 
 2.31280000e-04  7.59930906e-01  3.38876836e-01  3.38876836e-01  3.38876836e-01  3.38876836e-01 
 2.32280000e-04  7.59938083e-01  3.38811965e-01  3.38811965e-01  3.38811965e-01  3.38811965e-01 
 2.33280000e-04  7.59944868e-01  3.38750682e-01  3.38750682e-01  3.38750682e-01  3.38750682e-01 
 2.34280000e-04  7.59951260e-01  3.38692984e-01  3.38692984e-01  3.38692984e-01  3.38692984e-01 
 2.35280000e-04  7.59957260e-01  3.38638863e-01  3.38638863e-01  3.38638863e-01  3.38638863e-01 
 2.36280000e-04  7.59962866e-01  3.38588317e-01  3.38588317e-01  3.38588317e-01  3.38588317e-01 
 2.37280000e-04  7.59968079e-01  3.38541340e-01  3.38541340e-01  3.38541340e-01  3.38541340e-01 
 2.38280000e-04  7.59972899e-01  3.38497929e-01  3.38497929e-01  3.38497929e-01  3.38497929e-01 
 2.39280000e-04  7.59977325e-01  3.38458079e-01  3.38458079e-01  3.38458079e-01  3.38458079e-01 
 2.40280000e-04  7.59981357e-01  3.38421795e-01  3.38421795e-01  3.38421795e-01  3.38421795e-01 
 2.41280000e-04  7.59984994e-01  3.38389051e-01  3.38389051e-01  3.38389051e-01  3.38389051e-01 
 2.42280000e-04  7.59988238e-01  3.38359871e-01  3.38359871e-01  3.38359871e-01  3.38359871e-01 
 2.43280000e-04  7.59991087e-01  3.38334232e-01  3.38334232e-01  3.38334232e-01  3.38334232e-01 
 2.44280000e-04  7.59993542e-01  3.38312145e-01  3.38312145e-01  3.38312145e-01  3.38312145e-01 
 2.45280000e-04  7.59995603e-01  3.38293604e-01  3.38293604e-01  3.38293604e-01  3.38293604e-01 
 2.46280000e-04  7.59997269e-01  3.38278607e-01  3.38278607e-01  3.38278607e-01  3.38278607e-01 
 2.47280000e-04  7.59998540e-01  3.38267153e-01  3.38267153e-01  3.38267153e-01  3.38267153e-01 
 2.48280000e-04  7.59999416e-01  3.38259241e-01  3.38259241e-01  3.38259241e-01  3.38259241e-01 
 2.49280000e-04  7.59999898e-01  3.38254869e-01  3.38254869e-01  3.38254869e-01  3.38254869e-01 
 2.50280000e-04  7.59999985e-01  3.38254039e-01  3.38254039e-01  3.38254039e-01  3.38254039e-01 
 2.51280000e-04  7.59999677e-01  3.38256749e-01  3.38256749e-01  3.38256749e-01  3.38256749e-01 
 2.52280000e-04  7.59998974e-01  3.38263000e-01  3.38263000e-01  3.38263000e-01  3.38263000e-01 
 2.53280000e-04  7.59997876e-01  3.38272792e-01  3.38272792e-01  3.38272792e-01  3.38272792e-01 
 2.54280000e-04  7.59996384e-01  3.38286127e-01  3.38286127e-01  3.38286127e-01  3.38286127e-01 
 2.55280000e-04  7.59994498e-01  3.38303005e-01  3.38303005e-01  3.38303005e-01  3.38303005e-01 
 2.56280000e-04  7.59992216e-01  3.38323428e-01  3.38323428e-01  3.38323428e-01  3.38323428e-01 
 2.57280000e-04  7.59989540e-01  3.38347398e-01  3.38347398e-01  3.38347398e-01  3.38347398e-01 
 2.58280000e-04  7.59986470e-01  3.38374916e-01  3.38374916e-01  3.38374916e-01  3.38374916e-01 
 2.59280000e-04  7.59983006e-01  3.38405985e-01  3.38405985e-01  3.38405985e-01  3.38405985e-01 
 2.60280000e-04  7.59979147e-01  3.38440614e-01  3.38440614e-01  3.38440614e-01  3.38440614e-01 
 2.61280000e-04  7.59974895e-01  3.38478787e-01  3.38478787e-01  3.38478787e-01  3.38478787e-01 
 2.62280000e-04  7.59970248e-01  3.38520536e-01  3.38520536e-01  3.38520536e-01  3.38520536e-01 
 2.63280000e-04  7.59965208e-01  3.38565841e-01  3.38565841e-01  3.38565841e-01  3.38565841e-01 
 2.64280000e-04  7.59959775e-01  3.38614713e-01  3.38614713e-01  3.38614713e-01  3.38614713e-01 
 2.65280000e-04  7.59953949e-01  3.38667141e-01  3.38667141e-01  3.38667141e-01  3.38667141e-01 
 2.66280000e-04  7.59947729e-01  3.38723159e-01  3.38723159e-01  3.38723159e-01  3.38723159e-01 
 2.67280000e-04  7.59941117e-01  3.38782757e-01  3.38782757e-01  3.38782757e-01  3.38782757e-01 
 2.68280000e-04  7.59934112e-01  3.38845942e-01  3.38845942e-01  3.38845942e-01  3.38845942e-01 
 2.69280000e-04  7.59926715e-01  3.38912719e-01  3.38912719e-01  3.38912719e-01  3.38912719e-01 
 2.70280000e-04  7.59918927e-01  3.38983093e-01  3.38983093e-01  3.38983093e-01  3.38983093e-01 
 2.71280000e-04  7.59910746e-01  3.39057070e-01  3.39057070e-01  3.39057070e-01  3.39057070e-01 
 2.72280000e-04  7.59902175e-01  3.39134658e-01  3.39134658e-01  3.39134658e-01  3.39134658e-01 
 2.73280000e-04  7.59893212e-01  3.39215862e-01  3.39215862e-01  3.39215862e-01  3.39215862e-01 
 2.74280000e-04  7.59883859e-01  3.39300689e-01  3.39300689e-01  3.39300689e-01  3.39300689e-01 
 2.75280000e-04  7.59874116e-01  3.39389149e-01  3.39389149e-01  3.39389149e-01  3.39389149e-01 
 2.76280000e-04  7.59863983e-01  3.39481247e-01  3.39481247e-01  3.39481247e-01  3.39481247e-01 
 2.77280000e-04  7.59853460e-01  3.39576992e-01  3.39576992e-01  3.39576992e-01  3.39576992e-01 
 2.78280000e-04  7.59842549e-01  3.39676450e-01  3.39676450e-01  3.39676450e-01  3.39676450e-01 
 2.79280000e-04  7.59831249e-01  3.39779460e-01  3.39779460e-01  3.39779460e-01  3.39779460e-01 
 2.80280000e-04  7.59819561e-01  3.39886196e-01  3.39886196e-01  3.39886196e-01  3.39886196e-01 
 2.81280000e-04  7.59807485e-01  3.39996618e-01  3.39996618e-01  3.39996618e-01  3.39996618e-01 
 2.82280000e-04  7.59795022e-01  3.40110733e-01  3.40110733e-01  3.40110733e-01  3.40110733e-01 
 2.83280000e-04  7.59782172e-01  3.40228550e-01  3.40228550e-01  3.40228550e-01  3.40228550e-01 
 2.84280000e-04  7.59768936e-01  3.40350081e-01  3.40350081e-01  3.40350081e-01  3.40350081e-01 
 2.85280000e-04  7.59755315e-01  3.40475336e-01  3.40475336e-01  3.40475336e-01  3.40475336e-01 
 2.86280000e-04  7.59741308e-01  3.40604327e-01  3.40604327e-01  3.40604327e-01  3.40604327e-01 
 2.87280000e-04  7.59726917e-01  3.40737065e-01  3.40737065e-01  3.40737065e-01  3.40737065e-01 
 2.88280000e-04  7.59712142e-01  3.40873562e-01  3.40873562e-01  3.40873562e-01  3.40873562e-01 
 2.89280000e-04  7.59696983e-01  3.41013832e-01  3.41013832e-01  3.41013832e-01  3.41013832e-01 
 2.90280000e-04  7.59681441e-01  3.41157886e-01  3.41157886e-01  3.41157886e-01  3.41157886e-01 
 2.91280000e-04  7.59665518e-01  3.41305863e-01  3.41305863e-01  3.41305863e-01  3.41305863e-01 
 2.92280000e-04  7.59649212e-01  3.41457536e-01  3.41457536e-01  3.41457536e-01  3.41457536e-01 
 2.93280000e-04  7.59632526e-01  3.41612891e-01  3.41612891e-01  3.41612891e-01  3.41612891e-01 
 2.94280000e-04  7.59615460e-01  3.41772361e-01  3.41772361e-01  3.41772361e-01  3.41772361e-01 
 2.95280000e-04  7.59598014e-01  3.41935402e-01  3.41935402e-01  3.41935402e-01  3.41935402e-01 
 2.96280000e-04  7.59580189e-01  3.42102447e-01  3.42102447e-01  3.42102447e-01  3.42102447e-01 
 2.97280000e-04  7.59561986e-01  3.42273385e-01  3.42273385e-01  3.42273385e-01  3.42273385e-01 
 2.98280000e-04  7.59543405e-01  3.42448222e-01  3.42448222e-01  3.42448222e-01  3.42448222e-01 
 2.99280000e-04  7.59524447e-01  3.42626977e-01  3.42626977e-01  3.42626977e-01  3.42626977e-01 
 3.00280000e-04  7.59505114e-01  3.42809859e-01  3.42809859e-01  3.42809859e-01  3.42809859e-01 
 3.01280000e-04  7.59485405e-01  3.42996515e-01  3.42996515e-01  3.42996515e-01  3.42996515e-01 
 3.02280000e-04  7.59465322e-01  3.43186925e-01  3.43186925e-01  3.43186925e-01  3.43186925e-01 
 3.03280000e-04  7.59444865e-01  3.43381517e-01  3.43381517e-01  3.43381517e-01  3.43381517e-01 
 3.04280000e-04  7.59424036e-01  3.43580123e-01  3.43580123e-01  3.43580123e-01  3.43580123e-01 
 3.05280000e-04  7.59402834e-01  3.43782754e-01  3.43782754e-01  3.43782754e-01  3.43782754e-01 
 3.06280000e-04  7.59381261e-01  3.43989430e-01  3.43989430e-01  3.43989430e-01  3.43989430e-01 
 3.07280000e-04  7.59359317e-01  3.44200172e-01  3.44200172e-01  3.44200172e-01  3.44200172e-01 
 3.08280000e-04  7.59337005e-01  3.44415265e-01  3.44415265e-01  3.44415265e-01  3.44415265e-01 
 3.09280000e-04  7.59314323e-01  3.44633943e-01  3.44633943e-01  3.44633943e-01  3.44633943e-01 
 3.10280000e-04  7.59291274e-01  3.44856996e-01  3.44856996e-01  3.44856996e-01  3.44856996e-01 
 3.11280000e-04  7.59267858e-01  3.45084212e-01  3.45084212e-01  3.45084212e-01  3.45084212e-01 
 3.12280000e-04  7.59244076e-01  3.45315599e-01  3.45315599e-01  3.45315599e-01  3.45315599e-01 
 3.13280000e-04  7.59219930e-01  3.45551503e-01  3.45551503e-01  3.45551503e-01  3.45551503e-01 
 3.14280000e-04  7.59195419e-01  3.45791328e-01  3.45791328e-01  3.45791328e-01  3.45791328e-01 
 3.15280000e-04  7.59170545e-01  3.46035388e-01  3.46035388e-01  3.46035388e-01  3.46035388e-01 
 3.16280000e-04  7.59145309e-01  3.46283365e-01  3.46283365e-01  3.46283365e-01  3.46283365e-01 
 3.17280000e-04  7.59119712e-01  3.46535967e-01  3.46535967e-01  3.46535967e-01  3.46535967e-01 
 3.18280000e-04  7.59093756e-01  3.46793283e-01  3.46793283e-01  3.46793283e-01  3.46793283e-01 
 3.19280000e-04  7.59067440e-01  3.47054198e-01  3.47054198e-01  3.47054198e-01  3.47054198e-01 
 3.20280000e-04  7.59040766e-01  3.47319839e-01  3.47319839e-01  3.47319839e-01  3.47319839e-01 
 3.21280000e-04  7.59013735e-01  3.47589899e-01  3.47589899e-01  3.47589899e-01  3.47589899e-01 
 3.22280000e-04  7.58986348e-01  3.47864820e-01  3.47864820e-01  3.47864820e-01  3.47864820e-01 
 3.23280000e-04  7.58958607e-01  3.48143795e-01  3.48143795e-01  3.48143795e-01  3.48143795e-01 
 3.24280000e-04  7.58930512e-01  3.48426785e-01  3.48426785e-01  3.48426785e-01  3.48426785e-01 
 3.25280000e-04  7.58902064e-01  3.48714726e-01  3.48714726e-01  3.48714726e-01  3.48714726e-01 
 3.26280000e-04  7.58873265e-01  3.49007236e-01  3.49007236e-01  3.49007236e-01  3.49007236e-01 
 3.27280000e-04  7.58844116e-01  3.49304831e-01  3.49304831e-01  3.49304831e-01  3.49304831e-01 
 3.28280000e-04  7.58814618e-01  3.49606565e-01  3.49606565e-01  3.49606565e-01  3.49606565e-01 
 3.29280000e-04  7.58784771e-01  3.49912928e-01  3.49912928e-01  3.49912928e-01  3.49912928e-01 
 3.30280000e-04  7.58754578e-01  3.50223976e-01  3.50223976e-01  3.50223976e-01  3.50223976e-01 
 3.31280000e-04  7.58724039e-01  3.50539740e-01  3.50539740e-01  3.50539740e-01  3.50539740e-01 
 3.32280000e-04  7.58693156e-01  3.50860254e-01  3.50860254e-01  3.50860254e-01  3.50860254e-01 
 3.33280000e-04  7.58661929e-01  3.51185555e-01  3.51185555e-01  3.51185555e-01  3.51185555e-01 
 3.34280000e-04  7.58630361e-01  3.51515680e-01  3.51515680e-01  3.51515680e-01  3.51515680e-01 
 3.35280000e-04  7.58598451e-01  3.51850665e-01  3.51850665e-01  3.51850665e-01  3.51850665e-01 
 3.36280000e-04  7.58566203e-01  3.52189893e-01  3.52189893e-01  3.52189893e-01  3.52189893e-01 
 3.37280000e-04  7.58533616e-01  3.52535351e-01  3.52535351e-01  3.52535351e-01  3.52535351e-01 
 3.38280000e-04  7.58500692e-01  3.52885178e-01  3.52885178e-01  3.52885178e-01  3.52885178e-01 
 3.39280000e-04  7.58467433e-01  3.53239993e-01  3.53239993e-01  3.53239993e-01  3.53239993e-01 
 3.40280000e-04  7.58433839e-01  3.53599873e-01  3.53599873e-01  3.53599873e-01  3.53599873e-01 
 3.41280000e-04  7.58399913e-01  3.53964101e-01  3.53964101e-01  3.53964101e-01  3.53964101e-01 
 3.42280000e-04  7.58365655e-01  3.54334959e-01  3.54334959e-01  3.54334959e-01  3.54334959e-01 
 3.43280000e-04  7.58331066e-01  3.54710310e-01  3.54710310e-01  3.54710310e-01  3.54710310e-01 
 3.44280000e-04  7.58296149e-01  3.55090859e-01  3.55090859e-01  3.55090859e-01  3.55090859e-01 
 3.45280000e-04  7.58260904e-01  3.55476695e-01  3.55476695e-01  3.55476695e-01  3.55476695e-01 
 3.46280000e-04  7.58225333e-01  3.55867861e-01  3.55867861e-01  3.55867861e-01  3.55867861e-01 
 3.47280000e-04  7.58189438e-01  3.56263516e-01  3.56263516e-01  3.56263516e-01  3.56263516e-01 
 3.48280000e-04  7.58153219e-01  3.56666340e-01  3.56666340e-01  3.56666340e-01  3.56666340e-01 
 3.49280000e-04  7.58116678e-01  3.57073821e-01  3.57073821e-01  3.57073821e-01  3.57073821e-01 
 3.50280000e-04  7.58079817e-01  3.57485826e-01  3.57485826e-01  3.57485826e-01  3.57485826e-01 
 3.51280000e-04  7.58042636e-01  3.57905300e-01  3.57905300e-01  3.57905300e-01  3.57905300e-01 
 3.52280000e-04  7.58005139e-01  3.58329522e-01  3.58329522e-01  3.58329522e-01  3.58329522e-01 
 3.53280000e-04  7.57967325e-01  3.58759384e-01  3.58759384e-01  3.58759384e-01  3.58759384e-01 
 3.54280000e-04  7.57929196e-01  3.59194993e-01  3.59194993e-01  3.59194993e-01  3.59194993e-01 
 3.55280000e-04  7.57890755e-01  3.59636401e-01  3.59636401e-01  3.59636401e-01  3.59636401e-01 
 3.56280000e-04  7.57852002e-01  3.60083666e-01  3.60083666e-01  3.60083666e-01  3.60083666e-01 
 3.57280000e-04  7.57812939e-01  3.60536845e-01  3.60536845e-01  3.60536845e-01  3.60536845e-01 
 3.58280000e-04  7.57773568e-01  3.60995999e-01  3.60995999e-01  3.60995999e-01  3.60995999e-01 
 3.59280000e-04  7.57733890e-01  3.61461190e-01  3.61461190e-01  3.61461190e-01  3.61461190e-01 
 3.60280000e-04  7.57693906e-01  3.61932479e-01  3.61932479e-01  3.61932479e-01  3.61932479e-01 
 3.61280000e-04  7.57653619e-01  3.62409931e-01  3.62409931e-01  3.62409931e-01  3.62409931e-01 
 3.62280000e-04  7.57613030e-01  3.62893610e-01  3.62893610e-01  3.62893610e-01  3.62893610e-01 
 3.63280000e-04  7.57572140e-01  3.63383584e-01  3.63383584e-01  3.63383584e-01  3.63383584e-01 
 3.64280000e-04  7.57530951e-01  3.63879919e-01  3.63879919e-01  3.63879919e-01  3.63879919e-01 
 3.65280000e-04  7.57489465e-01  3.64382686e-01  3.64382686e-01  3.64382686e-01  3.64382686e-01 
 3.66280000e-04  7.57447683e-01  3.64891953e-01  3.64891953e-01  3.64891953e-01  3.64891953e-01 
 3.67280000e-04  7.57405607e-01  3.65407794e-01  3.65407794e-01  3.65407794e-01  3.65407794e-01 
 3.68280000e-04  7.57363239e-01  3.65930282e-01  3.65930282e-01  3.65930282e-01  3.65930282e-01 
 3.69280000e-04  7.57320580e-01  3.66459490e-01  3.66459490e-01  3.66459490e-01  3.66459490e-01 
 3.70280000e-04  7.57277632e-01  3.66995497e-01  3.66995497e-01  3.66995497e-01  3.66995497e-01 
 3.71280000e-04  7.57234397e-01  3.67538378e-01  3.67538378e-01  3.67538378e-01  3.67538378e-01 
 3.72280000e-04  7.57190876e-01  3.68088215e-01  3.68088215e-01  3.68088215e-01  3.68088215e-01 
 3.73280000e-04  7.57147071e-01  3.68645086e-01  3.68645086e-01  3.68645086e-01  3.68645086e-01 
 3.74280000e-04  7.57102984e-01  3.69209076e-01  3.69209076e-01  3.69209076e-01  3.69209076e-01 
 3.75280000e-04  7.57058617e-01  3.69780268e-01  3.69780268e-01  3.69780268e-01  3.69780268e-01 
 3.76280000e-04  7.57013971e-01  3.70358747e-01  3.70358747e-01  3.70358747e-01  3.70358747e-01 
 3.77280000e-04  7.56969048e-01  3.70944601e-01  3.70944601e-01  3.70944601e-01  3.70944601e-01 
 3.78280000e-04  7.56923850e-01  3.71537920e-01  3.71537920e-01  3.71537920e-01  3.71537920e-01 
 3.79280000e-04  7.56878379e-01  3.72138792e-01  3.72138792e-01  3.72138792e-01  3.72138792e-01 
 3.80280000e-04  7.56832636e-01  3.72747313e-01  3.72747313e-01  3.72747313e-01  3.72747313e-01 
 3.81280000e-04  7.56786623e-01  3.73363574e-01  3.73363574e-01  3.73363574e-01  3.73363574e-01 
 3.82280000e-04  7.56740343e-01  3.73987673e-01  3.73987673e-01  3.73987673e-01  3.73987673e-01 
 3.83280000e-04  7.56693796e-01  3.74619706e-01  3.74619706e-01  3.74619706e-01  3.74619706e-01 
 3.84280000e-04  7.56646985e-01  3.75259775e-01  3.75259775e-01  3.75259775e-01  3.75259775e-01 
 3.85280000e-04  7.56599912e-01  3.75907979e-01  3.75907979e-01  3.75907979e-01  3.75907979e-01 
 3.86280000e-04  7.56552578e-01  3.76564423e-01  3.76564423e-01  3.76564423e-01  3.76564423e-01 
 3.87280000e-04  7.56504985e-01  3.77229212e-01  3.77229212e-01  3.77229212e-01  3.77229212e-01 
 3.88280000e-04  7.56457136e-01  3.77902452e-01  3.77902452e-01  3.77902452e-01  3.77902452e-01 
 3.89280000e-04  7.56409032e-01  3.78584253e-01  3.78584253e-01  3.78584253e-01  3.78584253e-01 
 3.90280000e-04  7.56360674e-01  3.79274725e-01  3.79274725e-01  3.79274725e-01  3.79274725e-01 
 3.91280000e-04  7.56312066e-01  3.79973982e-01  3.79973982e-01  3.79973982e-01  3.79973982e-01 
 3.92280000e-04  7.56263208e-01  3.80682138e-01  3.80682138e-01  3.80682138e-01  3.80682138e-01 
 3.93280000e-04  7.56214104e-01  3.81399309e-01  3.81399309e-01  3.81399309e-01  3.81399309e-01 
 3.94280000e-04  7.56164753e-01  3.82125616e-01  3.82125616e-01  3.82125616e-01  3.82125616e-01 
 3.95280000e-04  7.56115160e-01  3.82861178e-01  3.82861178e-01  3.82861178e-01  3.82861178e-01 
 3.96280000e-04  7.56065325e-01  3.83606119e-01  3.83606119e-01  3.83606119e-01  3.83606119e-01 
 3.97280000e-04  7.56015251e-01  3.84360562e-01  3.84360562e-01  3.84360562e-01  3.84360562e-01 
 3.98280000e-04  7.55964939e-01  3.85124636e-01  3.85124636e-01  3.85124636e-01  3.85124636e-01 
 3.99280000e-04  7.55914391e-01  3.85898468e-01  3.85898468e-01  3.85898468e-01  3.85898468e-01 
 4.00280000e-04  7.55863610e-01  3.86682189e-01  3.86682189e-01  3.86682189e-01  3.86682189e-01 
 4.01280000e-04  7.55812598e-01  3.87475933e-01  3.87475933e-01  3.87475933e-01  3.87475933e-01 
 4.02280000e-04  7.55761356e-01  3.88279833e-01  3.88279833e-01  3.88279833e-01  3.88279833e-01 
 4.03280000e-04  7.55709887e-01  3.89094027e-01  3.89094027e-01  3.89094027e-01  3.89094027e-01 
 4.04280000e-04  7.55658192e-01  3.89918653e-01  3.89918653e-01  3.89918653e-01  3.89918653e-01 
 4.05280000e-04  7.55606274e-01  3.90753852e-01  3.90753852e-01  3.90753852e-01  3.90753852e-01 
 4.06280000e-04  7.55554135e-01  3.91599765e-01  3.91599765e-01  3.91599765e-01  3.91599765e-01 
 4.07280000e-04  7.55501776e-01  3.92456539e-01  3.92456539e-01  3.92456539e-01  3.92456539e-01 
 4.08280000e-04  7.55449200e-01  3.93324318e-01  3.93324318e-01  3.93324318e-01  3.93324318e-01 
 4.09280000e-04  7.55396409e-01  3.94203250e-01  3.94203250e-01  3.94203250e-01  3.94203250e-01 
 4.10280000e-04  7.55343405e-01  3.95093486e-01  3.95093486e-01  3.95093486e-01  3.95093486e-01 
 4.11280000e-04  7.55290191e-01  3.95995176e-01  3.95995176e-01  3.95995176e-01  3.95995176e-01 
 4.12280000e-04  7.55236767e-01  3.96908474e-01  3.96908474e-01  3.96908474e-01  3.96908474e-01 
 4.13280000e-04  7.55183136e-01  3.97833534e-01  3.97833534e-01  3.97833534e-01  3.97833534e-01 
 4.14280000e-04  7.55129301e-01  3.98770512e-01  3.98770512e-01  3.98770512e-01  3.98770512e-01 
 4.15280000e-04  7.55075263e-01  3.99719567e-01  3.99719567e-01  3.99719567e-01  3.99719567e-01 
 4.16280000e-04  7.55021025e-01  4.00680856e-01  4.00680856e-01  4.00680856e-01  4.00680856e-01 
 4.17280000e-04  7.54966589e-01  4.01654540e-01  4.01654540e-01  4.01654540e-01  4.01654540e-01 
 4.18280000e-04  7.54911957e-01  4.02640781e-01  4.02640781e-01  4.02640781e-01  4.02640781e-01 
 4.19280000e-04  7.54857130e-01  4.03639741e-01  4.03639741e-01  4.03639741e-01  4.03639741e-01 
 4.20280000e-04  7.54802113e-01  4.04651583e-01  4.04651583e-01  4.04651583e-01  4.04651583e-01 
 4.21280000e-04  7.54746905e-01  4.05676472e-01  4.05676472e-01  4.05676472e-01  4.05676472e-01 
 4.22280000e-04  7.54691510e-01  4.06714572e-01  4.06714572e-01  4.06714572e-01  4.06714572e-01 
 4.23280000e-04  7.54635930e-01  4.07766049e-01  4.07766049e-01  4.07766049e-01  4.07766049e-01 
 4.24280000e-04  7.54580167e-01  4.08831069e-01  4.08831069e-01  4.08831069e-01  4.08831069e-01 
 4.25280000e-04  7.54524223e-01  4.09909798e-01  4.09909798e-01  4.09909798e-01  4.09909798e-01 
 4.26280000e-04  7.54468100e-01  4.11002403e-01  4.11002403e-01  4.11002403e-01  4.11002403e-01 
 4.27280000e-04  7.54411801e-01  4.12109050e-01  4.12109050e-01  4.12109050e-01  4.12109050e-01 
 4.28280000e-04  7.54355328e-01  4.13229905e-01  4.13229905e-01  4.13229905e-01  4.13229905e-01 
 4.29280000e-04  7.54298683e-01  4.14365134e-01  4.14365134e-01  4.14365134e-01  4.14365134e-01 
 4.30280000e-04  7.54241868e-01  4.15514902e-01  4.15514902e-01  4.15514902e-01  4.15514902e-01 
 4.31280000e-04  7.54184885e-01  4.16679374e-01  4.16679374e-01  4.16679374e-01  4.16679374e-01 
 4.32280000e-04  7.54127738e-01  4.17858712e-01  4.17858712e-01  4.17858712e-01  4.17858712e-01 
 4.33280000e-04  7.54070428e-01  4.19053079e-01  4.19053079e-01  4.19053079e-01  4.19053079e-01 
 4.34280000e-04  7.54012956e-01  4.20262635e-01  4.20262635e-01  4.20262635e-01  4.20262635e-01 
 4.35280000e-04  7.53955327e-01  4.21487540e-01  4.21487540e-01  4.21487540e-01  4.21487540e-01 
 4.36280000e-04  7.53897541e-01  4.22727950e-01  4.22727950e-01  4.22727950e-01  4.22727950e-01 
 4.37280000e-04  7.53839601e-01  4.23984021e-01  4.23984021e-01  4.23984021e-01  4.23984021e-01 
 4.38280000e-04  7.53781510e-01  4.25255904e-01  4.25255904e-01  4.25255904e-01  4.25255904e-01 
 4.39280000e-04  7.53723270e-01  4.26543750e-01  4.26543750e-01  4.26543750e-01  4.26543750e-01 
 4.40280000e-04  7.53664882e-01  4.27847705e-01  4.27847705e-01  4.27847705e-01  4.27847705e-01 
 4.41280000e-04  7.53606350e-01  4.29167913e-01  4.29167913e-01  4.29167913e-01  4.29167913e-01 
 4.42280000e-04  7.53547676e-01  4.30504514e-01  4.30504514e-01  4.30504514e-01  4.30504514e-01 
 4.43280000e-04  7.53488861e-01  4.31857645e-01  4.31857645e-01  4.31857645e-01  4.31857645e-01 
 4.44280000e-04  7.53429909e-01  4.33227437e-01  4.33227437e-01  4.33227437e-01  4.33227437e-01 
 4.45280000e-04  7.53370821e-01  4.34614019e-01  4.34614019e-01  4.34614019e-01  4.34614019e-01 
 4.46280000e-04  7.53311600e-01  4.36017514e-01  4.36017514e-01  4.36017514e-01  4.36017514e-01 
 4.47280000e-04  7.53252249e-01  4.37438041e-01  4.37438041e-01  4.37438041e-01  4.37438041e-01 
 4.48280000e-04  7.53192769e-01  4.38875713e-01  4.38875713e-01  4.38875713e-01  4.38875713e-01 
 4.49280000e-04  7.53133163e-01  4.40330639e-01  4.40330639e-01  4.40330639e-01  4.40330639e-01 
 4.50280000e-04  7.53073433e-01  4.41802920e-01  4.41802920e-01  4.41802920e-01  4.41802920e-01 
 4.51280000e-04  7.53013582e-01  4.43292654e-01  4.43292654e-01  4.43292654e-01  4.43292654e-01 
 4.52280000e-04  7.52953612e-01  4.44799932e-01  4.44799932e-01  4.44799932e-01  4.44799932e-01 
 4.53280000e-04  7.52893526e-01  4.46324836e-01  4.46324836e-01  4.46324836e-01  4.46324836e-01 
 4.54280000e-04  7.52833325e-01  4.47867445e-01  4.47867445e-01  4.47867445e-01  4.47867445e-01 
 4.55280000e-04  7.52773012e-01  4.49427829e-01  4.49427829e-01  4.49427829e-01  4.49427829e-01 
 4.56280000e-04  7.52712590e-01  4.51006053e-01  4.51006053e-01  4.51006053e-01  4.51006053e-01 
 4.57280000e-04  7.52652061e-01  4.52602172e-01  4.52602172e-01  4.52602172e-01  4.52602172e-01 
 4.58280000e-04  7.52591427e-01  4.54216236e-01  4.54216236e-01  4.54216236e-01  4.54216236e-01 
 4.59280000e-04  7.52530691e-01  4.55848286e-01  4.55848286e-01  4.55848286e-01  4.55848286e-01 
 4.60280000e-04  7.52469855e-01  4.57498356e-01  4.57498356e-01  4.57498356e-01  4.57498356e-01 
 4.61280000e-04  7.52408921e-01  4.59166472e-01  4.59166472e-01  4.59166472e-01  4.59166472e-01 
 4.62280000e-04  7.52347892e-01  4.60852653e-01  4.60852653e-01  4.60852653e-01  4.60852653e-01 
 4.63280000e-04  7.52286771e-01  4.62556908e-01  4.62556908e-01  4.62556908e-01  4.62556908e-01 
 4.64280000e-04  7.52225559e-01  4.64279240e-01  4.64279240e-01  4.64279240e-01  4.64279240e-01 
 4.65280000e-04  7.52164260e-01  4.66019642e-01  4.66019642e-01  4.66019642e-01  4.66019642e-01 
 4.66280000e-04  7.52102875e-01  4.67778100e-01  4.67778100e-01  4.67778100e-01  4.67778100e-01 
 4.67280000e-04  7.52041407e-01  4.69554592e-01  4.69554592e-01  4.69554592e-01  4.69554592e-01 
 4.68280000e-04  7.51979858e-01  4.71349086e-01  4.71349086e-01  4.71349086e-01  4.71349086e-01 
 4.69280000e-04  7.51918231e-01  4.73161545e-01  4.73161545e-01  4.73161545e-01  4.73161545e-01 
 4.70280000e-04  7.51856529e-01  4.74991920e-01  4.74991920e-01  4.74991920e-01  4.74991920e-01 
 4.71280000e-04  7.51794753e-01  4.76840156e-01  4.76840156e-01  4.76840156e-01  4.76840156e-01 
 4.72280000e-04  7.51732907e-01  4.78706192e-01  4.78706192e-01  4.78706192e-01  4.78706192e-01 
 4.73280000e-04  7.51670991e-01  4.80589954e-01  4.80589954e-01  4.80589954e-01  4.80589954e-01 
 4.74280000e-04  7.51609010e-01  4.82491365e-01  4.82491365e-01  4.82491365e-01  4.82491365e-01 
 4.75280000e-04  7.51546966e-01  4.84410338e-01  4.84410338e-01  4.84410338e-01  4.84410338e-01 
 4.76280000e-04  7.51484860e-01  4.86346779e-01  4.86346779e-01  4.86346779e-01  4.86346779e-01 
 4.77280000e-04  7.51422696e-01  4.88300585e-01  4.88300585e-01  4.88300585e-01  4.88300585e-01 
 4.78280000e-04  7.51360476e-01  4.90271648e-01  4.90271648e-01  4.90271648e-01  4.90271648e-01 
 4.79280000e-04  7.51298202e-01  4.92259852e-01  4.92259852e-01  4.92259852e-01  4.92259852e-01 
 4.80280000e-04  7.51235876e-01  4.94265075e-01  4.94265075e-01  4.94265075e-01  4.94265075e-01 
 4.81280000e-04  7.51173502e-01  4.96287186e-01  4.96287186e-01  4.96287186e-01  4.96287186e-01 
 4.82280000e-04  7.51111082e-01  4.98326049e-01  4.98326049e-01  4.98326049e-01  4.98326049e-01 
 4.83280000e-04  7.51048617e-01  5.00381523e-01  5.00381523e-01  5.00381523e-01  5.00381523e-01 
 4.84280000e-04  7.50986112e-01  5.02453458e-01  5.02453458e-01  5.02453458e-01  5.02453458e-01 
 4.85280000e-04  7.50923567e-01  5.04541700e-01  5.04541700e-01  5.04541700e-01  5.04541700e-01 
 4.86280000e-04  7.50860986e-01  5.06646090e-01  5.06646090e-01  5.06646090e-01  5.06646090e-01 
 4.87280000e-04  7.50798371e-01  5.08766462e-01  5.08766462e-01  5.08766462e-01  5.08766462e-01 
 4.88280000e-04  7.50735724e-01  5.10902644e-01  5.10902644e-01  5.10902644e-01  5.10902644e-01 
 4.89280000e-04  7.50673048e-01  5.13054463e-01  5.13054463e-01  5.13054463e-01  5.13054463e-01 
 4.90280000e-04  7.50610346e-01  5.15221736e-01  5.15221736e-01  5.15221736e-01  5.15221736e-01 
 4.91280000e-04  7.50547620e-01  5.17404280e-01  5.17404280e-01  5.17404280e-01  5.17404280e-01 
 4.92280000e-04  7.50484872e-01  5.19601905e-01  5.19601905e-01  5.19601905e-01  5.19601905e-01 
 4.93280000e-04  7.50422105e-01  5.21814418e-01  5.21814418e-01  5.21814418e-01  5.21814418e-01 
 4.94280000e-04  7.50359321e-01  5.24041621e-01  5.24041621e-01  5.24041621e-01  5.24041621e-01 
 4.95280000e-04  7.50296523e-01  5.26283314e-01  5.26283314e-01  5.26283314e-01  5.26283314e-01 
 4.96280000e-04  7.50233713e-01  5.28539292e-01  5.28539292e-01  5.28539292e-01  5.28539292e-01 
 4.97280000e-04  7.50170894e-01  5.30809348e-01  5.30809348e-01  5.30809348e-01  5.30809348e-01 
 4.98280000e-04  7.50108069e-01  5.33093270e-01  5.33093270e-01  5.33093270e-01  5.33093270e-01 
 4.99280000e-04  7.50045239e-01  5.35390846e-01  5.35390846e-01  5.35390846e-01  5.35390846e-01 
 5.00280000e-04  7.49982407e-01  5.37701858e-01  5.37701858e-01  5.37701858e-01  5.37701858e-01 
 5.01280000e-04  7.49919576e-01  5.40026088e-01  5.40026088e-01  5.40026088e-01  5.40026088e-01 
 5.02280000e-04  7.49856748e-01  5.42363313e-01  5.42363313e-01  5.42363313e-01  5.42363313e-01 
 5.03280000e-04  7.49793926e-01  5.44713311e-01  5.44713311e-01  5.44713311e-01  5.44713311e-01 
 5.04280000e-04  7.49731112e-01  5.47075856e-01  5.47075856e-01  5.47075856e-01  5.47075856e-01 
 5.05280000e-04  7.49668309e-01  5.49450720e-01  5.49450720e-01  5.49450720e-01  5.49450720e-01 
 5.06280000e-04  7.49605518e-01  5.51837672e-01  5.51837672e-01  5.51837672e-01  5.51837672e-01 
 5.07280000e-04  7.49542744e-01  5.54236483e-01  5.54236483e-01  5.54236483e-01  5.54236483e-01 
 5.08280000e-04  7.49479987e-01  5.56646919e-01  5.56646919e-01  5.56646919e-01  5.56646919e-01 
 5.09280000e-04  7.49417251e-01  5.59068745e-01  5.59068745e-01  5.59068745e-01  5.59068745e-01 
 5.10280000e-04  7.49354538e-01  5.61501726e-01  5.61501726e-01  5.61501726e-01  5.61501726e-01 
 5.11280000e-04  7.49291850e-01  5.63945625e-01  5.63945625e-01  5.63945625e-01  5.63945625e-01 
 5.12280000e-04  7.49229190e-01  5.66400203e-01  5.66400203e-01  5.66400203e-01  5.66400203e-01 
 5.13280000e-04  7.49166561e-01  5.68865222e-01  5.68865222e-01  5.68865222e-01  5.68865222e-01 
 5.14280000e-04  7.49103965e-01  5.71340440e-01  5.71340440e-01  5.71340440e-01  5.71340440e-01 
 5.15280000e-04  7.49041403e-01  5.73825618e-01  5.73825618e-01  5.73825618e-01  5.73825618e-01 
 5.16280000e-04  7.48978880e-01  5.76320511e-01  5.76320511e-01  5.76320511e-01  5.76320511e-01 
 5.17280000e-04  7.48916397e-01  5.78824879e-01  5.78824879e-01  5.78824879e-01  5.78824879e-01 
 5.18280000e-04  7.48853957e-01  5.81338476e-01  5.81338476e-01  5.81338476e-01  5.81338476e-01 
 5.19280000e-04  7.48791563e-01  5.83861059e-01  5.83861059e-01  5.83861059e-01  5.83861059e-01 
 5.20280000e-04  7.48729215e-01  5.86392382e-01  5.86392382e-01  5.86392382e-01  5.86392382e-01 
 5.21280000e-04  7.48666918e-01  5.88932201e-01  5.88932201e-01  5.88932201e-01  5.88932201e-01 
 5.22280000e-04  7.48604674e-01  5.91480268e-01  5.91480268e-01  5.91480268e-01  5.91480268e-01 
 5.23280000e-04  7.48542485e-01  5.94036338e-01  5.94036338e-01  5.94036338e-01  5.94036338e-01 
 5.24280000e-04  7.48480353e-01  5.96600163e-01  5.96600163e-01  5.96600163e-01  5.96600163e-01 
 5.25280000e-04  7.48418281e-01  5.99171496e-01  5.99171496e-01  5.99171496e-01  5.99171496e-01 
 5.26280000e-04  7.48356272e-01  6.01750090e-01  6.01750090e-01  6.01750090e-01  6.01750090e-01 
 5.27280000e-04  7.48294328e-01  6.04335695e-01  6.04335695e-01  6.04335695e-01  6.04335695e-01 
 5.28280000e-04  7.48232451e-01  6.06928063e-01  6.06928063e-01  6.06928063e-01  6.06928063e-01 
 5.29280000e-04  7.48170644e-01  6.09526946e-01  6.09526946e-01  6.09526946e-01  6.09526946e-01 
 5.30280000e-04  7.48108908e-01  6.12132094e-01  6.12132094e-01  6.12132094e-01  6.12132094e-01 
 5.31280000e-04  7.48047248e-01  6.14743258e-01  6.14743258e-01  6.14743258e-01  6.14743258e-01 
 5.32280000e-04  7.47985665e-01  6.17360189e-01  6.17360189e-01  6.17360189e-01  6.17360189e-01 
 5.33280000e-04  7.47924161e-01  6.19982637e-01  6.19982637e-01  6.19982637e-01  6.19982637e-01 
 5.34280000e-04  7.47862739e-01  6.22610352e-01  6.22610352e-01  6.22610352e-01  6.22610352e-01 
 5.35280000e-04  7.47801402e-01  6.25243083e-01  6.25243083e-01  6.25243083e-01  6.25243083e-01 
 5.36280000e-04  7.47740151e-01  6.27880581e-01  6.27880581e-01  6.27880581e-01  6.27880581e-01 
 5.37280000e-04  7.47678990e-01  6.30522595e-01  6.30522595e-01  6.30522595e-01  6.30522595e-01 
 5.38280000e-04  7.47617920e-01  6.33168875e-01  6.33168875e-01  6.33168875e-01  6.33168875e-01 
 5.39280000e-04  7.47556944e-01  6.35819169e-01  6.35819169e-01  6.35819169e-01  6.35819169e-01 
 5.40280000e-04  7.47496065e-01  6.38473228e-01  6.38473228e-01  6.38473228e-01  6.38473228e-01 
 5.41280000e-04  7.47435284e-01  6.41130801e-01  6.41130801e-01  6.41130801e-01  6.41130801e-01 
 5.42280000e-04  7.47374605e-01  6.43791637e-01  6.43791637e-01  6.43791637e-01  6.43791637e-01 
 5.43280000e-04  7.47314030e-01  6.46455485e-01  6.46455485e-01  6.46455485e-01  6.46455485e-01 
 5.44280000e-04  7.47253560e-01  6.49122095e-01  6.49122095e-01  6.49122095e-01  6.49122095e-01 
 5.45280000e-04  7.47193199e-01  6.51791216e-01  6.51791216e-01  6.51791216e-01  6.51791216e-01 
 5.46280000e-04  7.47132949e-01  6.54462596e-01  6.54462596e-01  6.54462596e-01  6.54462596e-01 
 5.47280000e-04  7.47072811e-01  6.57135986e-01  6.57135986e-01  6.57135986e-01  6.57135986e-01 
 5.48280000e-04  7.47012790e-01  6.59811136e-01  6.59811136e-01  6.59811136e-01  6.59811136e-01 
 5.49280000e-04  7.46952886e-01  6.62487793e-01  6.62487793e-01  6.62487793e-01  6.62487793e-01 
 5.50280000e-04  7.46893103e-01  6.65165709e-01  6.65165709e-01  6.65165709e-01  6.65165709e-01 
 5.51280000e-04  7.46833442e-01  6.67844633e-01  6.67844633e-01  6.67844633e-01  6.67844633e-01 
 5.52280000e-04  7.46773907e-01  6.70524315e-01  6.70524315e-01  6.70524315e-01  6.70524315e-01 
 5.53280000e-04  7.46714498e-01  6.73204505e-01  6.73204505e-01  6.73204505e-01  6.73204505e-01 
 5.54280000e-04  7.46655220e-01  6.75884954e-01  6.75884954e-01  6.75884954e-01  6.75884954e-01 
 5.55280000e-04  7.46596073e-01  6.78565412e-01  6.78565412e-01  6.78565412e-01  6.78565412e-01 
 5.56280000e-04  7.46537061e-01  6.81245630e-01  6.81245630e-01  6.81245630e-01  6.81245630e-01 
 5.57280000e-04  7.46478186e-01  6.83925358e-01  6.83925358e-01  6.83925358e-01  6.83925358e-01 
 5.58280000e-04  7.46419449e-01  6.86604350e-01  6.86604350e-01  6.86604350e-01  6.86604350e-01 
 5.59280000e-04  7.46360854e-01  6.89282356e-01  6.89282356e-01  6.89282356e-01  6.89282356e-01 
 5.60280000e-04  7.46302403e-01  6.91959128e-01  6.91959128e-01  6.91959128e-01  6.91959128e-01 
 5.61280000e-04  7.46244097e-01  6.94634420e-01  6.94634420e-01  6.94634420e-01  6.94634420e-01 
 5.62280000e-04  7.46185940e-01  6.97307984e-01  6.97307984e-01  6.97307984e-01  6.97307984e-01 
 5.63280000e-04  7.46127934e-01  6.99979573e-01  6.99979573e-01  6.99979573e-01  6.99979573e-01 
 5.64280000e-04  7.46070080e-01  7.02648942e-01  7.02648942e-01  7.02648942e-01  7.02648942e-01 
 5.65280000e-04  7.46012381e-01  7.05315844e-01  7.05315844e-01  7.05315844e-01  7.05315844e-01 
 5.66280000e-04  7.45954840e-01  7.07980036e-01  7.07980036e-01  7.07980036e-01  7.07980036e-01 
 5.67280000e-04  7.45897459e-01  7.10641272e-01  7.10641272e-01  7.10641272e-01  7.10641272e-01 
 5.68280000e-04  7.45840239e-01  7.13299309e-01  7.13299309e-01  7.13299309e-01  7.13299309e-01 
 5.69280000e-04  7.45783184e-01  7.15953904e-01  7.15953904e-01  7.15953904e-01  7.15953904e-01 
 5.70280000e-04  7.45726295e-01  7.18604813e-01  7.18604813e-01  7.18604813e-01  7.18604813e-01 
 5.71280000e-04  7.45669575e-01  7.21251797e-01  7.21251797e-01  7.21251797e-01  7.21251797e-01 
 5.72280000e-04  7.45613026e-01  7.23894613e-01  7.23894613e-01  7.23894613e-01  7.23894613e-01 
 5.73280000e-04  7.45556650e-01  7.26533021e-01  7.26533021e-01  7.26533021e-01  7.26533021e-01 
 5.74280000e-04  7.45500450e-01  7.29166783e-01  7.29166783e-01  7.29166783e-01  7.29166783e-01 
 5.75280000e-04  7.45444427e-01  7.31795659e-01  7.31795659e-01  7.31795659e-01  7.31795659e-01 
 5.76280000e-04  7.45388584e-01  7.34419413e-01  7.34419413e-01  7.34419413e-01  7.34419413e-01 
 5.77280000e-04  7.45332923e-01  7.37037808e-01  7.37037808e-01  7.37037808e-01  7.37037808e-01 
 5.78280000e-04  7.45277446e-01  7.39650609e-01  7.39650609e-01  7.39650609e-01  7.39650609e-01 
 5.79280000e-04  7.45222156e-01  7.42257580e-01  7.42257580e-01  7.42257580e-01  7.42257580e-01 
 5.80280000e-04  7.45167054e-01  7.44858490e-01  7.44858490e-01  7.44858490e-01  7.44858490e-01 
 5.81280000e-04  7.45112143e-01  7.47453105e-01  7.47453105e-01  7.47453105e-01  7.47453105e-01 
 5.82280000e-04  7.45057425e-01  7.50041195e-01  7.50041195e-01  7.50041195e-01  7.50041195e-01 
 5.83280000e-04  7.45002902e-01  7.52622530e-01  7.52622530e-01  7.52622530e-01  7.52622530e-01 
 5.84280000e-04  7.44948577e-01  7.55196882e-01  7.55196882e-01  7.55196882e-01  7.55196882e-01 
 5.85280000e-04  7.44894451e-01  7.57764023e-01  7.57764023e-01  7.57764023e-01  7.57764023e-01 
 5.86280000e-04  7.44840526e-01  7.60323728e-01  7.60323728e-01  7.60323728e-01  7.60323728e-01 
 5.87280000e-04  7.44786805e-01  7.62875772e-01  7.62875772e-01  7.62875772e-01  7.62875772e-01 
 5.88280000e-04  7.44733290e-01  7.65419933e-01  7.65419933e-01  7.65419933e-01  7.65419933e-01 
 5.89280000e-04  7.44679983e-01  7.67955989e-01  7.67955989e-01  7.67955989e-01  7.67955989e-01 
 5.90280000e-04  7.44626886e-01  7.70483721e-01  7.70483721e-01  7.70483721e-01  7.70483721e-01 
 5.91280000e-04  7.44574001e-01  7.73002910e-01  7.73002910e-01  7.73002910e-01  7.73002910e-01 
 5.92280000e-04  7.44521330e-01  7.75513340e-01  7.75513340e-01  7.75513340e-01  7.75513340e-01 
 5.93280000e-04  7.44468876e-01  7.78014796e-01  7.78014796e-01  7.78014796e-01  7.78014796e-01 
 5.94280000e-04  7.44416640e-01  7.80507064e-01  7.80507064e-01  7.80507064e-01  7.80507064e-01 
 5.95280000e-04  7.44364624e-01  7.82989934e-01  7.82989934e-01  7.82989934e-01  7.82989934e-01 
 5.96280000e-04  7.44312831e-01  7.85463197e-01  7.85463197e-01  7.85463197e-01  7.85463197e-01 
 5.97280000e-04  7.44261262e-01  7.87926644e-01  7.87926644e-01  7.87926644e-01  7.87926644e-01 
 5.98280000e-04  7.44209920e-01  7.90380070e-01  7.90380070e-01  7.90380070e-01  7.90380070e-01 
 5.99280000e-04  7.44158807e-01  7.92823271e-01  7.92823271e-01  7.92823271e-01  7.92823271e-01 
 6.00280000e-04  7.44107924e-01  7.95256046e-01  7.95256046e-01  7.95256046e-01  7.95256046e-01 
 6.01280000e-04  7.44057273e-01  7.97677995e-01  7.97677995e-01  7.97677995e-01  7.97677995e-01 
 6.02280000e-04  7.44006858e-01  8.00089496e-01  8.00089496e-01  8.00089496e-01  8.00089496e-01 
 6.03280000e-04  7.43956678e-01  8.02489833e-01  8.02489833e-01  8.02489833e-01  8.02489833e-01 
 6.04280000e-04  7.43906738e-01  8.04878927e-01  8.04878927e-01  8.04878927e-01  8.04878927e-01 
 6.05280000e-04  7.43857038e-01  8.07256620e-01  8.07256620e-01  8.07256620e-01  8.07256620e-01 
 6.06280000e-04  7.43807580e-01  8.09622724e-01  8.09622724e-01  8.09622724e-01  8.09622724e-01 
 6.07280000e-04  7.43758367e-01  8.11977110e-01  8.11977110e-01  8.11977110e-01  8.11977110e-01 
 6.08280000e-04  7.43709401e-01  8.14319425e-01  8.14319425e-01  8.14319425e-01  8.14319425e-01 
 6.09280000e-04  7.43660682e-01  8.16649641e-01  8.16649641e-01  8.16649641e-01  8.16649641e-01 
 6.10280000e-04  7.43612214e-01  8.18967725e-01  8.18967725e-01  8.18967725e-01  8.18967725e-01 
 6.11280000e-04  7.43563999e-01  8.21272975e-01  8.21272975e-01  8.21272975e-01  8.21272975e-01 
 6.12280000e-04  7.43516037e-01  8.23565942e-01  8.23565942e-01  8.23565942e-01  8.23565942e-01 
 6.13280000e-04  7.43468331e-01  8.25845613e-01  8.25845613e-01  8.25845613e-01  8.25845613e-01 
 6.14280000e-04  7.43420883e-01  8.28112461e-01  8.28112461e-01  8.28112461e-01  8.28112461e-01 
 6.15280000e-04  7.43373695e-01  8.30366170e-01  8.30366170e-01  8.30366170e-01  8.30366170e-01 
 6.16280000e-04  7.43326768e-01  8.32606539e-01  8.32606539e-01  8.32606539e-01  8.32606539e-01 
 6.17280000e-04  7.43280105e-01  8.34833843e-01  8.34833843e-01  8.34833843e-01  8.34833843e-01 
 6.18280000e-04  7.43233707e-01  8.37047140e-01  8.37047140e-01  8.37047140e-01  8.37047140e-01 
 6.19280000e-04  7.43187577e-01  8.39246063e-01  8.39246063e-01  8.39246063e-01  8.39246063e-01 
 6.20280000e-04  7.43141715e-01  8.41431967e-01  8.41431967e-01  8.41431967e-01  8.41431967e-01 
 6.21280000e-04  7.43096124e-01  8.43603389e-01  8.43603389e-01  8.43603389e-01  8.43603389e-01 
 6.22280000e-04  7.43050805e-01  8.45759876e-01  8.45759876e-01  8.45759876e-01  8.45759876e-01 
 6.23280000e-04  7.43005761e-01  8.47903080e-01  8.47903080e-01  8.47903080e-01  8.47903080e-01 
 6.24280000e-04  7.42960993e-01  8.50031303e-01  8.50031303e-01  8.50031303e-01  8.50031303e-01 
 6.25280000e-04  7.42916503e-01  8.52144753e-01  8.52144753e-01  8.52144753e-01  8.52144753e-01 
 6.26280000e-04  7.42872293e-01  8.54243387e-01  8.54243387e-01  8.54243387e-01  8.54243387e-01 
 6.27280000e-04  7.42828363e-01  8.56327075e-01  8.56327075e-01  8.56327075e-01  8.56327075e-01 
 6.28280000e-04  7.42784718e-01  8.58394923e-01  8.58394923e-01  8.58394923e-01  8.58394923e-01 
 6.29280000e-04  7.42741356e-01  8.60448997e-01  8.60448997e-01  8.60448997e-01  8.60448997e-01 
 6.30280000e-04  7.42698282e-01  8.62486375e-01  8.62486375e-01  8.62486375e-01  8.62486375e-01 
 6.31280000e-04  7.42655496e-01  8.64509712e-01  8.64509712e-01  8.64509712e-01  8.64509712e-01 
 6.32280000e-04  7.42612999e-01  8.66516896e-01  8.66516896e-01  8.66516896e-01  8.66516896e-01 
 6.33280000e-04  7.42570794e-01  8.68508286e-01  8.68508286e-01  8.68508286e-01  8.68508286e-01 
 6.34280000e-04  7.42528883e-01  8.70483895e-01  8.70483895e-01  8.70483895e-01  8.70483895e-01 
 6.35280000e-04  7.42487267e-01  8.72443616e-01  8.72443616e-01  8.72443616e-01  8.72443616e-01 
 6.36280000e-04  7.42445947e-01  8.74387341e-01  8.74387341e-01  8.74387341e-01  8.74387341e-01 
 6.37280000e-04  7.42404925e-01  8.76314969e-01  8.76314969e-01  8.76314969e-01  8.76314969e-01 
 6.38280000e-04  7.42364203e-01  8.78226403e-01  8.78226403e-01  8.78226403e-01  8.78226403e-01 
 6.39280000e-04  7.42323783e-01  8.80121547e-01  8.80121547e-01  8.80121547e-01  8.80121547e-01 
 6.40280000e-04  7.42283665e-01  8.82000311e-01  8.82000311e-01  8.82000311e-01  8.82000311e-01 
 6.41280000e-04  7.42243853e-01  8.83862606e-01  8.83862606e-01  8.83862606e-01  8.83862606e-01 
 6.42280000e-04  7.42204346e-01  8.85708346e-01  8.85708346e-01  8.85708346e-01  8.85708346e-01 
 6.43280000e-04  7.42165147e-01  8.87537450e-01  8.87537450e-01  8.87537450e-01  8.87537450e-01 
 6.44280000e-04  7.42126258e-01  8.89349839e-01  8.89349839e-01  8.89349839e-01  8.89349839e-01 
 6.45280000e-04  7.42087679e-01  8.91145436e-01  8.91145436e-01  8.91145436e-01  8.91145436e-01 
 6.46280000e-04  7.42049413e-01  8.92924168e-01  8.92924168e-01  8.92924168e-01  8.92924168e-01 
 6.47280000e-04  7.42011461e-01  8.94685967e-01  8.94685967e-01  8.94685967e-01  8.94685967e-01 
 6.48280000e-04  7.41973824e-01  8.96430764e-01  8.96430764e-01  8.96430764e-01  8.96430764e-01 
 6.49280000e-04  7.41936504e-01  8.98158496e-01  8.98158496e-01  8.98158496e-01  8.98158496e-01 
 6.50280000e-04  7.41899502e-01  8.99869102e-01  8.99869102e-01  8.99869102e-01  8.99869102e-01 
 6.51280000e-04  7.41862820e-01  9.01562525e-01  9.01562525e-01  9.01562525e-01  9.01562525e-01 
 6.52280000e-04  7.41826459e-01  9.03238709e-01  9.03238709e-01  9.03238709e-01  9.03238709e-01 
 6.53280000e-04  7.41790421e-01  9.04897603e-01  9.04897603e-01  9.04897603e-01  9.04897603e-01 
 6.54280000e-04  7.41754707e-01  9.06539156e-01  9.06539156e-01  9.06539156e-01  9.06539156e-01 
 6.55280000e-04  7.41719318e-01  9.08163324e-01  9.08163324e-01  9.08163324e-01  9.08163324e-01 
 6.56280000e-04  7.41684257e-01  9.09770062e-01  9.09770062e-01  9.09770062e-01  9.09770062e-01 
 6.57280000e-04  7.41649524e-01  9.11359330e-01  9.11359330e-01  9.11359330e-01  9.11359330e-01 
 6.58280000e-04  7.41615120e-01  9.12931089e-01  9.12931089e-01  9.12931089e-01  9.12931089e-01 
 6.59280000e-04  7.41581047e-01  9.14485306e-01  9.14485306e-01  9.14485306e-01  9.14485306e-01 
 6.60280000e-04  7.41547307e-01  9.16021946e-01  9.16021946e-01  9.16021946e-01  9.16021946e-01 
 6.61280000e-04  7.41513901e-01  9.17540981e-01  9.17540981e-01  9.17540981e-01  9.17540981e-01 
 6.62280000e-04  7.41480829e-01  9.19042383e-01  9.19042383e-01  9.19042383e-01  9.19042383e-01 
 6.63280000e-04  7.41448094e-01  9.20526127e-01  9.20526127e-01  9.20526127e-01  9.20526127e-01 
 6.64280000e-04  7.41415696e-01  9.21992192e-01  9.21992192e-01  9.21992192e-01  9.21992192e-01 
 6.65280000e-04  7.41383638e-01  9.23440557e-01  9.23440557e-01  9.23440557e-01  9.23440557e-01 
 6.66280000e-04  7.41351919e-01  9.24871205e-01  9.24871205e-01  9.24871205e-01  9.24871205e-01 
 6.67280000e-04  7.41320542e-01  9.26284121e-01  9.26284121e-01  9.26284121e-01  9.26284121e-01 
 6.68280000e-04  7.41289507e-01  9.27679292e-01  9.27679292e-01  9.27679292e-01  9.27679292e-01 
 6.69280000e-04  7.41258817e-01  9.29056709e-01  9.29056709e-01  9.29056709e-01  9.29056709e-01 
 6.70280000e-04  7.41228471e-01  9.30416363e-01  9.30416363e-01  9.30416363e-01  9.30416363e-01 
 6.71280000e-04  7.41198472e-01  9.31758247e-01  9.31758247e-01  9.31758247e-01  9.31758247e-01 
 6.72280000e-04  7.41168820e-01  9.33082360e-01  9.33082360e-01  9.33082360e-01  9.33082360e-01 
 6.73280000e-04  7.41139517e-01  9.34388697e-01  9.34388697e-01  9.34388697e-01  9.34388697e-01 
 6.74280000e-04  7.41110564e-01  9.35677260e-01  9.35677260e-01  9.35677260e-01  9.35677260e-01 
 6.75280000e-04  7.41081962e-01  9.36948051e-01  9.36948051e-01  9.36948051e-01  9.36948051e-01 
 6.76280000e-04  7.41053711e-01  9.38201074e-01  9.38201074e-01  9.38201074e-01  9.38201074e-01 
 6.77280000e-04  7.41025814e-01  9.39436335e-01  9.39436335e-01  9.39436335e-01  9.39436335e-01 
 6.78280000e-04  7.40998271e-01  9.40653841e-01  9.40653841e-01  9.40653841e-01  9.40653841e-01 
 6.79280000e-04  7.40971084e-01  9.41853601e-01  9.41853601e-01  9.41853601e-01  9.41853601e-01 
 6.80280000e-04  7.40944253e-01  9.43035628e-01  9.43035628e-01  9.43035628e-01  9.43035628e-01 
 6.81280000e-04  7.40917779e-01  9.44199933e-01  9.44199933e-01  9.44199933e-01  9.44199933e-01 
 6.82280000e-04  7.40891664e-01  9.45346530e-01  9.45346530e-01  9.45346530e-01  9.45346530e-01 
 6.83280000e-04  7.40865909e-01  9.46475435e-01  9.46475435e-01  9.46475435e-01  9.46475435e-01 
 6.84280000e-04  7.40840514e-01  9.47586666e-01  9.47586666e-01  9.47586666e-01  9.47586666e-01 
 6.85280000e-04  7.40815481e-01  9.48680240e-01  9.48680240e-01  9.48680240e-01  9.48680240e-01 
 6.86280000e-04  7.40790810e-01  9.49756178e-01  9.49756178e-01  9.49756178e-01  9.49756178e-01 
 6.87280000e-04  7.40766503e-01  9.50814499e-01  9.50814499e-01  9.50814499e-01  9.50814499e-01 
 6.88280000e-04  7.40742561e-01  9.51855227e-01  9.51855227e-01  9.51855227e-01  9.51855227e-01 
 6.89280000e-04  7.40718984e-01  9.52878385e-01  9.52878385e-01  9.52878385e-01  9.52878385e-01 
 6.90280000e-04  7.40695773e-01  9.53883995e-01  9.53883995e-01  9.53883995e-01  9.53883995e-01 
 6.91280000e-04  7.40672930e-01  9.54872085e-01  9.54872085e-01  9.54872085e-01  9.54872085e-01 
 6.92280000e-04  7.40650455e-01  9.55842679e-01  9.55842679e-01  9.55842679e-01  9.55842679e-01 
 6.93280000e-04  7.40628349e-01  9.56795806e-01  9.56795806e-01  9.56795806e-01  9.56795806e-01 
 6.94280000e-04  7.40606613e-01  9.57731492e-01  9.57731492e-01  9.57731492e-01  9.57731492e-01 
 6.95280000e-04  7.40585247e-01  9.58649767e-01  9.58649767e-01  9.58649767e-01  9.58649767e-01 
 6.96280000e-04  7.40564254e-01  9.59550658e-01  9.59550658e-01  9.59550658e-01  9.59550658e-01 
 6.97280000e-04  7.40543633e-01  9.60434198e-01  9.60434198e-01  9.60434198e-01  9.60434198e-01 
 6.98280000e-04  7.40523385e-01  9.61300414e-01  9.61300414e-01  9.61300414e-01  9.61300414e-01 
 6.99280000e-04  7.40503512e-01  9.62149340e-01  9.62149340e-01  9.62149340e-01  9.62149340e-01 
 7.00280000e-04  7.40484013e-01  9.62981005e-01  9.62981005e-01  9.62981005e-01  9.62981005e-01 
 7.01280000e-04  7.40464890e-01  9.63794888e-01  9.63794888e-01  9.63794888e-01  9.63794888e-01 
 7.02280000e-04  7.40446144e-01  9.64592621e-01  9.64592621e-01  9.64592621e-01  9.64592621e-01 
 7.03280000e-04  7.40427774e-01  9.65372770e-01  9.65372770e-01  9.65372770e-01  9.65372770e-01 
 7.04280000e-04  7.40409783e-01  9.66135710e-01  9.66135710e-01  9.66135710e-01  9.66135710e-01 
 7.05280000e-04  7.40392170e-01  9.66881554e-01  9.66881554e-01  9.66881554e-01  9.66881554e-01 
 7.06280000e-04  7.40374936e-01  9.67610336e-01  9.67610336e-01  9.67610336e-01  9.67610336e-01 
 7.07280000e-04  7.40358083e-01  9.68322086e-01  9.68322086e-01  9.68322086e-01  9.68322086e-01 
 7.08280000e-04  7.40341610e-01  9.69016835e-01  9.69016835e-01  9.69016835e-01  9.69016835e-01 
 7.09280000e-04  7.40325518e-01  9.69694618e-01  9.69694618e-01  9.69694618e-01  9.69694618e-01 
 7.10280000e-04  7.40309808e-01  9.70355467e-01  9.70355467e-01  9.70355467e-01  9.70355467e-01 
 7.11280000e-04  7.40294481e-01  9.70999415e-01  9.70999415e-01  9.70999415e-01  9.70999415e-01 
 7.12280000e-04  7.40279537e-01  9.71626495e-01  9.71626495e-01  9.71626495e-01  9.71626495e-01 
 7.13280000e-04  7.40264977e-01  9.72236738e-01  9.72236738e-01  9.72236738e-01  9.72236738e-01 
 7.14280000e-04  7.40250801e-01  9.72830176e-01  9.72830176e-01  9.72830176e-01  9.72830176e-01 
 7.15280000e-04  7.40237010e-01  9.73406843e-01  9.73406843e-01  9.73406843e-01  9.73406843e-01 
 7.16280000e-04  7.40223604e-01  9.73966768e-01  9.73966768e-01  9.73966768e-01  9.73966768e-01 
 7.17280000e-04  7.40210584e-01  9.74509983e-01  9.74509983e-01  9.74509983e-01  9.74509983e-01 
 7.18280000e-04  7.40197951e-01  9.75036518e-01  9.75036518e-01  9.75036518e-01  9.75036518e-01 
 7.19280000e-04  7.40185705e-01  9.75546403e-01  9.75546403e-01  9.75546403e-01  9.75546403e-01 
 7.20280000e-04  7.40173846e-01  9.76039668e-01  9.76039668e-01  9.76039668e-01  9.76039668e-01 
 7.21280000e-04  7.40162375e-01  9.76516343e-01  9.76516343e-01  9.76516343e-01  9.76516343e-01 
 7.22280000e-04  7.40151293e-01  9.76976454e-01  9.76976454e-01  9.76976454e-01  9.76976454e-01 
 7.23280000e-04  7.40140599e-01  9.77420030e-01  9.77420030e-01  9.77420030e-01  9.77420030e-01 
 7.24280000e-04  7.40130295e-01  9.77847098e-01  9.77847098e-01  9.77847098e-01  9.77847098e-01 
 7.25280000e-04  7.40120380e-01  9.78257684e-01  9.78257684e-01  9.78257684e-01  9.78257684e-01 
 7.26280000e-04  7.40110855e-01  9.78651814e-01  9.78651814e-01  9.78651814e-01  9.78651814e-01 
 7.27280000e-04  7.40101721e-01  9.79029512e-01  9.79029512e-01  9.79029512e-01  9.79029512e-01 
 7.28280000e-04  7.40092977e-01  9.79390804e-01  9.79390804e-01  9.79390804e-01  9.79390804e-01 
 7.29280000e-04  7.40084624e-01  9.79735711e-01  9.79735711e-01  9.79735711e-01  9.79735711e-01 
 7.30280000e-04  7.40076663e-01  9.80064257e-01  9.80064257e-01  9.80064257e-01  9.80064257e-01 
 7.31280000e-04  7.40069094e-01  9.80376462e-01  9.80376462e-01  9.80376462e-01  9.80376462e-01 
 7.32280000e-04  7.40061917e-01  9.80672348e-01  9.80672348e-01  9.80672348e-01  9.80672348e-01 
 7.33280000e-04  7.40055132e-01  9.80951934e-01  9.80951934e-01  9.80951934e-01  9.80951934e-01 
 7.34280000e-04  7.40048740e-01  9.81215239e-01  9.81215239e-01  9.81215239e-01  9.81215239e-01 
 7.35280000e-04  7.40042740e-01  9.81462281e-01  9.81462281e-01  9.81462281e-01  9.81462281e-01 
 7.36280000e-04  7.40037134e-01  9.81693076e-01  9.81693076e-01  9.81693076e-01  9.81693076e-01 
 7.37280000e-04  7.40031921e-01  9.81907641e-01  9.81907641e-01  9.81907641e-01  9.81907641e-01 
 7.38280000e-04  7.40027101e-01  9.82105989e-01  9.82105989e-01  9.82105989e-01  9.82105989e-01 
 7.39280000e-04  7.40022675e-01  9.82288135e-01  9.82288135e-01  9.82288135e-01  9.82288135e-01 
 7.40280000e-04  7.40018643e-01  9.82454092e-01  9.82454092e-01  9.82454092e-01  9.82454092e-01 
 7.41280000e-04  7.40015006e-01  9.82603870e-01  9.82603870e-01  9.82603870e-01  9.82603870e-01 
 7.42280000e-04  7.40011762e-01  9.82737481e-01  9.82737481e-01  9.82737481e-01  9.82737481e-01 
 7.43280000e-04  7.40008913e-01  9.82854934e-01  9.82854934e-01  9.82854934e-01  9.82854934e-01 
 7.44280000e-04  7.40006458e-01  9.82956237e-01  9.82956237e-01  9.82956237e-01  9.82956237e-01 
 7.45280000e-04  7.40004397e-01  9.83041398e-01  9.83041398e-01  9.83041398e-01  9.83041398e-01 
 7.46280000e-04  7.40002731e-01  9.83110422e-01  9.83110422e-01  9.83110422e-01  9.83110422e-01 
 7.47280000e-04  7.40001460e-01  9.83163314e-01  9.83163314e-01  9.83163314e-01  9.83163314e-01 
 7.48280000e-04  7.40000584e-01  9.83200079e-01  9.83200079e-01  9.83200079e-01  9.83200079e-01 
 7.49280000e-04  7.40000102e-01  9.83220719e-01  9.83220719e-01  9.83220719e-01  9.83220719e-01 
 7.50280000e-04  7.40000015e-01  9.83225236e-01  9.83225236e-01  9.83225236e-01  9.83225236e-01 
 7.51280000e-04  7.40000323e-01  9.83213629e-01  9.83213629e-01  9.83213629e-01  9.83213629e-01 
 7.52280000e-04  7.40001026e-01  9.83185899e-01  9.83185899e-01  9.83185899e-01  9.83185899e-01 
 7.53280000e-04  7.40002124e-01  9.83142043e-01  9.83142043e-01  9.83142043e-01  9.83142043e-01 
 7.54280000e-04  7.40003616e-01  9.83082059e-01  9.83082059e-01  9.83082059e-01  9.83082059e-01 
 7.55280000e-04  7.40005502e-01  9.83005942e-01  9.83005942e-01  9.83005942e-01  9.83005942e-01 
 7.56280000e-04  7.40007784e-01  9.82913687e-01  9.82913687e-01  9.82913687e-01  9.82913687e-01 
 7.57280000e-04  7.40010460e-01  9.82805288e-01  9.82805288e-01  9.82805288e-01  9.82805288e-01 
 7.58280000e-04  7.40013530e-01  9.82680737e-01  9.82680737e-01  9.82680737e-01  9.82680737e-01 
 7.59280000e-04  7.40016994e-01  9.82540026e-01  9.82540026e-01  9.82540026e-01  9.82540026e-01 
 7.60280000e-04  7.40020853e-01  9.82383144e-01  9.82383144e-01  9.82383144e-01  9.82383144e-01 
 7.61280000e-04  7.40025105e-01  9.82210082e-01  9.82210082e-01  9.82210082e-01  9.82210082e-01 
 7.62280000e-04  7.40029752e-01  9.82020827e-01  9.82020827e-01  9.82020827e-01  9.82020827e-01 
 7.63280000e-04  7.40034792e-01  9.81815366e-01  9.81815366e-01  9.81815366e-01  9.81815366e-01 
 7.64280000e-04  7.40040225e-01  9.81593686e-01  9.81593686e-01  9.81593686e-01  9.81593686e-01 
 7.65280000e-04  7.40046051e-01  9.81355771e-01  9.81355771e-01  9.81355771e-01  9.81355771e-01 
 7.66280000e-04  7.40052271e-01  9.81101605e-01  9.81101605e-01  9.81101605e-01  9.81101605e-01 
 7.67280000e-04  7.40058883e-01  9.80831172e-01  9.80831172e-01  9.80831172e-01  9.80831172e-01 
 7.68280000e-04  7.40065888e-01  9.80544453e-01  9.80544453e-01  9.80544453e-01  9.80544453e-01 
 7.69280000e-04  7.40073285e-01  9.80241429e-01  9.80241429e-01  9.80241429e-01  9.80241429e-01 
 7.70280000e-04  7.40081073e-01  9.79922081e-01  9.79922081e-01  9.79922081e-01  9.79922081e-01 
 7.71280000e-04  7.40089254e-01  9.79586387e-01  9.79586387e-01  9.79586387e-01  9.79586387e-01 
 7.72280000e-04  7.40097825e-01  9.79234202e-01  9.79234202e-01  9.79234202e-01  9.79234202e-01 
 7.73280000e-04  7.40106788e-01  9.78865862e-01  9.78865862e-01  9.78865862e-01  9.78865862e-01 
 7.74280000e-04  7.40116141e-01  9.78481014e-01  9.78481014e-01  9.78481014e-01  9.78481014e-01 
 7.75280000e-04  7.40125884e-01  9.78079712e-01  9.78079712e-01  9.78079712e-01  9.78079712e-01 
 7.76280000e-04  7.40136017e-01  9.77661948e-01  9.77661948e-01  9.77661948e-01  9.77661948e-01 
 7.77280000e-04  7.40146540e-01  9.77227697e-01  9.77227697e-01  9.77227697e-01  9.77227697e-01 
 7.78280000e-04  7.40157451e-01  9.76776931e-01  9.76776931e-01  9.76776931e-01  9.76776931e-01 
 7.79280000e-04  7.40168751e-01  9.76309624e-01  9.76309624e-01  9.76309624e-01  9.76309624e-01 
 7.80280000e-04  7.40180439e-01  9.75825747e-01  9.75825747e-01  9.75825747e-01  9.75825747e-01 
 7.81280000e-04  7.40192515e-01  9.75325272e-01  9.75325272e-01  9.75325272e-01  9.75325272e-01 
 7.82280000e-04  7.40204978e-01  9.74807915e-01  9.74807915e-01  9.74807915e-01  9.74807915e-01 
 7.83280000e-04  7.40217828e-01  9.74274383e-01  9.74274383e-01  9.74274383e-01  9.74274383e-01 
 7.84280000e-04  7.40231064e-01  9.73723971e-01  9.73723971e-01  9.73723971e-01  9.73723971e-01 
 7.85280000e-04  7.40244685e-01  9.73156806e-01  9.73156806e-01  9.73156806e-01  9.73156806e-01 
 7.86280000e-04  7.40258692e-01  9.72572894e-01  9.72572894e-01  9.72572894e-01  9.72572894e-01 
 7.87280000e-04  7.40273083e-01  9.71971870e-01  9.71971870e-01  9.71971870e-01  9.71971870e-01 
 7.88280000e-04  7.40287858e-01  9.71354665e-01  9.71354665e-01  9.71354665e-01  9.71354665e-01 
 7.89280000e-04  7.40303017e-01  9.70720364e-01  9.70720364e-01  9.70720364e-01  9.70720364e-01 
 7.90280000e-04  7.40318559e-01  9.70069140e-01  9.70069140e-01  9.70069140e-01  9.70069140e-01 
 7.91280000e-04  7.40334482e-01  9.69401011e-01  9.69401011e-01  9.69401011e-01  9.69401011e-01 
 7.92280000e-04  7.40350788e-01  9.68715942e-01  9.68715942e-01  9.68715942e-01  9.68715942e-01 
 7.93280000e-04  7.40367474e-01  9.68013899e-01  9.68013899e-01  9.68013899e-01  9.68013899e-01 
 7.94280000e-04  7.40384540e-01  9.67294851e-01  9.67294851e-01  9.67294851e-01  9.67294851e-01 
 7.95280000e-04  7.40401986e-01  9.66558763e-01  9.66558763e-01  9.66558763e-01  9.66558763e-01 
 7.96280000e-04  7.40419811e-01  9.65805112e-01  9.65805112e-01  9.65805112e-01  9.65805112e-01 
 7.97280000e-04  7.40438014e-01  9.65035282e-01  9.65035282e-01  9.65035282e-01  9.65035282e-01 
 7.98280000e-04  7.40456595e-01  9.64247945e-01  9.64247945e-01  9.64247945e-01  9.64247945e-01 
 7.99280000e-04  7.40475553e-01  9.63443368e-01  9.63443368e-01  9.63443368e-01  9.63443368e-01 
 8.00280000e-04  7.40494886e-01  9.62621592e-01  9.62621592e-01  9.62621592e-01  9.62621592e-01 
 8.01280000e-04  7.40514595e-01  9.61782585e-01  9.61782585e-01  9.61782585e-01  9.61782585e-01 
 8.02280000e-04  7.40534678e-01  9.60926313e-01  9.60926313e-01  9.60926313e-01  9.60926313e-01 
 8.03280000e-04  7.40555135e-01  9.60052744e-01  9.60052744e-01  9.60052744e-01  9.60052744e-01 
 8.04280000e-04  7.40575964e-01  9.59161848e-01  9.59161848e-01  9.59161848e-01  9.59161848e-01 
 8.05280000e-04  7.40597166e-01  9.58253595e-01  9.58253595e-01  9.58253595e-01  9.58253595e-01 
 8.06280000e-04  7.40618739e-01  9.57327956e-01  9.57327956e-01  9.57327956e-01  9.57327956e-01 
 8.07280000e-04  7.40640683e-01  9.56384901e-01  9.56384901e-01  9.56384901e-01  9.56384901e-01 
 8.08280000e-04  7.40662995e-01  9.55424402e-01  9.55424402e-01  9.55424402e-01  9.55424402e-01 
 8.09280000e-04  7.40685677e-01  9.54446432e-01  9.54446432e-01  9.54446432e-01  9.54446432e-01 
 8.10280000e-04  7.40708726e-01  9.53450964e-01  9.53450964e-01  9.53450964e-01  9.53450964e-01 
 8.11280000e-04  7.40732142e-01  9.52437208e-01  9.52437208e-01  9.52437208e-01  9.52437208e-01 
 8.12280000e-04  7.40755924e-01  9.51407344e-01  9.51407344e-01  9.51407344e-01  9.51407344e-01 
 8.13280000e-04  7.40780070e-01  9.50359335e-01  9.50359335e-01  9.50359335e-01  9.50359335e-01 
 8.14280000e-04  7.40804581e-01  9.49293621e-01  9.49293621e-01  9.49293621e-01  9.49293621e-01 
 8.15280000e-04  7.40829455e-01  9.48210295e-01  9.48210295e-01  9.48210295e-01  9.48210295e-01 
 8.16280000e-04  7.40854691e-01  9.47109336e-01  9.47109336e-01  9.47109336e-01  9.47109336e-01 
 8.17280000e-04  7.40880288e-01  9.45990721e-01  9.45990721e-01  9.45990721e-01  9.45990721e-01 
 8.18280000e-04  7.40906244e-01  9.44854432e-01  9.44854432e-01  9.44854432e-01  9.44854432e-01 
 8.19280000e-04  7.40932560e-01  9.43700453e-01  9.43700453e-01  9.43700453e-01  9.43700453e-01 
 8.20280000e-04  7.40959234e-01  9.42528769e-01  9.42528769e-01  9.42528769e-01  9.42528769e-01 
 8.21280000e-04  7.40986265e-01  9.41339366e-01  9.41339366e-01  9.41339366e-01  9.41339366e-01 
 8.22280000e-04  7.41013652e-01  9.40132233e-01  9.40132233e-01  9.40132233e-01  9.40132233e-01 
 8.23280000e-04  7.41041393e-01  9.38907358e-01  9.38907358e-01  9.38907358e-01  9.38907358e-01 
 8.24280000e-04  7.41069488e-01  9.37664733e-01  9.37664733e-01  9.37664733e-01  9.37664733e-01 
 8.25280000e-04  7.41097936e-01  9.36404351e-01  9.36404351e-01  9.36404351e-01  9.36404351e-01 
 8.26280000e-04  7.41126735e-01  9.35126207e-01  9.35126207e-01  9.35126207e-01  9.35126207e-01 
 8.27280000e-04  7.41155884e-01  9.33829290e-01  9.33829290e-01  9.33829290e-01  9.33829290e-01 
 8.28280000e-04  7.41185382e-01  9.32515481e-01  9.32515481e-01  9.32515481e-01  9.32515481e-01 
 8.29280000e-04  7.41215229e-01  9.31184041e-01  9.31184041e-01  9.31184041e-01  9.31184041e-01 
 8.30280000e-04  7.41245422e-01  9.29835867e-01  9.29835867e-01  9.29835867e-01  9.29835867e-01 
 8.31280000e-04  7.41275961e-01  9.28469026e-01  9.28469026e-01  9.28469026e-01  9.28469026e-01 
 8.32280000e-04  7.41306844e-01  9.27083231e-01  9.27083231e-01  9.27083231e-01  9.27083231e-01 
 8.33280000e-04  7.41338071e-01  9.25681694e-01  9.25681694e-01  9.25681694e-01  9.25681694e-01 
 8.34280000e-04  7.41369639e-01  9.24261643e-01  9.24261643e-01  9.24261643e-01  9.24261643e-01 
 8.35280000e-04  7.41401549e-01  9.22823718e-01  9.22823718e-01  9.22823718e-01  9.22823718e-01 
 8.36280000e-04  7.41433797e-01  9.21367003e-01  9.21367003e-01  9.21367003e-01  9.21367003e-01 
 8.37280000e-04  7.41466384e-01  9.19894657e-01  9.19894657e-01  9.19894657e-01  9.19894657e-01 
 8.38280000e-04  7.41499308e-01  9.18403838e-01  9.18403838e-01  9.18403838e-01  9.18403838e-01 
 8.39280000e-04  7.41532567e-01  9.16895218e-01  9.16895218e-01  9.16895218e-01  9.16895218e-01 
 8.40280000e-04  7.41566161e-01  9.15367875e-01  9.15367875e-01  9.15367875e-01  9.15367875e-01 
 8.41280000e-04  7.41600087e-01  9.13825034e-01  9.13825034e-01  9.13825034e-01  9.13825034e-01 
 8.42280000e-04  7.41634345e-01  9.12262700e-01  9.12262700e-01  9.12262700e-01  9.12262700e-01 
 8.43280000e-04  7.41668934e-01  9.10684772e-01  9.10684772e-01  9.10684772e-01  9.10684772e-01 
 8.44280000e-04  7.41703851e-01  9.09088537e-01  9.09088537e-01  9.09088537e-01  9.09088537e-01 
 8.45280000e-04  7.41739096e-01  9.07474693e-01  9.07474693e-01  9.07474693e-01  9.07474693e-01 
 8.46280000e-04  7.41774667e-01  9.05843447e-01  9.05843447e-01  9.05843447e-01  9.05843447e-01 
 8.47280000e-04  7.41810562e-01  9.04194843e-01  9.04194843e-01  9.04194843e-01  9.04194843e-01 
 8.48280000e-04  7.41846781e-01  9.02528924e-01  9.02528924e-01  9.02528924e-01  9.02528924e-01 
 8.49280000e-04  7.41883322e-01  9.00845739e-01  9.00845739e-01  9.00845739e-01  9.00845739e-01 
 8.50280000e-04  7.41920183e-01  8.99144235e-01  8.99144235e-01  8.99144235e-01  8.99144235e-01 
 8.51280000e-04  7.41957364e-01  8.97427648e-01  8.97427648e-01  8.97427648e-01  8.97427648e-01 
 8.52280000e-04  7.41994861e-01  8.95693149e-01  8.95693149e-01  8.95693149e-01  8.95693149e-01 
 8.53280000e-04  7.42032675e-01  8.93940360e-01  8.93940360e-01  8.93940360e-01  8.93940360e-01 
 8.54280000e-04  7.42070804e-01  8.92172645e-01  8.92172645e-01  8.92172645e-01  8.92172645e-01 
 8.55280000e-04  7.42109245e-01  8.90387231e-01  8.90387231e-01  8.90387231e-01  8.90387231e-01 
 8.56280000e-04  7.42147998e-01  8.88584822e-01  8.88584822e-01  8.88584822e-01  8.88584822e-01 
 8.57280000e-04  7.42187061e-01  8.86765658e-01  8.86765658e-01  8.86765658e-01  8.86765658e-01 
 8.58280000e-04  7.42226432e-01  8.84929818e-01  8.84929818e-01  8.84929818e-01  8.84929818e-01 
 8.59280000e-04  7.42266110e-01  8.83077375e-01  8.83077375e-01  8.83077375e-01  8.83077375e-01 
 8.60280000e-04  7.42306094e-01  8.81207398e-01  8.81207398e-01  8.81207398e-01  8.81207398e-01 
 8.61280000e-04  7.42346381e-01  8.79322891e-01  8.79322891e-01  8.79322891e-01  8.79322891e-01 
 8.62280000e-04  7.42386970e-01  8.77420309e-01  8.77420309e-01  8.77420309e-01  8.77420309e-01 
 8.63280000e-04  7.42427860e-01  8.75502202e-01  8.75502202e-01  8.75502202e-01  8.75502202e-01 
 8.64280000e-04  7.42469049e-01  8.73569038e-01  8.73569038e-01  8.73569038e-01  8.73569038e-01 
 8.65280000e-04  7.42510535e-01  8.71618026e-01  8.71618026e-01  8.71618026e-01  8.71618026e-01 
 8.66280000e-04  7.42552317e-01  8.69652672e-01  8.69652672e-01  8.69652672e-01  8.69652672e-01 
 8.67280000e-04  7.42594393e-01  8.67670790e-01  8.67670790e-01  8.67670790e-01  8.67670790e-01 
 8.68280000e-04  7.42636761e-01  8.65673030e-01  8.65673030e-01  8.65673030e-01  8.65673030e-01 
 8.69280000e-04  7.42679420e-01  8.63659643e-01  8.63659643e-01  8.63659643e-01  8.63659643e-01 
 8.70280000e-04  7.42722368e-01  8.61630742e-01  8.61630742e-01  8.61630742e-01  8.61630742e-01 
 8.71280000e-04  7.42765603e-01  8.59585630e-01  8.59585630e-01  8.59585630e-01  8.59585630e-01 
 8.72280000e-04  7.42809124e-01  8.57526760e-01  8.57526760e-01  8.57526760e-01  8.57526760e-01 
 8.73280000e-04  7.42852929e-01  8.55451375e-01  8.55451375e-01  8.55451375e-01  8.55451375e-01 
 8.74280000e-04  7.42897016e-01  8.53362269e-01  8.53362269e-01  8.53362269e-01  8.53362269e-01 
 8.75280000e-04  7.42941383e-01  8.51256995e-01  8.51256995e-01  8.51256995e-01  8.51256995e-01 
 8.76280000e-04  7.42986029e-01  8.49137491e-01  8.49137491e-01  8.49137491e-01  8.49137491e-01 
 8.77280000e-04  7.43030952e-01  8.47003463e-01  8.47003463e-01  8.47003463e-01  8.47003463e-01 
 8.78280000e-04  7.43076150e-01  8.44854939e-01  8.44854939e-01  8.44854939e-01  8.44854939e-01 
 8.79280000e-04  7.43121621e-01  8.42692657e-01  8.42692657e-01  8.42692657e-01  8.42692657e-01 
 8.80280000e-04  7.43167364e-01  8.40515048e-01  8.40515048e-01  8.40515048e-01  8.40515048e-01 
 8.81280000e-04  7.43213377e-01  8.38323816e-01  8.38323816e-01  8.38323816e-01  8.38323816e-01 
 8.82280000e-04  7.43259657e-01  8.36118764e-01  8.36118764e-01  8.36118764e-01  8.36118764e-01 
 8.83280000e-04  7.43306204e-01  8.33899954e-01  8.33899954e-01  8.33899954e-01  8.33899954e-01 
 8.84280000e-04  7.43353015e-01  8.31667539e-01  8.31667539e-01  8.31667539e-01  8.31667539e-01 
 8.85280000e-04  7.43400088e-01  8.29421681e-01  8.29421681e-01  8.29421681e-01  8.29421681e-01 
 8.86280000e-04  7.43447422e-01  8.27162542e-01  8.27162542e-01  8.27162542e-01  8.27162542e-01 
 8.87280000e-04  7.43495015e-01  8.24890286e-01  8.24890286e-01  8.24890286e-01  8.24890286e-01 
 8.88280000e-04  7.43542864e-01  8.22605080e-01  8.22605080e-01  8.22605080e-01  8.22605080e-01 
 8.89280000e-04  7.43590968e-01  8.20307092e-01  8.20307092e-01  8.20307092e-01  8.20307092e-01 
 8.90280000e-04  7.43639326e-01  8.17996495e-01  8.17996495e-01  8.17996495e-01  8.17996495e-01 
 8.91280000e-04  7.43687934e-01  8.15673463e-01  8.15673463e-01  8.15673463e-01  8.15673463e-01 
 8.92280000e-04  7.43736792e-01  8.13338174e-01  8.13338174e-01  8.13338174e-01  8.13338174e-01 
 8.93280000e-04  7.43785896e-01  8.10990808e-01  8.10990808e-01  8.10990808e-01  8.10990808e-01 
 8.94280000e-04  7.43835247e-01  8.08631545e-01  8.08631545e-01  8.08631545e-01  8.08631545e-01 
 8.95280000e-04  7.43884840e-01  8.06260571e-01  8.06260571e-01  8.06260571e-01  8.06260571e-01 
 8.96280000e-04  7.43934675e-01  8.03878072e-01  8.03878072e-01  8.03878072e-01  8.03878072e-01 
 8.97280000e-04  7.43984749e-01  8.01484239e-01  8.01484239e-01  8.01484239e-01  8.01484239e-01 
 8.98280000e-04  7.44035061e-01  7.99079261e-01  7.99079261e-01  7.99079261e-01  7.99079261e-01 
 8.99280000e-04  7.44085609e-01  7.96663333e-01  7.96663333e-01  7.96663333e-01  7.96663333e-01 
 9.00280000e-04  7.44136390e-01  7.94236652e-01  7.94236652e-01  7.94236652e-01  7.94236652e-01 
 9.00405000e-04  7.44142753e-01  7.93932537e-01  7.93932537e-01  7.93932537e-01  7.93932537e-01 
 9.00655000e-04  7.44155492e-01  7.93323881e-01  7.93323881e-01  7.93323881e-01  7.93323881e-01 
 9.01155000e-04  7.44181013e-01  7.92104629e-01  7.92104629e-01  7.92104629e-01  7.92104629e-01 
 9.02155000e-04  7.44232226e-01  7.89658328e-01  7.89658328e-01  7.89658328e-01  7.89658328e-01 
 9.03155000e-04  7.44283667e-01  7.87201839e-01  7.87201839e-01  7.87201839e-01  7.87201839e-01 
 9.04155000e-04  7.44335334e-01  7.84735375e-01  7.84735375e-01  7.84735375e-01  7.84735375e-01 
 9.05155000e-04  7.44387224e-01  7.82259142e-01  7.82259142e-01  7.82259142e-01  7.82259142e-01 
 9.06155000e-04  7.44439336e-01  7.79773347e-01  7.79773347e-01  7.79773347e-01  7.79773347e-01 
 9.07155000e-04  7.44491667e-01  7.77278202e-01  7.77278202e-01  7.77278202e-01  7.77278202e-01 
 9.08155000e-04  7.44544216e-01  7.74773916e-01  7.74773916e-01  7.74773916e-01  7.74773916e-01 
 9.09155000e-04  7.44596980e-01  7.72260705e-01  7.72260705e-01  7.72260705e-01  7.72260705e-01 
 9.10155000e-04  7.44649957e-01  7.69738783e-01  7.69738783e-01  7.69738783e-01  7.69738783e-01 
 9.11155000e-04  7.44703146e-01  7.67208367e-01  7.67208367e-01  7.67208367e-01  7.67208367e-01 
 9.12155000e-04  7.44756544e-01  7.64669675e-01  7.64669675e-01  7.64669675e-01  7.64669675e-01 
 9.13155000e-04  7.44810149e-01  7.62122928e-01  7.62122928e-01  7.62122928e-01  7.62122928e-01 
 9.14155000e-04  7.44863958e-01  7.59568347e-01  7.59568347e-01  7.59568347e-01  7.59568347e-01 
 9.15155000e-04  7.44917971e-01  7.57006156e-01  7.57006156e-01  7.57006156e-01  7.57006156e-01 
 9.16155000e-04  7.44972184e-01  7.54436579e-01  7.54436579e-01  7.54436579e-01  7.54436579e-01 
 9.17155000e-04  7.45026596e-01  7.51859843e-01  7.51859843e-01  7.51859843e-01  7.51859843e-01 
 9.18155000e-04  7.45081204e-01  7.49276174e-01  7.49276174e-01  7.49276174e-01  7.49276174e-01 
 9.19155000e-04  7.45136006e-01  7.46685801e-01  7.46685801e-01  7.46685801e-01  7.46685801e-01 
 9.20155000e-04  7.45191000e-01  7.44088956e-01  7.44088956e-01  7.44088956e-01  7.44088956e-01 
 9.21155000e-04  7.45246184e-01  7.41485868e-01  7.41485868e-01  7.41485868e-01  7.41485868e-01 
 9.22155000e-04  7.45301555e-01  7.38876771e-01  7.38876771e-01  7.38876771e-01  7.38876771e-01 
 9.23155000e-04  7.45357113e-01  7.36261897e-01  7.36261897e-01  7.36261897e-01  7.36261897e-01 
 9.24155000e-04  7.45412853e-01  7.33641482e-01  7.33641482e-01  7.33641482e-01  7.33641482e-01 
 9.25155000e-04  7.45468775e-01  7.31015762e-01  7.31015762e-01  7.31015762e-01  7.31015762e-01 
 9.26155000e-04  7.45524875e-01  7.28384973e-01  7.28384973e-01  7.28384973e-01  7.28384973e-01 
 9.27155000e-04  7.45581152e-01  7.25749353e-01  7.25749353e-01  7.25749353e-01  7.25749353e-01 
 9.28155000e-04  7.45637604e-01  7.23109140e-01  7.23109140e-01  7.23109140e-01  7.23109140e-01 
 9.29155000e-04  7.45694227e-01  7.20464575e-01  7.20464575e-01  7.20464575e-01  7.20464575e-01 
 9.30155000e-04  7.45751021e-01  7.17815898e-01  7.17815898e-01  7.17815898e-01  7.17815898e-01 
 9.31155000e-04  7.45807983e-01  7.15163349e-01  7.15163349e-01  7.15163349e-01  7.15163349e-01 
 9.32155000e-04  7.45865110e-01  7.12507172e-01  7.12507172e-01  7.12507172e-01  7.12507172e-01 
 9.33155000e-04  7.45922400e-01  7.09847608e-01  7.09847608e-01  7.09847608e-01  7.09847608e-01 
 9.34155000e-04  7.45979851e-01  7.07184901e-01  7.07184901e-01  7.07184901e-01  7.07184901e-01 
 9.35155000e-04  7.46037461e-01  7.04519295e-01  7.04519295e-01  7.04519295e-01  7.04519295e-01 
 9.36155000e-04  7.46095227e-01  7.01851035e-01  7.01851035e-01  7.01851035e-01  7.01851035e-01 
 9.37155000e-04  7.46153148e-01  6.99180366e-01  6.99180366e-01  6.99180366e-01  6.99180366e-01 
 9.38155000e-04  7.46211220e-01  6.96507534e-01  6.96507534e-01  6.96507534e-01  6.96507534e-01 
 9.39155000e-04  7.46269442e-01  6.93832785e-01  6.93832785e-01  6.93832785e-01  6.93832785e-01 
 9.40155000e-04  7.46327811e-01  6.91156367e-01  6.91156367e-01  6.91156367e-01  6.91156367e-01 
 9.41155000e-04  7.46386325e-01  6.88478526e-01  6.88478526e-01  6.88478526e-01  6.88478526e-01 
 9.42155000e-04  7.46444982e-01  6.85799510e-01  6.85799510e-01  6.85799510e-01  6.85799510e-01 
 9.43155000e-04  7.46503779e-01  6.83119567e-01  6.83119567e-01  6.83119567e-01  6.83119567e-01 
 9.44155000e-04  7.46562715e-01  6.80438947e-01  6.80438947e-01  6.80438947e-01  6.80438947e-01 
 9.45155000e-04  7.46621786e-01  6.77757897e-01  6.77757897e-01  6.77757897e-01  6.77757897e-01 
 9.46155000e-04  7.46680990e-01  6.75076667e-01  6.75076667e-01  6.75076667e-01  6.75076667e-01 
 9.47155000e-04  7.46740325e-01  6.72395506e-01  6.72395506e-01  6.72395506e-01  6.72395506e-01 
 9.48155000e-04  7.46799789e-01  6.69714664e-01  6.69714664e-01  6.69714664e-01  6.69714664e-01 
 9.49155000e-04  7.46859379e-01  6.67034391e-01  6.67034391e-01  6.67034391e-01  6.67034391e-01 
 9.50155000e-04  7.46919094e-01  6.64354937e-01  6.64354937e-01  6.64354937e-01  6.64354937e-01 
 9.51155000e-04  7.46978930e-01  6.61676552e-01  6.61676552e-01  6.61676552e-01  6.61676552e-01 
 9.52155000e-04  7.47038885e-01  6.58999487e-01  6.58999487e-01  6.58999487e-01  6.58999487e-01 
 9.53155000e-04  7.47098957e-01  6.56323992e-01  6.56323992e-01  6.56323992e-01  6.56323992e-01 
 9.54155000e-04  7.47159144e-01  6.53650318e-01  6.53650318e-01  6.53650318e-01  6.53650318e-01 
 9.55155000e-04  7.47219443e-01  6.50978716e-01  6.50978716e-01  6.50978716e-01  6.50978716e-01 
 9.56155000e-04  7.47279851e-01  6.48309438e-01  6.48309438e-01  6.48309438e-01  6.48309438e-01 
 9.57155000e-04  7.47340367e-01  6.45642733e-01  6.45642733e-01  6.45642733e-01  6.45642733e-01 
 9.58155000e-04  7.47400988e-01  6.42978852e-01  6.42978852e-01  6.42978852e-01  6.42978852e-01 
 9.59155000e-04  7.47461712e-01  6.40318048e-01  6.40318048e-01  6.40318048e-01  6.40318048e-01 
 9.60155000e-04  7.47522535e-01  6.37660571e-01  6.37660571e-01  6.37660571e-01  6.37660571e-01 
 9.61155000e-04  7.47583457e-01  6.35006671e-01  6.35006671e-01  6.35006671e-01  6.35006671e-01 
 9.62155000e-04  7.47644474e-01  6.32356601e-01  6.32356601e-01  6.32356601e-01  6.32356601e-01 
 9.63155000e-04  7.47705584e-01  6.29710610e-01  6.29710610e-01  6.29710610e-01  6.29710610e-01 
 9.64155000e-04  7.47766784e-01  6.27068950e-01  6.27068950e-01  6.27068950e-01  6.27068950e-01 
 9.65155000e-04  7.47828073e-01  6.24431872e-01  6.24431872e-01  6.24431872e-01  6.24431872e-01 
 9.66155000e-04  7.47889447e-01  6.21799625e-01  6.21799625e-01  6.21799625e-01  6.21799625e-01 
 9.67155000e-04  7.47950905e-01  6.19172462e-01  6.19172462e-01  6.19172462e-01  6.19172462e-01 
 9.68155000e-04  7.48012444e-01  6.16550631e-01  6.16550631e-01  6.16550631e-01  6.16550631e-01 
 9.69155000e-04  7.48074061e-01  6.13934384e-01  6.13934384e-01  6.13934384e-01  6.13934384e-01 
 9.70155000e-04  7.48135754e-01  6.11323971e-01  6.11323971e-01  6.11323971e-01  6.11323971e-01 
 9.71155000e-04  7.48197521e-01  6.08719640e-01  6.08719640e-01  6.08719640e-01  6.08719640e-01 
 9.72155000e-04  7.48259359e-01  6.06121643e-01  6.06121643e-01  6.06121643e-01  6.06121643e-01 
 9.73155000e-04  7.48321265e-01  6.03530228e-01  6.03530228e-01  6.03530228e-01  6.03530228e-01 
 9.74155000e-04  7.48383238e-01  6.00945644e-01  6.00945644e-01  6.00945644e-01  6.00945644e-01 
 9.75155000e-04  7.48445275e-01  5.98368141e-01  5.98368141e-01  5.98368141e-01  5.98368141e-01 
 9.76155000e-04  7.48507373e-01  5.95797966e-01  5.95797966e-01  5.95797966e-01  5.95797966e-01 
 9.77155000e-04  7.48569530e-01  5.93235369e-01  5.93235369e-01  5.93235369e-01  5.93235369e-01 
 9.78155000e-04  7.48631744e-01  5.90680596e-01  5.90680596e-01  5.90680596e-01  5.90680596e-01 
 9.79155000e-04  7.48694011e-01  5.88133895e-01  5.88133895e-01  5.88133895e-01  5.88133895e-01 
 9.80155000e-04  7.48756330e-01  5.85595513e-01  5.85595513e-01  5.85595513e-01  5.85595513e-01 
 9.81155000e-04  7.48818699e-01  5.83065696e-01  5.83065696e-01  5.83065696e-01  5.83065696e-01 
 9.82155000e-04  7.48881113e-01  5.80544690e-01  5.80544690e-01  5.80544690e-01  5.80544690e-01 
 9.83155000e-04  7.48943572e-01  5.78032741e-01  5.78032741e-01  5.78032741e-01  5.78032741e-01 
 9.84155000e-04  7.49006073e-01  5.75530093e-01  5.75530093e-01  5.75530093e-01  5.75530093e-01 
 9.85155000e-04  7.49068613e-01  5.73036990e-01  5.73036990e-01  5.73036990e-01  5.73036990e-01 
 9.86155000e-04  7.49131190e-01  5.70553674e-01  5.70553674e-01  5.70553674e-01  5.70553674e-01 
 9.87155000e-04  7.49193801e-01  5.68080390e-01  5.68080390e-01  5.68080390e-01  5.68080390e-01 
 9.88155000e-04  7.49256444e-01  5.65617377e-01  5.65617377e-01  5.65617377e-01  5.65617377e-01 
 9.89155000e-04  7.49319116e-01  5.63164877e-01  5.63164877e-01  5.63164877e-01  5.63164877e-01 
 9.90155000e-04  7.49381815e-01  5.60723129e-01  5.60723129e-01  5.60723129e-01  5.60723129e-01 
 9.91155000e-04  7.49444538e-01  5.58292371e-01  5.58292371e-01  5.58292371e-01  5.58292371e-01 
 9.92155000e-04  7.49507284e-01  5.55872841e-01  5.55872841e-01  5.55872841e-01  5.55872841e-01 
 9.93155000e-04  7.49570049e-01  5.53464775e-01  5.53464775e-01  5.53464775e-01  5.53464775e-01 
 9.94155000e-04  7.49632830e-01  5.51068407e-01  5.51068407e-01  5.51068407e-01  5.51068407e-01 
 9.95155000e-04  7.49695627e-01  5.48683970e-01  5.48683970e-01  5.48683970e-01  5.48683970e-01 
 9.96155000e-04  7.49758435e-01  5.46311696e-01  5.46311696e-01  5.46311696e-01  5.46311696e-01 
 9.97155000e-04  7.49821253e-01  5.43951814e-01  5.43951814e-01  5.43951814e-01  5.43951814e-01 
 9.98155000e-04  7.49884078e-01  5.41604553e-01  5.41604553e-01  5.41604553e-01  5.41604553e-01 
 9.99155000e-04  7.49946907e-01  5.39270137e-01  5.39270137e-01  5.39270137e-01  5.39270137e-01 
 1.00015500e-03  7.50009739e-01  5.36948791e-01  5.36948791e-01  5.36948791e-01  5.36948791e-01 
 1.00115500e-03  7.50072570e-01  5.34640736e-01  5.34640736e-01  5.34640736e-01  5.34640736e-01 
 1.00215500e-03  7.50135399e-01  5.32346191e-01  5.32346191e-01  5.32346191e-01  5.32346191e-01 
 1.00315500e-03  7.50198222e-01  5.30065373e-01  5.30065373e-01  5.30065373e-01  5.30065373e-01 
 1.00415500e-03  7.50261037e-01  5.27798494e-01  5.27798494e-01  5.27798494e-01  5.27798494e-01 
 1.00515500e-03  7.50323842e-01  5.25545766e-01  5.25545766e-01  5.25545766e-01  5.25545766e-01 
 1.00615500e-03  7.50386634e-01  5.23307395e-01  5.23307395e-01  5.23307395e-01  5.23307395e-01 
 1.00715500e-03  7.50449410e-01  5.21083587e-01  5.21083587e-01  5.21083587e-01  5.21083587e-01 
 1.00815500e-03  7.50512170e-01  5.18874541e-01  5.18874541e-01  5.18874541e-01  5.18874541e-01 
 1.00915500e-03  7.50574908e-01  5.16680454e-01  5.16680454e-01  5.16680454e-01  5.16680454e-01 
 1.01015500e-03  7.50637625e-01  5.14501519e-01  5.14501519e-01  5.14501519e-01  5.14501519e-01 
 1.01115500e-03  7.50700316e-01  5.12337925e-01  5.12337925e-01  5.12337925e-01  5.12337925e-01 
 1.01215500e-03  7.50762979e-01  5.10189855e-01  5.10189855e-01  5.10189855e-01  5.10189855e-01 
 1.01315500e-03  7.50825612e-01  5.08057491e-01  5.08057491e-01  5.08057491e-01  5.08057491e-01 
 1.01415500e-03  7.50888213e-01  5.05941006e-01  5.05941006e-01  5.05941006e-01  5.05941006e-01 
 1.01515500e-03  7.50950778e-01  5.03840571e-01  5.03840571e-01  5.03840571e-01  5.03840571e-01 
 1.01615500e-03  7.51013306e-01  5.01756349e-01  5.01756349e-01  5.01756349e-01  5.01756349e-01 
 1.01715500e-03  7.51075794e-01  4.99688500e-01  4.99688500e-01  4.99688500e-01  4.99688500e-01 
 1.01815500e-03  7.51138240e-01  4.97637177e-01  4.97637177e-01  4.97637177e-01  4.97637177e-01 
 1.01915500e-03  7.51200641e-01  4.95602528e-01  4.95602528e-01  4.95602528e-01  4.95602528e-01 
 1.02015500e-03  7.51262994e-01  4.93584694e-01  4.93584694e-01  4.93584694e-01  4.93584694e-01 
 1.02115500e-03  7.51325297e-01  4.91583809e-01  4.91583809e-01  4.91583809e-01  4.91583809e-01 
 1.02215500e-03  7.51387548e-01  4.89600002e-01  4.89600002e-01  4.89600002e-01  4.89600002e-01 
 1.02315500e-03  7.51449745e-01  4.87633394e-01  4.87633394e-01  4.87633394e-01  4.87633394e-01 
 1.02415500e-03  7.51511884e-01  4.85684099e-01  4.85684099e-01  4.85684099e-01  4.85684099e-01 
 1.02515500e-03  7.51573963e-01  4.83752225e-01  4.83752225e-01  4.83752225e-01  4.83752225e-01 
 1.02615500e-03  7.51635980e-01  4.81837873e-01  4.81837873e-01  4.81837873e-01  4.81837873e-01 
 1.02715500e-03  7.51697933e-01  4.79941133e-01  4.79941133e-01  4.79941133e-01  4.79941133e-01 
 1.02815500e-03  7.51759818e-01  4.78062092e-01  4.78062092e-01  4.78062092e-01  4.78062092e-01 
 1.02915500e-03  7.51821634e-01  4.76200825e-01  4.76200825e-01  4.76200825e-01  4.76200825e-01 
 1.03015500e-03  7.51883379e-01  4.74357403e-01  4.74357403e-01  4.74357403e-01  4.74357403e-01 
 1.03115500e-03  7.51945049e-01  4.72531887e-01  4.72531887e-01  4.72531887e-01  4.72531887e-01 
 1.03215500e-03  7.52006642e-01  4.70724329e-01  4.70724329e-01  4.70724329e-01  4.70724329e-01 
 1.03315500e-03  7.52068155e-01  4.68934774e-01  4.68934774e-01  4.68934774e-01  4.68934774e-01 
 1.03415500e-03  7.52129588e-01  4.67163259e-01  4.67163259e-01  4.67163259e-01  4.67163259e-01 
 1.03515500e-03  7.52190936e-01  4.65409814e-01  4.65409814e-01  4.65409814e-01  4.65409814e-01 
 1.03615500e-03  7.52252197e-01  4.63674456e-01  4.63674456e-01  4.63674456e-01  4.63674456e-01 
 1.03715500e-03  7.52313370e-01  4.61957200e-01  4.61957200e-01  4.61957200e-01  4.61957200e-01 
 1.03815500e-03  7.52374452e-01  4.60258048e-01  4.60258048e-01  4.60258048e-01  4.60258048e-01 
 1.03915500e-03  7.52435439e-01  4.58576997e-01  4.58576997e-01  4.58576997e-01  4.58576997e-01 
 1.04015500e-03  7.52496331e-01  4.56914033e-01  4.56914033e-01  4.56914033e-01  4.56914033e-01 
 1.04115500e-03  7.52557124e-01  4.55269135e-01  4.55269135e-01  4.55269135e-01  4.55269135e-01 
 1.04215500e-03  7.52617816e-01  4.53642277e-01  4.53642277e-01  4.53642277e-01  4.53642277e-01 
 1.04315500e-03  7.52678404e-01  4.52033420e-01  4.52033420e-01  4.52033420e-01  4.52033420e-01 
 1.04415500e-03  7.52738887e-01  4.50442522e-01  4.50442522e-01  4.50442522e-01  4.50442522e-01 
 1.04515500e-03  7.52799262e-01  4.48869530e-01  4.48869530e-01  4.48869530e-01  4.48869530e-01 
 1.04615500e-03  7.52859526e-01  4.47314386e-01  4.47314386e-01  4.47314386e-01  4.47314386e-01 
 1.04715500e-03  7.52919678e-01  4.45777023e-01  4.45777023e-01  4.45777023e-01  4.45777023e-01 
 1.04815500e-03  7.52979714e-01  4.44257369e-01  4.44257369e-01  4.44257369e-01  4.44257369e-01 
 1.04915500e-03  7.53039632e-01  4.42755343e-01  4.42755343e-01  4.42755343e-01  4.42755343e-01 
 1.05015500e-03  7.53099431e-01  4.41270859e-01  4.41270859e-01  4.41270859e-01  4.41270859e-01 
 1.05115500e-03  7.53159107e-01  4.39803825e-01  4.39803825e-01  4.39803825e-01  4.39803825e-01 
 1.05215500e-03  7.53218658e-01  4.38354141e-01  4.38354141e-01  4.38354141e-01  4.38354141e-01 
 1.05315500e-03  7.53278083e-01  4.36921703e-01  4.36921703e-01  4.36921703e-01  4.36921703e-01 
 1.05415500e-03  7.53337378e-01  4.35506400e-01  4.35506400e-01  4.35506400e-01  4.35506400e-01 
 1.05515500e-03  7.53396541e-01  4.34108117e-01  4.34108117e-01  4.34108117e-01  4.34108117e-01 
 1.05615500e-03  7.53455570e-01  4.32726733e-01  4.32726733e-01  4.32726733e-01  4.32726733e-01 
 1.05715500e-03  7.53514463e-01  4.31362123e-01  4.31362123e-01  4.31362123e-01  4.31362123e-01 
 1.05815500e-03  7.53573216e-01  4.30014157e-01  4.30014157e-01  4.30014157e-01  4.30014157e-01 
 1.05915500e-03  7.53631829e-01  4.28682700e-01  4.28682700e-01  4.28682700e-01  4.28682700e-01 
 1.06015500e-03  7.53690299e-01  4.27367615e-01  4.27367615e-01  4.27367615e-01  4.27367615e-01 
 1.06115500e-03  7.53748623e-01  4.26068760e-01  4.26068760e-01  4.26068760e-01  4.26068760e-01 
 1.06215500e-03  7.53806798e-01  4.24785989e-01  4.24785989e-01  4.24785989e-01  4.24785989e-01 
 1.06315500e-03  7.53864824e-01  4.23519155e-01  4.23519155e-01  4.23519155e-01  4.23519155e-01 
 1.06415500e-03  7.53922697e-01  4.22268105e-01  4.22268105e-01  4.22268105e-01  4.22268105e-01 
 1.06515500e-03  7.53980415e-01  4.21032686e-01  4.21032686e-01  4.21032686e-01  4.21032686e-01 
 1.06615500e-03  7.54037976e-01  4.19812743e-01  4.19812743e-01  4.19812743e-01  4.19812743e-01 
 1.06715500e-03  7.54095377e-01  4.18608116e-01  4.18608116e-01  4.18608116e-01  4.18608116e-01 
 1.06815500e-03  7.54152617e-01  4.17418645e-01  4.17418645e-01  4.17418645e-01  4.17418645e-01 
 1.06915500e-03  7.54209693e-01  4.16244169e-01  4.16244169e-01  4.16244169e-01  4.16244169e-01 
 1.07015500e-03  7.54266603e-01  4.15084525e-01  4.15084525e-01  4.15084525e-01  4.15084525e-01 
 1.07115500e-03  7.54323344e-01  4.13939548e-01  4.13939548e-01  4.13939548e-01  4.13939548e-01 
 1.07215500e-03  7.54379915e-01  4.12809073e-01  4.12809073e-01  4.12809073e-01  4.12809073e-01 
 1.07315500e-03  7.54436313e-01  4.11692934e-01  4.11692934e-01  4.11692934e-01  4.11692934e-01 
 1.07415500e-03  7.54492535e-01  4.10590966e-01  4.10590966e-01  4.10590966e-01  4.10590966e-01 
 1.07515500e-03  7.54548580e-01  4.09503000e-01  4.09503000e-01  4.09503000e-01  4.09503000e-01 
 1.07615500e-03  7.54604446e-01  4.08428869e-01  4.08428869e-01  4.08428869e-01  4.08428869e-01 
 1.07715500e-03  7.54660130e-01  4.07368408e-01  4.07368408e-01  4.07368408e-01  4.07368408e-01 
 1.07815500e-03  7.54715630e-01  4.06321450e-01  4.06321450e-01  4.06321450e-01  4.06321450e-01 
 1.07915500e-03  7.54770943e-01  4.05287826e-01  4.05287826e-01  4.05287826e-01  4.05287826e-01 
 1.08015500e-03  7.54826069e-01  4.04267373e-01  4.04267373e-01  4.04267373e-01  4.04267373e-01 
 1.08115500e-03  7.54881004e-01  4.03259925e-01  4.03259925e-01  4.03259925e-01  4.03259925e-01 
 1.08215500e-03  7.54935746e-01  4.02265317e-01  4.02265317e-01  4.02265317e-01  4.02265317e-01 
 1.08315500e-03  7.54990293e-01  4.01283385e-01  4.01283385e-01  4.01283385e-01  4.01283385e-01 
 1.08415500e-03  7.55044643e-01  4.00313968e-01  4.00313968e-01  4.00313968e-01  4.00313968e-01 
 1.08515500e-03  7.55098794e-01  3.99356903e-01  3.99356903e-01  3.99356903e-01  3.99356903e-01 
 1.08615500e-03  7.55152744e-01  3.98412030e-01  3.98412030e-01  3.98412030e-01  3.98412030e-01 
 1.08715500e-03  7.55206491e-01  3.97479190e-01  3.97479190e-01  3.97479190e-01  3.97479190e-01 
 1.08815500e-03  7.55260032e-01  3.96558227e-01  3.96558227e-01  3.96558227e-01  3.96558227e-01 
 1.08915500e-03  7.55313365e-01  3.95648983e-01  3.95648983e-01  3.95648983e-01  3.95648983e-01 
 1.09015500e-03  7.55366488e-01  3.94751304e-01  3.94751304e-01  3.94751304e-01  3.94751304e-01 
 1.09115500e-03  7.55419400e-01  3.93865038e-01  3.93865038e-01  3.93865038e-01  3.93865038e-01 
 1.09215500e-03  7.55472098e-01  3.92990033e-01  3.92990033e-01  3.92990033e-01  3.92990033e-01 
 1.09315500e-03  7.55524579e-01  3.92126139e-01  3.92126139e-01  3.92126139e-01  3.92126139e-01 
 1.09415500e-03  7.55576843e-01  3.91273209e-01  3.91273209e-01  3.91273209e-01  3.91273209e-01 
 1.09515500e-03  7.55628886e-01  3.90431097e-01  3.90431097e-01  3.90431097e-01  3.90431097e-01 
 1.09615500e-03  7.55680707e-01  3.89599659e-01  3.89599659e-01  3.89599659e-01  3.89599659e-01 
 1.09715500e-03  7.55732304e-01  3.88778753e-01  3.88778753e-01  3.88778753e-01  3.88778753e-01 
 1.09815500e-03  7.55783675e-01  3.87968239e-01  3.87968239e-01  3.87968239e-01  3.87968239e-01 
 1.09915500e-03  7.55834817e-01  3.87167977e-01  3.87167977e-01  3.87167977e-01  3.87167977e-01 
 1.10015500e-03  7.55885729e-01  3.86377833e-01  3.86377833e-01  3.86377833e-01  3.86377833e-01 
 1.10115500e-03  7.55936408e-01  3.85597671e-01  3.85597671e-01  3.85597671e-01  3.85597671e-01 
 1.10215500e-03  7.55986853e-01  3.84827359e-01  3.84827359e-01  3.84827359e-01  3.84827359e-01 
 1.10315500e-03  7.56037062e-01  3.84066767e-01  3.84066767e-01  3.84066767e-01  3.84066767e-01 
 1.10415500e-03  7.56087033e-01  3.83315767e-01  3.83315767e-01  3.83315767e-01  3.83315767e-01 
 1.10515500e-03  7.56136763e-01  3.82574232e-01  3.82574232e-01  3.82574232e-01  3.82574232e-01 
 1.10615500e-03  7.56186251e-01  3.81842037e-01  3.81842037e-01  3.81842037e-01  3.81842037e-01 
 1.10715500e-03  7.56235495e-01  3.81119061e-01  3.81119061e-01  3.81119061e-01  3.81119061e-01 
 1.10815500e-03  7.56284492e-01  3.80405183e-01  3.80405183e-01  3.80405183e-01  3.80405183e-01 
 1.10915500e-03  7.56333241e-01  3.79700285e-01  3.79700285e-01  3.79700285e-01  3.79700285e-01 
 1.11015500e-03  7.56381741e-01  3.79004251e-01  3.79004251e-01  3.79004251e-01  3.79004251e-01 
 1.11115500e-03  7.56429988e-01  3.78316966e-01  3.78316966e-01  3.78316966e-01  3.78316966e-01 
 1.11215500e-03  7.56477982e-01  3.77638317e-01  3.77638317e-01  3.77638317e-01  3.77638317e-01 
 1.11315500e-03  7.56525720e-01  3.76968195e-01  3.76968195e-01  3.76968195e-01  3.76968195e-01 
 1.11415500e-03  7.56573200e-01  3.76306491e-01  3.76306491e-01  3.76306491e-01  3.76306491e-01 
 1.11515500e-03  7.56620421e-01  3.75653097e-01  3.75653097e-01  3.75653097e-01  3.75653097e-01 
 1.11615500e-03  7.56667380e-01  3.75007911e-01  3.75007911e-01  3.75007911e-01  3.75007911e-01 
 1.11715500e-03  7.56714076e-01  3.74370828e-01  3.74370828e-01  3.74370828e-01  3.74370828e-01 
 1.11815500e-03  7.56760507e-01  3.73741747e-01  3.73741747e-01  3.73741747e-01  3.73741747e-01 
 1.11915500e-03  7.56806672e-01  3.73120571e-01  3.73120571e-01  3.73120571e-01  3.73120571e-01 
 1.12015500e-03  7.56852567e-01  3.72507201e-01  3.72507201e-01  3.72507201e-01  3.72507201e-01 
 1.12115500e-03  7.56898192e-01  3.71901541e-01  3.71901541e-01  3.71901541e-01  3.71901541e-01 
 1.12215500e-03  7.56943545e-01  3.71303499e-01  3.71303499e-01  3.71303499e-01  3.71303499e-01 
 1.12315500e-03  7.56988623e-01  3.70712982e-01  3.70712982e-01  3.70712982e-01  3.70712982e-01 
 1.12415500e-03  7.57033426e-01  3.70129899e-01  3.70129899e-01  3.70129899e-01  3.70129899e-01 
 1.12515500e-03  7.57077951e-01  3.69554164e-01  3.69554164e-01  3.69554164e-01  3.69554164e-01 
 1.12615500e-03  7.57122196e-01  3.68985687e-01  3.68985687e-01  3.68985687e-01  3.68985687e-01 
 1.12715500e-03  7.57166161e-01  3.68424385e-01  3.68424385e-01  3.68424385e-01  3.68424385e-01 
 1.12815500e-03  7.57209842e-01  3.67870174e-01  3.67870174e-01  3.67870174e-01  3.67870174e-01 
 1.12915500e-03  7.57253239e-01  3.67322971e-01  3.67322971e-01  3.67322971e-01  3.67322971e-01 
 1.13015500e-03  7.57296350e-01  3.66782696e-01  3.66782696e-01  3.66782696e-01  3.66782696e-01 
 1.13115500e-03  7.57339172e-01  3.66249272e-01  3.66249272e-01  3.66249272e-01  3.66249272e-01 
 1.13215500e-03  7.57381705e-01  3.65722619e-01  3.65722619e-01  3.65722619e-01  3.65722619e-01 
 1.13315500e-03  7.57423946e-01  3.65202662e-01  3.65202662e-01  3.65202662e-01  3.65202662e-01 
 1.13415500e-03  7.57465894e-01  3.64689328e-01  3.64689328e-01  3.64689328e-01  3.64689328e-01 
 1.13515500e-03  7.57507548e-01  3.64182542e-01  3.64182542e-01  3.64182542e-01  3.64182542e-01 
 1.13615500e-03  7.57548905e-01  3.63682234e-01  3.63682234e-01  3.63682234e-01  3.63682234e-01 
 1.13715500e-03  7.57589964e-01  3.63188334e-01  3.63188334e-01  3.63188334e-01  3.63188334e-01 
 1.13815500e-03  7.57630723e-01  3.62700773e-01  3.62700773e-01  3.62700773e-01  3.62700773e-01 
 1.13915500e-03  7.57671181e-01  3.62219483e-01  3.62219483e-01  3.62219483e-01  3.62219483e-01 
 1.14015500e-03  7.57711337e-01  3.61744398e-01  3.61744398e-01  3.61744398e-01  3.61744398e-01 
 1.14115500e-03  7.57751187e-01  3.61275455e-01  3.61275455e-01  3.61275455e-01  3.61275455e-01 
 1.14215500e-03  7.57790732e-01  3.60812589e-01  3.60812589e-01  3.60812589e-01  3.60812589e-01 
 1.14315500e-03  7.57829970e-01  3.60355738e-01  3.60355738e-01  3.60355738e-01  3.60355738e-01 
 1.14415500e-03  7.57868898e-01  3.59904842e-01  3.59904842e-01  3.59904842e-01  3.59904842e-01 
 1.14515500e-03  7.57907515e-01  3.59459841e-01  3.59459841e-01  3.59459841e-01  3.59459841e-01 
 1.14615500e-03  7.57945821e-01  3.59020675e-01  3.59020675e-01  3.59020675e-01  3.59020675e-01 
 1.14715500e-03  7.57983813e-01  3.58587289e-01  3.58587289e-01  3.58587289e-01  3.58587289e-01 
 1.14815500e-03  7.58021489e-01  3.58159626e-01  3.58159626e-01  3.58159626e-01  3.58159626e-01 
 1.14915500e-03  7.58058849e-01  3.57737630e-01  3.57737630e-01  3.57737630e-01  3.57737630e-01 
 1.15015500e-03  7.58095891e-01  3.57321248e-01  3.57321248e-01  3.57321248e-01  3.57321248e-01 
 1.15115500e-03  7.58132613e-01  3.56910427e-01  3.56910427e-01  3.56910427e-01  3.56910427e-01 
 1.15215500e-03  7.58169014e-01  3.56505114e-01  3.56505114e-01  3.56505114e-01  3.56505114e-01 
 1.15315500e-03  7.58205092e-01  3.56105261e-01  3.56105261e-01  3.56105261e-01  3.56105261e-01 
 1.15415500e-03  7.58240847e-01  3.55710816e-01  3.55710816e-01  3.55710816e-01  3.55710816e-01 
 1.15515500e-03  7.58276276e-01  3.55321731e-01  3.55321731e-01  3.55321731e-01  3.55321731e-01 
 1.15615500e-03  7.58311378e-01  3.54937958e-01  3.54937958e-01  3.54937958e-01  3.54937958e-01 
 1.15715500e-03  7.58346153e-01  3.54559451e-01  3.54559451e-01  3.54559451e-01  3.54559451e-01 
 1.15815500e-03  7.58380598e-01  3.54186163e-01  3.54186163e-01  3.54186163e-01  3.54186163e-01 
 1.15915500e-03  7.58414712e-01  3.53818051e-01  3.53818051e-01  3.53818051e-01  3.53818051e-01 
 1.16015500e-03  7.58448494e-01  3.53455069e-01  3.53455069e-01  3.53455069e-01  3.53455069e-01 
 1.16115500e-03  7.58481942e-01  3.53097175e-01  3.53097175e-01  3.53097175e-01  3.53097175e-01 
 1.16215500e-03  7.58515055e-01  3.52744327e-01  3.52744327e-01  3.52744327e-01  3.52744327e-01 
 1.16315500e-03  7.58547833e-01  3.52396484e-01  3.52396484e-01  3.52396484e-01  3.52396484e-01 
 1.16415500e-03  7.58580273e-01  3.52052935e-01  3.52052935e-01  3.52052935e-01  3.52052935e-01 
 1.16515500e-03  7.58612374e-01  3.51715627e-01  3.51715627e-01  3.51715627e-01  3.51715627e-01 
 1.16615500e-03  7.58644135e-01  3.51382584e-01  3.51382584e-01  3.51382584e-01  3.51382584e-01 
 1.16715500e-03  7.58675555e-01  3.51054357e-01  3.51054357e-01  3.51054357e-01  3.51054357e-01 
 1.16815500e-03  7.58706632e-01  3.50730945e-01  3.50730945e-01  3.50730945e-01  3.50730945e-01 
 1.16915500e-03  7.58737366e-01  3.50412307e-01  3.50412307e-01  3.50412307e-01  3.50412307e-01 
 1.17015500e-03  7.58767754e-01  3.50098408e-01  3.50098408e-01  3.50098408e-01  3.50098408e-01 
 1.17115500e-03  7.58797797e-01  3.49789212e-01  3.49789212e-01  3.49789212e-01  3.49789212e-01 
 1.17215500e-03  7.58827492e-01  3.49484686e-01  3.49484686e-01  3.49484686e-01  3.49484686e-01 
 1.17315500e-03  7.58856839e-01  3.49184795e-01  3.49184795e-01  3.49184795e-01  3.49184795e-01 
 1.17415500e-03  7.58885836e-01  3.48889507e-01  3.48889507e-01  3.48889507e-01  3.48889507e-01 
 1.17515500e-03  7.58914482e-01  3.48598790e-01  3.48598790e-01  3.48598790e-01  3.48598790e-01 
 1.17615500e-03  7.58942777e-01  3.48312612e-01  3.48312612e-01  3.48312612e-01  3.48312612e-01 
 1.17715500e-03  7.58970718e-01  3.48030490e-01  3.48030490e-01  3.48030490e-01  3.48030490e-01 
 1.17815500e-03  7.58998305e-01  3.47753301e-01  3.47753301e-01  3.47753301e-01  3.47753301e-01 
 1.17915500e-03  7.59025537e-01  3.47481003e-01  3.47481003e-01  3.47481003e-01  3.47481003e-01 
 1.18015500e-03  7.59052413e-01  3.47212285e-01  3.47212285e-01  3.47212285e-01  3.47212285e-01 
 1.18115500e-03  7.59078931e-01  3.46948754e-01  3.46948754e-01  3.46948754e-01  3.46948754e-01 
 1.18215500e-03  7.59105091e-01  3.46688821e-01  3.46688821e-01  3.46688821e-01  3.46688821e-01 
 1.18315500e-03  7.59130891e-01  3.46433596e-01  3.46433596e-01  3.46433596e-01  3.46433596e-01 
 1.18415500e-03  7.59156331e-01  3.46183059e-01  3.46183059e-01  3.46183059e-01  3.46183059e-01 
 1.18515500e-03  7.59181410e-01  3.45936095e-01  3.45936095e-01  3.45936095e-01  3.45936095e-01 
 1.18615500e-03  7.59206126e-01  3.45694065e-01  3.45694065e-01  3.45694065e-01  3.45694065e-01 
 1.18715500e-03  7.59230478e-01  3.45455622e-01  3.45455622e-01  3.45455622e-01  3.45455622e-01 
 1.18815500e-03  7.59254466e-01  3.45221704e-01  3.45221704e-01  3.45221704e-01  3.45221704e-01 
 1.18915500e-03  7.59278089e-01  3.44992291e-01  3.44992291e-01  3.44992291e-01  3.44992291e-01 
 1.19015500e-03  7.59301346e-01  3.44766445e-01  3.44766445e-01  3.44766445e-01  3.44766445e-01 
 1.19115500e-03  7.59324235e-01  3.44545305e-01  3.44545305e-01  3.44545305e-01  3.44545305e-01 
 1.19215500e-03  7.59346756e-01  3.44327745e-01  3.44327745e-01  3.44327745e-01  3.44327745e-01 
 1.19315500e-03  7.59368908e-01  3.44114546e-01  3.44114546e-01  3.44114546e-01  3.44114546e-01 
 1.19328000e-03  7.59371651e-01  3.44088426e-01  3.44088426e-01  3.44088426e-01  3.44088426e-01 
 1.19353000e-03  7.59377120e-01  3.44035918e-01  3.44035918e-01  3.44035918e-01  3.44035918e-01 
 1.19403000e-03  7.59387988e-01  3.43931551e-01  3.43931551e-01  3.43931551e-01  3.43931551e-01 
 1.19503000e-03  7.59409446e-01  3.43725797e-01  3.43725797e-01  3.43725797e-01  3.43725797e-01 
 1.19603000e-03  7.59430533e-01  3.43524274e-01  3.43524274e-01  3.43524274e-01  3.43524274e-01 
 1.19703000e-03  7.59451247e-01  3.43327002e-01  3.43327002e-01  3.43327002e-01  3.43327002e-01 
 1.19803000e-03  7.59471588e-01  3.43133504e-01  3.43133504e-01  3.43133504e-01  3.43133504e-01 
 1.19903000e-03  7.59491555e-01  3.42943981e-01  3.42943981e-01  3.42943981e-01  3.42943981e-01 
 1.20003000e-03  7.59511147e-01  3.42758228e-01  3.42758228e-01  3.42758228e-01  3.42758228e-01 
 1.20103000e-03  7.59530364e-01  3.42576812e-01  3.42576812e-01  3.42576812e-01  3.42576812e-01 
 1.20203000e-03  7.59549205e-01  3.42398961e-01  3.42398961e-01  3.42398961e-01  3.42398961e-01 
 1.20303000e-03  7.59567669e-01  3.42225199e-01  3.42225199e-01  3.42225199e-01  3.42225199e-01 
 1.20403000e-03  7.59585755e-01  3.42055342e-01  3.42055342e-01  3.42055342e-01  3.42055342e-01 
 1.20503000e-03  7.59603463e-01  3.41889524e-01  3.41889524e-01  3.41889524e-01  3.41889524e-01 
 1.20603000e-03  7.59620791e-01  3.41727260e-01  3.41727260e-01  3.41727260e-01  3.41727260e-01 
 1.20703000e-03  7.59637740e-01  3.41568994e-01  3.41568994e-01  3.41568994e-01  3.41568994e-01 
 1.20803000e-03  7.59654308e-01  3.41414572e-01  3.41414572e-01  3.41414572e-01  3.41414572e-01 
 1.20903000e-03  7.59670495e-01  3.41263970e-01  3.41263970e-01  3.41263970e-01  3.41263970e-01 
 1.21003000e-03  7.59686300e-01  3.41117176e-01  3.41117176e-01  3.41117176e-01  3.41117176e-01 
 1.21103000e-03  7.59701723e-01  3.40974176e-01  3.40974176e-01  3.40974176e-01  3.40974176e-01 
 1.21203000e-03  7.59716763e-01  3.40834958e-01  3.40834958e-01  3.40834958e-01  3.40834958e-01 
 1.21303000e-03  7.59731419e-01  3.40699509e-01  3.40699509e-01  3.40699509e-01  3.40699509e-01 
 1.21403000e-03  7.59745691e-01  3.40567816e-01  3.40567816e-01  3.40567816e-01  3.40567816e-01 
 1.21503000e-03  7.59759579e-01  3.40439868e-01  3.40439868e-01  3.40439868e-01  3.40439868e-01 
 1.21603000e-03  7.59773081e-01  3.40315652e-01  3.40315652e-01  3.40315652e-01  3.40315652e-01 
 1.21703000e-03  7.59786197e-01  3.40195159e-01  3.40195159e-01  3.40195159e-01  3.40195159e-01 
 1.21803000e-03  7.59798927e-01  3.40078376e-01  3.40078376e-01  3.40078376e-01  3.40078376e-01 
 1.21903000e-03  7.59811270e-01  3.39965293e-01  3.39965293e-01  3.39965293e-01  3.39965293e-01 
 1.22003000e-03  7.59823226e-01  3.39855902e-01  3.39855902e-01  3.39855902e-01  3.39855902e-01 
 1.22103000e-03  7.59834793e-01  3.39750190e-01  3.39750190e-01  3.39750190e-01  3.39750190e-01 
 1.22203000e-03  7.59845973e-01  3.39648150e-01  3.39648150e-01  3.39648150e-01  3.39648150e-01 
 1.22303000e-03  7.59856764e-01  3.39549772e-01  3.39549772e-01  3.39549772e-01  3.39549772e-01 
 1.22403000e-03  7.59867166e-01  3.39455048e-01  3.39455048e-01  3.39455048e-01  3.39455048e-01 
 1.22503000e-03  7.59877178e-01  3.39363969e-01  3.39363969e-01  3.39363969e-01  3.39363969e-01 
 1.22603000e-03  7.59886800e-01  3.39276527e-01  3.39276527e-01  3.39276527e-01  3.39276527e-01 
 1.22703000e-03  7.59896032e-01  3.39192714e-01  3.39192714e-01  3.39192714e-01  3.39192714e-01 
 1.22803000e-03  7.59904874e-01  3.39112523e-01  3.39112523e-01  3.39112523e-01  3.39112523e-01 
 1.22903000e-03  7.59913324e-01  3.39035948e-01  3.39035948e-01  3.39035948e-01  3.39035948e-01 
 1.23003000e-03  7.59921383e-01  3.38962980e-01  3.38962980e-01  3.38962980e-01  3.38962980e-01 
 1.23103000e-03  7.59929050e-01  3.38893643e-01  3.38893643e-01  3.38893643e-01  3.38893643e-01 
 1.23203000e-03  7.59936326e-01  3.38827847e-01  3.38827847e-01  3.38827847e-01  3.38827847e-01 
 1.23303000e-03  7.59943209e-01  3.38765667e-01  3.38765667e-01  3.38765667e-01  3.38765667e-01 
 1.23403000e-03  7.59949699e-01  3.38707092e-01  3.38707092e-01  3.38707092e-01  3.38707092e-01 
 1.23503000e-03  7.59955797e-01  3.38652059e-01  3.38652059e-01  3.38652059e-01  3.38652059e-01 
 1.23603000e-03  7.59961502e-01  3.38600619e-01  3.38600619e-01  3.38600619e-01  3.38600619e-01 
 1.23703000e-03  7.59966813e-01  3.38552750e-01  3.38552750e-01  3.38552750e-01  3.38552750e-01 
 1.23803000e-03  7.59971731e-01  3.38508447e-01  3.38508447e-01  3.38508447e-01  3.38508447e-01 
 1.23903000e-03  7.59976255e-01  3.38467707e-01  3.38467707e-01  3.38467707e-01  3.38467707e-01 
 1.24003000e-03  7.59980385e-01  3.38430527e-01  3.38430527e-01  3.38430527e-01  3.38430527e-01 
 1.24103000e-03  7.59984122e-01  3.38396902e-01  3.38396902e-01  3.38396902e-01  3.38396902e-01 
 1.24203000e-03  7.59987464e-01  3.38366830e-01  3.38366830e-01  3.38366830e-01  3.38366830e-01 
 1.24303000e-03  7.59990412e-01  3.38340308e-01  3.38340308e-01  3.38340308e-01  3.38340308e-01 
 1.24403000e-03  7.59992966e-01  3.38317335e-01  3.38317335e-01  3.38317335e-01  3.38317335e-01 
 1.24503000e-03  7.59995125e-01  3.38297907e-01  3.38297907e-01  3.38297907e-01  3.38297907e-01 
 1.24603000e-03  7.59996889e-01  3.38282024e-01  3.38282024e-01  3.38282024e-01  3.38282024e-01 
 1.24703000e-03  7.59998259e-01  3.38269684e-01  3.38269684e-01  3.38269684e-01  3.38269684e-01 
 1.24803000e-03  7.59999234e-01  3.38260887e-01  3.38260887e-01  3.38260887e-01  3.38260887e-01 
 1.24903000e-03  7.59999814e-01  3.38255630e-01  3.38255630e-01  3.38255630e-01  3.38255630e-01 
 1.25003000e-03  7.60000000e-01  3.38253914e-01  3.38253914e-01  3.38253914e-01  3.38253914e-01 
 1.25103000e-03  7.59999791e-01  3.38255739e-01  3.38255739e-01  3.38255739e-01  3.38255739e-01 
 1.25203000e-03  7.59999187e-01  3.38261105e-01  3.38261105e-01  3.38261105e-01  3.38261105e-01 
 1.25303000e-03  7.59998188e-01  3.38270012e-01  3.38270012e-01  3.38270012e-01  3.38270012e-01 
 1.25403000e-03  7.59996794e-01  3.38282461e-01  3.38282461e-01  3.38282461e-01  3.38282461e-01 
 1.25503000e-03  7.59995006e-01  3.38298453e-01  3.38298453e-01  3.38298453e-01  3.38298453e-01 
 1.25603000e-03  7.59992824e-01  3.38317990e-01  3.38317990e-01  3.38317990e-01  3.38317990e-01 
 1.25703000e-03  7.59990246e-01  3.38341076e-01  3.38341076e-01  3.38341076e-01  3.38341076e-01 
 1.25803000e-03  7.59987275e-01  3.38367703e-01  3.38367703e-01  3.38367703e-01  3.38367703e-01 
 1.25903000e-03  7.59983909e-01  3.38397890e-01  3.38397890e-01  3.38397890e-01  3.38397890e-01 
 1.26003000e-03  7.59980149e-01  3.38431619e-01  3.38431619e-01  3.38431619e-01  3.38431619e-01 
 1.26103000e-03  7.59975995e-01  3.38468908e-01  3.38468908e-01  3.38468908e-01  3.38468908e-01 
 1.26203000e-03  7.59971447e-01  3.38509757e-01  3.38509757e-01  3.38509757e-01  3.38509757e-01 
 1.26303000e-03  7.59966505e-01  3.38554169e-01  3.38554169e-01  3.38554169e-01  3.38554169e-01 
 1.26403000e-03  7.59961170e-01  3.38602147e-01  3.38602147e-01  3.38602147e-01  3.38602147e-01 
 1.26503000e-03  7.59955442e-01  3.38653695e-01  3.38653695e-01  3.38653695e-01  3.38653695e-01 
 1.26603000e-03  7.59949321e-01  3.38708819e-01  3.38708819e-01  3.38708819e-01  3.38708819e-01 
 1.26703000e-03  7.59942807e-01  3.38767522e-01  3.38767522e-01  3.38767522e-01  3.38767522e-01 
 1.26803000e-03  7.59935900e-01  3.38829810e-01  3.38829810e-01  3.38829810e-01  3.38829810e-01 
 1.26903000e-03  7.59928601e-01  3.38895688e-01  3.38895688e-01  3.38895688e-01  3.38895688e-01 
 1.27003000e-03  7.59920911e-01  3.38965162e-01  3.38965162e-01  3.38965162e-01  3.38965162e-01 
 1.27103000e-03  7.59912828e-01  3.39038238e-01  3.39038238e-01  3.39038238e-01  3.39038238e-01 
 1.27203000e-03  7.59904354e-01  3.39114922e-01  3.39114922e-01  3.39114922e-01  3.39114922e-01 
 1.27303000e-03  7.59895490e-01  3.39195221e-01  3.39195221e-01  3.39195221e-01  3.39195221e-01 
 1.27403000e-03  7.59886234e-01  3.39279142e-01  3.39279142e-01  3.39279142e-01  3.39279142e-01 
 1.27503000e-03  7.59876588e-01  3.39366693e-01  3.39366693e-01  3.39366693e-01  3.39366693e-01 
 1.27603000e-03  7.59866553e-01  3.39457881e-01  3.39457881e-01  3.39457881e-01  3.39457881e-01 
 1.27703000e-03  7.59856128e-01  3.39552713e-01  3.39552713e-01  3.39552713e-01  3.39552713e-01 
 1.27803000e-03  7.59845313e-01  3.39651199e-01  3.39651199e-01  3.39651199e-01  3.39651199e-01 
 1.27903000e-03  7.59834110e-01  3.39753348e-01  3.39753348e-01  3.39753348e-01  3.39753348e-01 
 1.28003000e-03  7.59822519e-01  3.39859167e-01  3.39859167e-01  3.39859167e-01  3.39859167e-01 
 1.28103000e-03  7.59810540e-01  3.39968667e-01  3.39968667e-01  3.39968667e-01  3.39968667e-01 
 1.28203000e-03  7.59798174e-01  3.40081857e-01  3.40081857e-01  3.40081857e-01  3.40081857e-01 
 1.28303000e-03  7.59785421e-01  3.40198748e-01  3.40198748e-01  3.40198748e-01  3.40198748e-01 
 1.28403000e-03  7.59772281e-01  3.40319349e-01  3.40319349e-01  3.40319349e-01  3.40319349e-01 
 1.28503000e-03  7.59758756e-01  3.40443672e-01  3.40443672e-01  3.40443672e-01  3.40443672e-01 
 1.28603000e-03  7.59744846e-01  3.40571728e-01  3.40571728e-01  3.40571728e-01  3.40571728e-01 
 1.28703000e-03  7.59730551e-01  3.40703528e-01  3.40703528e-01  3.40703528e-01  3.40703528e-01 
 1.28803000e-03  7.59715871e-01  3.40839191e-01  3.40839191e-01  3.40839191e-01  3.40839191e-01 
 1.28903000e-03  7.59700809e-01  3.40978413e-01  3.40978413e-01  3.40978413e-01  3.40978413e-01 
 1.29003000e-03  7.59685363e-01  3.41121516e-01  3.41121516e-01  3.41121516e-01  3.41121516e-01 
 1.29103000e-03  7.59669534e-01  3.41268417e-01  3.41268417e-01  3.41268417e-01  3.41268417e-01 
 1.29203000e-03  7.59653325e-01  3.41419257e-01  3.41419257e-01  3.41419257e-01  3.41419257e-01 
 1.29303000e-03  7.59636734e-01  3.41573660e-01  3.41573660e-01  3.41573660e-01  3.41573660e-01 
 1.29403000e-03  7.59619762e-01  3.41732022e-01  3.41732022e-01  3.41732022e-01  3.41732022e-01 
 1.29503000e-03  7.59602411e-01  3.41894239e-01  3.41894239e-01  3.41894239e-01  3.41894239e-01 
 1.29603000e-03  7.59584680e-01  3.42060481e-01  3.42060481e-01  3.42060481e-01  3.42060481e-01 
 1.29703000e-03  7.59566572e-01  3.42230291e-01  3.42230291e-01  3.42230291e-01  3.42230291e-01 
 1.29803000e-03  7.59548085e-01  3.42404145e-01  3.42404145e-01  3.42404145e-01  3.42404145e-01 
 1.29903000e-03  7.59529222e-01  3.42582102e-01  3.42582102e-01  3.42582102e-01  3.42582102e-01 
 1.30003000e-03  7.59509983e-01  3.42763631e-01  3.42763631e-01  3.42763631e-01  3.42763631e-01 
 1.30103000e-03  7.59490368e-01  3.42949276e-01  3.42949276e-01  3.42949276e-01  3.42949276e-01 
 1.30203000e-03  7.59470378e-01  3.43138893e-01  3.43138893e-01  3.43138893e-01  3.43138893e-01 
 1.30303000e-03  7.59450014e-01  3.43332494e-01  3.43332494e-01  3.43332494e-01  3.43332494e-01 
 1.30403000e-03  7.59429278e-01  3.43530095e-01  3.43530095e-01  3.43530095e-01  3.43530095e-01 
 1.30503000e-03  7.59408169e-01  3.43731718e-01  3.43731718e-01  3.43731718e-01  3.43731718e-01 
 1.30603000e-03  7.59386689e-01  3.43937381e-01  3.43937381e-01  3.43937381e-01  3.43937381e-01 
 1.30703000e-03  7.59364838e-01  3.44147104e-01  3.44147104e-01  3.44147104e-01  3.44147104e-01 
 1.30803000e-03  7.59342617e-01  3.44360908e-01  3.44360908e-01  3.44360908e-01  3.44360908e-01 
 1.30903000e-03  7.59320028e-01  3.44578814e-01  3.44578814e-01  3.44578814e-01  3.44578814e-01 
 1.31003000e-03  7.59297071e-01  3.44800843e-01  3.44800843e-01  3.44800843e-01  3.44800843e-01 
 1.31103000e-03  7.59273746e-01  3.45027018e-01  3.45027018e-01  3.45027018e-01  3.45027018e-01 
 1.31203000e-03  7.59250056e-01  3.45257360e-01  3.45257360e-01  3.45257360e-01  3.45257360e-01 
 1.31303000e-03  7.59226000e-01  3.45491893e-01  3.45491893e-01  3.45491893e-01  3.45491893e-01 
 1.31403000e-03  7.59201581e-01  3.45730968e-01  3.45730968e-01  3.45730968e-01  3.45730968e-01 
 1.31503000e-03  7.59176797e-01  3.45973637e-01  3.45973637e-01  3.45973637e-01  3.45973637e-01 
 1.31603000e-03  7.59151652e-01  3.46221224e-01  3.46221224e-01  3.46221224e-01  3.46221224e-01 
 1.31703000e-03  7.59126145e-01  3.46472424e-01  3.46472424e-01  3.46472424e-01  3.46472424e-01 
 1.31803000e-03  7.59100278e-01  3.46728261e-01  3.46728261e-01  3.46728261e-01  3.46728261e-01 
 1.31903000e-03  7.59074052e-01  3.46988456e-01  3.46988456e-01  3.46988456e-01  3.46988456e-01 
 1.32003000e-03  7.59047468e-01  3.47253015e-01  3.47253015e-01  3.47253015e-01  3.47253015e-01 
 1.32103000e-03  7.59020526e-01  3.47522385e-01  3.47522385e-01  3.47522385e-01  3.47522385e-01 
 1.32203000e-03  7.58993228e-01  3.47795790e-01  3.47795790e-01  3.47795790e-01  3.47795790e-01 
 1.32303000e-03  7.58965576e-01  3.48073191e-01  3.48073191e-01  3.48073191e-01  3.48073191e-01 
 1.32403000e-03  7.58937569e-01  3.48355488e-01  3.48355488e-01  3.48355488e-01  3.48355488e-01 
 1.32503000e-03  7.58909209e-01  3.48642786e-01  3.48642786e-01  3.48642786e-01  3.48642786e-01 
 1.32603000e-03  7.58880498e-01  3.48934183e-01  3.48934183e-01  3.48934183e-01  3.48934183e-01 
 1.32703000e-03  7.58851436e-01  3.49230135e-01  3.49230135e-01  3.49230135e-01  3.49230135e-01 
 1.32803000e-03  7.58822025e-01  3.49530697e-01  3.49530697e-01  3.49530697e-01  3.49530697e-01 
 1.32903000e-03  7.58792265e-01  3.49835899e-01  3.49835899e-01  3.49835899e-01  3.49835899e-01 
 1.33003000e-03  7.58762159e-01  3.50145226e-01  3.50145226e-01  3.50145226e-01  3.50145226e-01 
 1.33103000e-03  7.58731706e-01  3.50459771e-01  3.50459771e-01  3.50459771e-01  3.50459771e-01 
 1.33203000e-03  7.58700909e-01  3.50779664e-01  3.50779664e-01  3.50779664e-01  3.50779664e-01 
 1.33303000e-03  7.58669768e-01  3.51103185e-01  3.51103185e-01  3.51103185e-01  3.51103185e-01 
 1.33403000e-03  7.58638285e-01  3.51432675e-01  3.51432675e-01  3.51432675e-01  3.51432675e-01 
 1.33503000e-03  7.58606461e-01  3.51766465e-01  3.51766465e-01  3.51766465e-01  3.51766465e-01 
 1.33603000e-03  7.58574297e-01  3.52104466e-01  3.52104466e-01  3.52104466e-01  3.52104466e-01 
 1.33703000e-03  7.58541794e-01  3.52448680e-01  3.52448680e-01  3.52448680e-01  3.52448680e-01 
 1.33803000e-03  7.58508955e-01  3.52797259e-01  3.52797259e-01  3.52797259e-01  3.52797259e-01 
 1.33903000e-03  7.58475779e-01  3.53150816e-01  3.53150816e-01  3.53150816e-01  3.53150816e-01 
 1.34003000e-03  7.58442269e-01  3.53509426e-01  3.53509426e-01  3.53509426e-01  3.53509426e-01 
 1.34103000e-03  7.58408426e-01  3.53873129e-01  3.53873129e-01  3.53873129e-01  3.53873129e-01 
 1.34203000e-03  7.58374250e-01  3.54241198e-01  3.54241198e-01  3.54241198e-01  3.54241198e-01 
 1.34303000e-03  7.58339744e-01  3.54615959e-01  3.54615959e-01  3.54615959e-01  3.54615959e-01 
 1.34403000e-03  7.58304909e-01  3.54994420e-01  3.54994420e-01  3.54994420e-01  3.54994420e-01 
 1.34503000e-03  7.58269746e-01  3.55379711e-01  3.55379711e-01  3.55379711e-01  3.55379711e-01 
 1.34603000e-03  7.58234257e-01  3.55769573e-01  3.55769573e-01  3.55769573e-01  3.55769573e-01 
 1.34703000e-03  7.58198442e-01  3.56164761e-01  3.56164761e-01  3.56164761e-01  3.56164761e-01 
 1.34803000e-03  7.58162304e-01  3.56565367e-01  3.56565367e-01  3.56565367e-01  3.56565367e-01 
 1.34903000e-03  7.58125843e-01  3.56971437e-01  3.56971437e-01  3.56971437e-01  3.56971437e-01 
 1.35003000e-03  7.58089062e-01  3.57383021e-01  3.57383021e-01  3.57383021e-01  3.57383021e-01 
 1.35103000e-03  7.58051961e-01  3.57800170e-01  3.57800170e-01  3.57800170e-01  3.57800170e-01 
 1.35203000e-03  7.58014543e-01  3.58222939e-01  3.58222939e-01  3.58222939e-01  3.58222939e-01 
 1.35303000e-03  7.57976808e-01  3.58651380e-01  3.58651380e-01  3.58651380e-01  3.58651380e-01 
 1.35403000e-03  7.57938758e-01  3.59085549e-01  3.59085549e-01  3.59085549e-01  3.59085549e-01 
 1.35503000e-03  7.57900395e-01  3.59525503e-01  3.59525503e-01  3.59525503e-01  3.59525503e-01 
 1.35603000e-03  7.57861720e-01  3.59971297e-01  3.59971297e-01  3.59971297e-01  3.59971297e-01 
 1.35703000e-03  7.57822734e-01  3.60422992e-01  3.60422992e-01  3.60422992e-01  3.60422992e-01 
 1.35803000e-03  7.57783440e-01  3.60880647e-01  3.60880647e-01  3.60880647e-01  3.60880647e-01 
 1.35903000e-03  7.57743838e-01  3.61344323e-01  3.61344323e-01  3.61344323e-01  3.61344323e-01 
 1.36003000e-03  7.57703931e-01  3.61814081e-01  3.61814081e-01  3.61814081e-01  3.61814081e-01 
 1.36103000e-03  7.57663719e-01  3.62289987e-01  3.62289987e-01  3.62289987e-01  3.62289987e-01 
 1.36203000e-03  7.57623205e-01  3.62772103e-01  3.62772103e-01  3.62772103e-01  3.62772103e-01 
 1.36303000e-03  7.57582390e-01  3.63260497e-01  3.63260497e-01  3.63260497e-01  3.63260497e-01 
 1.36403000e-03  7.57541276e-01  3.63755235e-01  3.63755235e-01  3.63755235e-01  3.63755235e-01 
 1.36503000e-03  7.57499864e-01  3.64256387e-01  3.64256387e-01  3.64256387e-01  3.64256387e-01 
 1.36603000e-03  7.57458156e-01  3.64764023e-01  3.64764023e-01  3.64764023e-01  3.64764023e-01 
 1.36703000e-03  7.57416153e-01  3.65278214e-01  3.65278214e-01  3.65278214e-01  3.65278214e-01 
 1.36803000e-03  7.57373858e-01  3.65799033e-01  3.65799033e-01  3.65799033e-01  3.65799033e-01 
 1.36903000e-03  7.57331272e-01  3.66326554e-01  3.66326554e-01  3.66326554e-01  3.66326554e-01 
 1.37003000e-03  7.57288396e-01  3.66860854e-01  3.66860854e-01  3.66860854e-01  3.66860854e-01 
 1.37103000e-03  7.57245232e-01  3.67402009e-01  3.67402009e-01  3.67402009e-01  3.67402009e-01 
 1.37203000e-03  7.57201783e-01  3.67950099e-01  3.67950099e-01  3.67950099e-01  3.67950099e-01 
 1.37303000e-03  7.57158049e-01  3.68505204e-01  3.68505204e-01  3.68505204e-01  3.68505204e-01 
 1.37403000e-03  7.57114032e-01  3.69067407e-01  3.69067407e-01  3.69067407e-01  3.69067407e-01 
 1.37503000e-03  7.57069735e-01  3.69636790e-01  3.69636790e-01  3.69636790e-01  3.69636790e-01 
 1.37603000e-03  7.57025158e-01  3.70213439e-01  3.70213439e-01  3.70213439e-01  3.70213439e-01 
 1.37703000e-03  7.56980305e-01  3.70797441e-01  3.70797441e-01  3.70797441e-01  3.70797441e-01 
 1.37803000e-03  7.56935175e-01  3.71388885e-01  3.71388885e-01  3.71388885e-01  3.71388885e-01 
 1.37903000e-03  7.56889772e-01  3.71987861e-01  3.71987861e-01  3.71987861e-01  3.71987861e-01 
 1.38003000e-03  7.56844097e-01  3.72594460e-01  3.72594460e-01  3.72594460e-01  3.72594460e-01 
 1.38103000e-03  7.56798152e-01  3.73208778e-01  3.73208778e-01  3.73208778e-01  3.73208778e-01 
 1.38203000e-03  7.56751938e-01  3.73830908e-01  3.73830908e-01  3.73830908e-01  3.73830908e-01 
 1.38303000e-03  7.56705457e-01  3.74460949e-01  3.74460949e-01  3.74460949e-01  3.74460949e-01 
 1.38403000e-03  7.56658712e-01  3.75098999e-01  3.75098999e-01  3.75098999e-01  3.75098999e-01 
 1.38503000e-03  7.56611705e-01  3.75745160e-01  3.75745160e-01  3.75745160e-01  3.75745160e-01 
 1.38603000e-03  7.56564436e-01  3.76399534e-01  3.76399534e-01  3.76399534e-01  3.76399534e-01 
 1.38703000e-03  7.56516908e-01  3.77062227e-01  3.77062227e-01  3.77062227e-01  3.77062227e-01 
 1.38803000e-03  7.56469122e-01  3.77733344e-01  3.77733344e-01  3.77733344e-01  3.77733344e-01 
 1.38903000e-03  7.56421082e-01  3.78412994e-01  3.78412994e-01  3.78412994e-01  3.78412994e-01 
 1.39003000e-03  7.56372787e-01  3.79101288e-01  3.79101288e-01  3.79101288e-01  3.79101288e-01 
 1.39103000e-03  7.56324242e-01  3.79798338e-01  3.79798338e-01  3.79798338e-01  3.79798338e-01 
 1.39203000e-03  7.56275446e-01  3.80504258e-01  3.80504258e-01  3.80504258e-01  3.80504258e-01 
 1.39303000e-03  7.56226403e-01  3.81219165e-01  3.81219165e-01  3.81219165e-01  3.81219165e-01 
 1.39403000e-03  7.56177114e-01  3.81943176e-01  3.81943176e-01  3.81943176e-01  3.81943176e-01 
 1.39503000e-03  7.56127581e-01  3.82676413e-01  3.82676413e-01  3.82676413e-01  3.82676413e-01 
 1.39603000e-03  7.56077806e-01  3.83418998e-01  3.83418998e-01  3.83418998e-01  3.83418998e-01 
 1.39703000e-03  7.56027792e-01  3.84171054e-01  3.84171054e-01  3.84171054e-01  3.84171054e-01 
 1.39803000e-03  7.55977539e-01  3.84932708e-01  3.84932708e-01  3.84932708e-01  3.84932708e-01 
 1.39903000e-03  7.55927050e-01  3.85704088e-01  3.85704088e-01  3.85704088e-01  3.85704088e-01 
 1.40003000e-03  7.55876327e-01  3.86485325e-01  3.86485325e-01  3.86485325e-01  3.86485325e-01 
 1.40103000e-03  7.55825373e-01  3.87276550e-01  3.87276550e-01  3.87276550e-01  3.87276550e-01 
 1.40203000e-03  7.55774188e-01  3.88077898e-01  3.88077898e-01  3.88077898e-01  3.88077898e-01 
 1.40303000e-03  7.55722776e-01  3.88889506e-01  3.88889506e-01  3.88889506e-01  3.88889506e-01 
 1.40403000e-03  7.55671137e-01  3.89711511e-01  3.89711511e-01  3.89711511e-01  3.89711511e-01 
 1.40503000e-03  7.55619275e-01  3.90544053e-01  3.90544053e-01  3.90544053e-01  3.90544053e-01 
 1.40603000e-03  7.55567190e-01  3.91387275e-01  3.91387275e-01  3.91387275e-01  3.91387275e-01 
 1.40703000e-03  7.55514886e-01  3.92241319e-01  3.92241319e-01  3.92241319e-01  3.92241319e-01 
 1.40803000e-03  7.55462365e-01  3.93106333e-01  3.93106333e-01  3.93106333e-01  3.93106333e-01 
 1.40903000e-03  7.55409627e-01  3.93982463e-01  3.93982463e-01  3.93982463e-01  3.93982463e-01 
 1.41003000e-03  7.55356676e-01  3.94869859e-01  3.94869859e-01  3.94869859e-01  3.94869859e-01 
 1.41103000e-03  7.55303514e-01  3.95768671e-01  3.95768671e-01  3.95768671e-01  3.95768671e-01 
 1.41203000e-03  7.55250142e-01  3.96679052e-01  3.96679052e-01  3.96679052e-01  3.96679052e-01 
 1.41303000e-03  7.55196563e-01  3.97601157e-01  3.97601157e-01  3.97601157e-01  3.97601157e-01 
 1.41403000e-03  7.55142779e-01  3.98535142e-01  3.98535142e-01  3.98535142e-01  3.98535142e-01 
 1.41503000e-03  7.55088792e-01  3.99481162e-01  3.99481162e-01  3.99481162e-01  3.99481162e-01 
 1.41603000e-03  7.55034603e-01  4.00439378e-01  4.00439378e-01  4.00439378e-01  4.00439378e-01 
 1.41703000e-03  7.54980217e-01  4.01409949e-01  4.01409949e-01  4.01409949e-01  4.01409949e-01 
 1.41803000e-03  7.54925633e-01  4.02393035e-01  4.02393035e-01  4.02393035e-01  4.02393035e-01 
 1.41903000e-03  7.54870855e-01  4.03388800e-01  4.03388800e-01  4.03388800e-01  4.03388800e-01 
 1.42003000e-03  7.54815885e-01  4.04397406e-01  4.04397406e-01  4.04397406e-01  4.04397406e-01 
 1.42103000e-03  7.54760724e-01  4.05419018e-01  4.05419018e-01  4.05419018e-01  4.05419018e-01 
 1.42203000e-03  7.54705376e-01  4.06453799e-01  4.06453799e-01  4.06453799e-01  4.06453799e-01 
 1.42303000e-03  7.54649842e-01  4.07501916e-01  4.07501916e-01  4.07501916e-01  4.07501916e-01 
 1.42403000e-03  7.54594124e-01  4.08563535e-01  4.08563535e-01  4.08563535e-01  4.08563535e-01 
 1.42503000e-03  7.54538225e-01  4.09638821e-01  4.09638821e-01  4.09638821e-01  4.09638821e-01 
 1.42603000e-03  7.54482147e-01  4.10727942e-01  4.10727942e-01  4.10727942e-01  4.10727942e-01 
 1.42703000e-03  7.54425892e-01  4.11831063e-01  4.11831063e-01  4.11831063e-01  4.11831063e-01 
 1.42803000e-03  7.54369462e-01  4.12948350e-01  4.12948350e-01  4.12948350e-01  4.12948350e-01 
 1.42903000e-03  7.54312860e-01  4.14079970e-01  4.14079970e-01  4.14079970e-01  4.14079970e-01 
 1.43003000e-03  7.54256087e-01  4.15226088e-01  4.15226088e-01  4.15226088e-01  4.15226088e-01 
 1.43103000e-03  7.54199147e-01  4.16386868e-01  4.16386868e-01  4.16386868e-01  4.16386868e-01 
 1.43203000e-03  7.54142040e-01  4.17562475e-01  4.17562475e-01  4.17562475e-01  4.17562475e-01 
 1.43303000e-03  7.54084770e-01  4.18753069e-01  4.18753069e-01  4.18753069e-01  4.18753069e-01 
 1.43403000e-03  7.54027339e-01  4.19958813e-01  4.19958813e-01  4.19958813e-01  4.19958813e-01 
 1.43503000e-03  7.53969749e-01  4.21179866e-01  4.21179866e-01  4.21179866e-01  4.21179866e-01 
 1.43603000e-03  7.53912002e-01  4.22416386e-01  4.22416386e-01  4.22416386e-01  4.22416386e-01 
 1.43703000e-03  7.53854101e-01  4.23668527e-01  4.23668527e-01  4.23668527e-01  4.23668527e-01 
 1.43803000e-03  7.53796047e-01  4.24936443e-01  4.24936443e-01  4.24936443e-01  4.24936443e-01 
 1.43903000e-03  7.53737844e-01  4.26220284e-01  4.26220284e-01  4.26220284e-01  4.26220284e-01 
 1.44003000e-03  7.53679493e-01  4.27520198e-01  4.27520198e-01  4.27520198e-01  4.27520198e-01 
 1.44103000e-03  7.53620997e-01  4.28836330e-01  4.28836330e-01  4.28836330e-01  4.28836330e-01 
 1.44203000e-03  7.53562358e-01  4.30168820e-01  4.30168820e-01  4.30168820e-01  4.30168820e-01 
 1.44303000e-03  7.53503578e-01  4.31517805e-01  4.31517805e-01  4.31517805e-01  4.31517805e-01 
 1.44403000e-03  7.53444660e-01  4.32883420e-01  4.32883420e-01  4.32883420e-01  4.32883420e-01 
 1.44503000e-03  7.53385606e-01  4.34265792e-01  4.34265792e-01  4.34265792e-01  4.34265792e-01 
 1.44603000e-03  7.53326418e-01  4.35665048e-01  4.35665048e-01  4.35665048e-01  4.35665048e-01 
 1.44703000e-03  7.53267099e-01  4.37081306e-01  4.37081306e-01  4.37081306e-01  4.37081306e-01 
 1.44803000e-03  7.53207651e-01  4.38514681e-01  4.38514681e-01  4.38514681e-01  4.38514681e-01 
 1.44903000e-03  7.53148076e-01  4.39965284e-01  4.39965284e-01  4.39965284e-01  4.39965284e-01 
 1.45003000e-03  7.53088377e-01  4.41433217e-01  4.41433217e-01  4.41433217e-01  4.41433217e-01 
 1.45103000e-03  7.53028556e-01  4.42918580e-01  4.42918580e-01  4.42918580e-01  4.42918580e-01 
 1.45203000e-03  7.52968616e-01  4.44421463e-01  4.44421463e-01  4.44421463e-01  4.44421463e-01 
 1.45303000e-03  7.52908558e-01  4.45941953e-01  4.45941953e-01  4.45941953e-01  4.45941953e-01 
 1.45403000e-03  7.52848386e-01  4.47480129e-01  4.47480129e-01  4.47480129e-01  4.47480129e-01 
 1.45503000e-03  7.52788101e-01  4.49036063e-01  4.49036063e-01  4.49036063e-01  4.49036063e-01 
 1.45603000e-03  7.52727706e-01  4.50609821e-01  4.50609821e-01  4.50609821e-01  4.50609821e-01 
 1.45703000e-03  7.52667203e-01  4.52201462e-01  4.52201462e-01  4.52201462e-01  4.52201462e-01 
 1.45803000e-03  7.52606595e-01  4.53811035e-01  4.53811035e-01  4.53811035e-01  4.53811035e-01 
 1.45903000e-03  7.52545884e-01  4.55438585e-01  4.55438585e-01  4.55438585e-01  4.55438585e-01 
 1.46003000e-03  7.52485073e-01  4.57084148e-01  4.57084148e-01  4.57084148e-01  4.57084148e-01 
 1.46103000e-03  7.52424164e-01  4.58747750e-01  4.58747750e-01  4.58747750e-01  4.58747750e-01 
 1.46203000e-03  7.52363158e-01  4.60429414e-01  4.60429414e-01  4.60429414e-01  4.60429414e-01 
 1.46303000e-03  7.52302060e-01  4.62129150e-01  4.62129150e-01  4.62129150e-01  4.62129150e-01 
 1.46403000e-03  7.52240871e-01  4.63846963e-01  4.63846963e-01  4.63846963e-01  4.63846963e-01 
 1.46503000e-03  7.52179593e-01  4.65582848e-01  4.65582848e-01  4.65582848e-01  4.65582848e-01 
 1.46603000e-03  7.52118229e-01  4.67336794e-01  4.67336794e-01  4.67336794e-01  4.67336794e-01 
 1.46703000e-03  7.52056781e-01  4.69108780e-01  4.69108780e-01  4.69108780e-01  4.69108780e-01 
 1.46803000e-03  7.51995253e-01  4.70898777e-01  4.70898777e-01  4.70898777e-01  4.70898777e-01 
 1.46903000e-03  7.51933645e-01  4.72706748e-01  4.72706748e-01  4.72706748e-01  4.72706748e-01 
 1.47003000e-03  7.51871962e-01  4.74532649e-01  4.74532649e-01  4.74532649e-01  4.74532649e-01 
 1.47103000e-03  7.51810204e-01  4.76376426e-01  4.76376426e-01  4.76376426e-01  4.76376426e-01 
 1.47203000e-03  7.51748375e-01  4.78238018e-01  4.78238018e-01  4.78238018e-01  4.78238018e-01 
 1.47303000e-03  7.51686477e-01  4.80117356e-01  4.80117356e-01  4.80117356e-01  4.80117356e-01 
 1.47403000e-03  7.51624512e-01  4.82014363e-01  4.82014363e-01  4.82014363e-01  4.82014363e-01 
 1.47503000e-03  7.51562483e-01  4.83928954e-01  4.83928954e-01  4.83928954e-01  4.83928954e-01 
 1.47603000e-03  7.51500392e-01  4.85861036e-01  4.85861036e-01  4.85861036e-01  4.85861036e-01 
 1.47703000e-03  7.51438242e-01  4.87810511e-01  4.87810511e-01  4.87810511e-01  4.87810511e-01 
 1.47803000e-03  7.51376036e-01  4.89777271e-01  4.89777271e-01  4.89777271e-01  4.89777271e-01 
 1.47903000e-03  7.51313775e-01  4.91761201e-01  4.91761201e-01  4.91761201e-01  4.91761201e-01 
 1.48003000e-03  7.51251462e-01  4.93762181e-01  4.93762181e-01  4.93762181e-01  4.93762181e-01 
 1.48103000e-03  7.51189100e-01  4.95780082e-01  4.95780082e-01  4.95780082e-01  4.95780082e-01 
 1.48203000e-03  7.51126691e-01  4.97814770e-01  4.97814770e-01  4.97814770e-01  4.97814770e-01 
 1.48303000e-03  7.51064237e-01  4.99866105e-01  4.99866105e-01  4.99866105e-01  4.99866105e-01 
 1.48403000e-03  7.51001742e-01  5.01933939e-01  5.01933939e-01  5.01933939e-01  5.01933939e-01 
 1.48503000e-03  7.50939207e-01  5.04018120e-01  5.04018120e-01  5.04018120e-01  5.04018120e-01 
 1.48603000e-03  7.50876634e-01  5.06118488e-01  5.06118488e-01  5.06118488e-01  5.06118488e-01 
 1.48703000e-03  7.50814027e-01  5.08234880e-01  5.08234880e-01  5.08234880e-01  5.08234880e-01 
 1.48803000e-03  7.50751388e-01  5.10367126e-01  5.10367126e-01  5.10367126e-01  5.10367126e-01 
 1.48903000e-03  7.50688720e-01  5.12515052e-01  5.12515052e-01  5.12515052e-01  5.12515052e-01 
 1.49003000e-03  7.50626024e-01  5.14678479e-01  5.14678479e-01  5.14678479e-01  5.14678479e-01 
 1.49103000e-03  7.50563303e-01  5.16857223e-01  5.16857223e-01  5.16857223e-01  5.16857223e-01 
 1.49203000e-03  7.50500561e-01  5.19051096e-01  5.19051096e-01  5.19051096e-01  5.19051096e-01 
 1.49303000e-03  7.50437798e-01  5.21259905e-01  5.21259905e-01  5.21259905e-01  5.21259905e-01 
 1.49403000e-03  7.50375018e-01  5.23483454e-01  5.23483454e-01  5.23483454e-01  5.23483454e-01 
 1.49503000e-03  7.50312224e-01  5.25721544e-01  5.25721544e-01  5.25721544e-01  5.25721544e-01 
 1.49603000e-03  7.50249417e-01  5.27973970e-01  5.27973970e-01  5.27973970e-01  5.27973970e-01 
 1.49703000e-03  7.50186600e-01  5.30240526e-01  5.30240526e-01  5.30240526e-01  5.30240526e-01 
 1.49803000e-03  7.50123776e-01  5.32521001e-01  5.32521001e-01  5.32521001e-01  5.32521001e-01 
 1.49903000e-03  7.50060947e-01  5.34815184e-01  5.34815184e-01  5.34815184e-01  5.34815184e-01 
 1.50003000e-03  7.49998115e-01  5.37122857e-01  5.37122857e-01  5.37122857e-01  5.37122857e-01 
 1.50103000e-03  7.49935284e-01  5.39443803e-01  5.39443803e-01  5.39443803e-01  5.39443803e-01 
 1.50203000e-03  7.49872455e-01  5.41777801e-01  5.41777801e-01  5.41777801e-01  5.41777801e-01 
 1.50303000e-03  7.49809631e-01  5.44124627e-01  5.44124627e-01  5.44124627e-01  5.44124627e-01 
 1.50403000e-03  7.49746815e-01  5.46484056e-01  5.46484056e-01  5.46484056e-01  5.46484056e-01 
 1.50503000e-03  7.49684008e-01  5.48855861e-01  5.48855861e-01  5.48855861e-01  5.48855861e-01 
 1.50603000e-03  7.49621215e-01  5.51239814e-01  5.51239814e-01  5.51239814e-01  5.51239814e-01 
 1.50703000e-03  7.49558436e-01  5.53635682e-01  5.53635682e-01  5.53635682e-01  5.53635682e-01 
 1.50803000e-03  7.49495674e-01  5.56043233e-01  5.56043233e-01  5.56043233e-01  5.56043233e-01 
 1.50903000e-03  7.49432933e-01  5.58462233e-01  5.58462233e-01  5.58462233e-01  5.58462233e-01 
 1.51003000e-03  7.49370214e-01  5.60892448e-01  5.60892448e-01  5.60892448e-01  5.60892448e-01 
 1.51103000e-03  7.49307519e-01  5.63333640e-01  5.63333640e-01  5.63333640e-01  5.63333640e-01 
 1.51203000e-03  7.49244852e-01  5.65785571e-01  5.65785571e-01  5.65785571e-01  5.65785571e-01 
 1.51303000e-03  7.49182215e-01  5.68248002e-01  5.68248002e-01  5.68248002e-01  5.68248002e-01 
 1.51403000e-03  7.49119610e-01  5.70720693e-01  5.70720693e-01  5.70720693e-01  5.70720693e-01 
 1.51503000e-03  7.49057040e-01  5.73203403e-01  5.73203403e-01  5.73203403e-01  5.73203403e-01 
 1.51603000e-03  7.48994507e-01  5.75695890e-01  5.75695890e-01  5.75695890e-01  5.75695890e-01 
 1.51703000e-03  7.48932014e-01  5.78197912e-01  5.78197912e-01  5.78197912e-01  5.78197912e-01 
 1.51803000e-03  7.48869563e-01  5.80709225e-01  5.80709225e-01  5.80709225e-01  5.80709225e-01 
 1.51903000e-03  7.48807157e-01  5.83229584e-01  5.83229584e-01  5.83229584e-01  5.83229584e-01 
 1.52003000e-03  7.48744798e-01  5.85758745e-01  5.85758745e-01  5.85758745e-01  5.85758745e-01 
 1.52103000e-03  7.48682488e-01  5.88296463e-01  5.88296463e-01  5.88296463e-01  5.88296463e-01 
 1.52203000e-03  7.48620230e-01  5.90842491e-01  5.90842491e-01  5.90842491e-01  5.90842491e-01 
 1.52303000e-03  7.48558027e-01  5.93396584e-01  5.93396584e-01  5.93396584e-01  5.93396584e-01 
 1.52403000e-03  7.48495881e-01  5.95958493e-01  5.95958493e-01  5.95958493e-01  5.95958493e-01 
 1.52503000e-03  7.48433794e-01  5.98527973e-01  5.98527973e-01  5.98527973e-01  5.98527973e-01 
 1.52603000e-03  7.48371769e-01  6.01104774e-01  6.01104774e-01  6.01104774e-01  6.01104774e-01 
 1.52703000e-03  7.48309808e-01  6.03688650e-01  6.03688650e-01  6.03688650e-01  6.03688650e-01 
 1.52803000e-03  7.48247914e-01  6.06279350e-01  6.06279350e-01  6.06279350e-01  6.06279350e-01 
 1.52903000e-03  7.48186089e-01  6.08876628e-01  6.08876628e-01  6.08876628e-01  6.08876628e-01 
 1.53003000e-03  7.48124335e-01  6.11480233e-01  6.11480233e-01  6.11480233e-01  6.11480233e-01 
 1.53103000e-03  7.48062656e-01  6.14089917e-01  6.14089917e-01  6.14089917e-01  6.14089917e-01 
 1.53203000e-03  7.48001053e-01  6.16705430e-01  6.16705430e-01  6.16705430e-01  6.16705430e-01 
 1.53303000e-03  7.47939529e-01  6.19326522e-01  6.19326522e-01  6.19326522e-01  6.19326522e-01 
 1.53403000e-03  7.47878087e-01  6.21952943e-01  6.21952943e-01  6.21952943e-01  6.21952943e-01 
 1.53503000e-03  7.47816728e-01  6.24584444e-01  6.24584444e-01  6.24584444e-01  6.24584444e-01 
 1.53603000e-03  7.47755455e-01  6.27220773e-01  6.27220773e-01  6.27220773e-01  6.27220773e-01 
 1.53703000e-03  7.47694272e-01  6.29861682e-01  6.29861682e-01  6.29861682e-01  6.29861682e-01 
 1.53803000e-03  7.47633179e-01  6.32506918e-01  6.32506918e-01  6.32506918e-01  6.32506918e-01 
 1.53903000e-03  7.47572179e-01  6.35156233e-01  6.35156233e-01  6.35156233e-01  6.35156233e-01 
 1.54003000e-03  7.47511275e-01  6.37809374e-01  6.37809374e-01  6.37809374e-01  6.37809374e-01 
 1.54103000e-03  7.47450470e-01  6.40466092e-01  6.40466092e-01  6.40466092e-01  6.40466092e-01 
 1.54203000e-03  7.47389765e-01  6.43126136e-01  6.43126136e-01  6.43126136e-01  6.43126136e-01 
 1.54303000e-03  7.47329164e-01  6.45789255e-01  6.45789255e-01  6.45789255e-01  6.45789255e-01 
 1.54403000e-03  7.47268667e-01  6.48455197e-01  6.48455197e-01  6.48455197e-01  6.48455197e-01 
 1.54503000e-03  7.47208279e-01  6.51123714e-01  6.51123714e-01  6.51123714e-01  6.51123714e-01 
 1.54603000e-03  7.47148001e-01  6.53794553e-01  6.53794553e-01  6.53794553e-01  6.53794553e-01 
 1.54703000e-03  7.47087835e-01  6.56467464e-01  6.56467464e-01  6.56467464e-01  6.56467464e-01 
 1.54803000e-03  7.47027784e-01  6.59142197e-01  6.59142197e-01  6.59142197e-01  6.59142197e-01 
 1.54903000e-03  7.46967851e-01  6.61818501e-01  6.61818501e-01  6.61818501e-01  6.61818501e-01 
 1.55003000e-03  7.46908037e-01  6.64496126e-01  6.64496126e-01  6.64496126e-01  6.64496126e-01 
 1.55103000e-03  7.46848346e-01  6.67174821e-01  6.67174821e-01  6.67174821e-01  6.67174821e-01 
 1.55203000e-03  7.46788779e-01  6.69854337e-01  6.69854337e-01  6.69854337e-01  6.69854337e-01 
 1.55303000e-03  7.46729338e-01  6.72534424e-01  6.72534424e-01  6.72534424e-01  6.72534424e-01 
 1.55403000e-03  7.46670027e-01  6.75214831e-01  6.75214831e-01  6.75214831e-01  6.75214831e-01 
 1.55503000e-03  7.46610847e-01  6.77895310e-01  6.77895310e-01  6.77895310e-01  6.77895310e-01 
 1.55603000e-03  7.46551801e-01  6.80575611e-01  6.80575611e-01  6.80575611e-01  6.80575611e-01 
 1.55703000e-03  7.46492892e-01  6.83255486e-01  6.83255486e-01  6.83255486e-01  6.83255486e-01 
 1.55803000e-03  7.46434120e-01  6.85934685e-01  6.85934685e-01  6.85934685e-01  6.85934685e-01 
 1.55903000e-03  7.46375489e-01  6.88612960e-01  6.88612960e-01  6.88612960e-01  6.88612960e-01 
 1.56003000e-03  7.46317002e-01  6.91290064e-01  6.91290064e-01  6.91290064e-01  6.91290064e-01 
 1.56103000e-03  7.46258660e-01  6.93965749e-01  6.93965749e-01  6.93965749e-01  6.93965749e-01 
 1.56203000e-03  7.46200465e-01  6.96639768e-01  6.96639768e-01  6.96639768e-01  6.96639768e-01 
 1.56303000e-03  7.46142421e-01  6.99311874e-01  6.99311874e-01  6.99311874e-01  6.99311874e-01 
 1.56403000e-03  7.46084529e-01  7.01981821e-01  7.01981821e-01  7.01981821e-01  7.01981821e-01 
 1.56503000e-03  7.46026791e-01  7.04649363e-01  7.04649363e-01  7.04649363e-01  7.04649363e-01 
 1.56603000e-03  7.45969211e-01  7.07314256e-01  7.07314256e-01  7.07314256e-01  7.07314256e-01 
 1.56703000e-03  7.45911789e-01  7.09976253e-01  7.09976253e-01  7.09976253e-01  7.09976253e-01 
 1.56803000e-03  7.45854529e-01  7.12635113e-01  7.12635113e-01  7.12635113e-01  7.12635113e-01 
 1.56903000e-03  7.45797432e-01  7.15290591e-01  7.15290591e-01  7.15290591e-01  7.15290591e-01 
 1.57003000e-03  7.45740502e-01  7.17942445e-01  7.17942445e-01  7.17942445e-01  7.17942445e-01 
 1.57103000e-03  7.45683739e-01  7.20590432e-01  7.20590432e-01  7.20590432e-01  7.20590432e-01 
 1.57203000e-03  7.45627147e-01  7.23234312e-01  7.23234312e-01  7.23234312e-01  7.23234312e-01 
 1.57303000e-03  7.45570728e-01  7.25873845e-01  7.25873845e-01  7.25873845e-01  7.25873845e-01 
 1.57403000e-03  7.45514483e-01  7.28508791e-01  7.28508791e-01  7.28508791e-01  7.28508791e-01 
 1.57503000e-03  7.45458416e-01  7.31138911e-01  7.31138911e-01  7.31138911e-01  7.31138911e-01 
 1.57603000e-03  7.45402527e-01  7.33763968e-01  7.33763968e-01  7.33763968e-01  7.33763968e-01 
 1.57703000e-03  7.45346821e-01  7.36383725e-01  7.36383725e-01  7.36383725e-01  7.36383725e-01 
 1.57803000e-03  7.45291298e-01  7.38997946e-01  7.38997946e-01  7.38997946e-01  7.38997946e-01 
 1.57903000e-03  7.45235961e-01  7.41606397e-01  7.41606397e-01  7.41606397e-01  7.41606397e-01 
 1.58003000e-03  7.45180812e-01  7.44208844e-01  7.44208844e-01  7.44208844e-01  7.44208844e-01 
 1.58103000e-03  7.45125853e-01  7.46805054e-01  7.46805054e-01  7.46805054e-01  7.46805054e-01 
 1.58203000e-03  7.45071086e-01  7.49394797e-01  7.49394797e-01  7.49394797e-01  7.49394797e-01 
 1.58303000e-03  7.45016515e-01  7.51977842e-01  7.51977842e-01  7.51977842e-01  7.51977842e-01 
 1.58403000e-03  7.44962140e-01  7.54553961e-01  7.54553961e-01  7.54553961e-01  7.54553961e-01 
 1.58503000e-03  7.44907963e-01  7.57122926e-01  7.57122926e-01  7.57122926e-01  7.57122926e-01 
 1.58603000e-03  7.44853988e-01  7.59684511e-01  7.59684511e-01  7.59684511e-01  7.59684511e-01 
 1.58703000e-03  7.44800216e-01  7.62238492e-01  7.62238492e-01  7.62238492e-01  7.62238492e-01 
 1.58803000e-03  7.44746650e-01  7.64784644e-01  7.64784644e-01  7.64784644e-01  7.64784644e-01 
 1.58903000e-03  7.44693290e-01  7.67322747e-01  7.67322747e-01  7.67322747e-01  7.67322747e-01 
 1.59003000e-03  7.44640141e-01  7.69852581e-01  7.69852581e-01  7.69852581e-01  7.69852581e-01 
 1.59103000e-03  7.44587202e-01  7.72373926e-01  7.72373926e-01  7.72373926e-01  7.72373926e-01 
 1.59203000e-03  7.44534478e-01  7.74886565e-01  7.74886565e-01  7.74886565e-01  7.74886565e-01 
 1.59303000e-03  7.44481969e-01  7.77390285e-01  7.77390285e-01  7.77390285e-01  7.77390285e-01 
 1.59403000e-03  7.44429678e-01  7.79884870e-01  7.79884870e-01  7.79884870e-01  7.79884870e-01 
 1.59503000e-03  7.44377607e-01  7.82370109e-01  7.82370109e-01  7.82370109e-01  7.82370109e-01 
 1.59603000e-03  7.44325758e-01  7.84845793e-01  7.84845793e-01  7.84845793e-01  7.84845793e-01 
 1.59703000e-03  7.44274133e-01  7.87311714e-01  7.87311714e-01  7.87311714e-01  7.87311714e-01 
 1.59803000e-03  7.44222734e-01  7.89767664e-01  7.89767664e-01  7.89767664e-01  7.89767664e-01 
 1.59903000e-03  7.44171563e-01  7.92213440e-01  7.92213440e-01  7.92213440e-01  7.92213440e-01 
 1.60003000e-03  7.44120623e-01  7.94648841e-01  7.94648841e-01  7.94648841e-01  7.94648841e-01 
 1.60103000e-03  7.44069914e-01  7.97073665e-01  7.97073665e-01  7.97073665e-01  7.97073665e-01 
 1.60203000e-03  7.44019439e-01  7.99487716e-01  7.99487716e-01  7.99487716e-01  7.99487716e-01 
 1.60303000e-03  7.43969201e-01  8.01890796e-01  8.01890796e-01  8.01890796e-01  8.01890796e-01 
 1.60403000e-03  7.43919200e-01  8.04282714e-01  8.04282714e-01  8.04282714e-01  8.04282714e-01 
 1.60503000e-03  7.43869440e-01  8.06663276e-01  8.06663276e-01  8.06663276e-01  8.06663276e-01 
 1.60603000e-03  7.43819922e-01  8.09032295e-01  8.09032295e-01  8.09032295e-01  8.09032295e-01 
 1.60703000e-03  7.43770648e-01  8.11389632e-01  8.11389632e-01  8.11389632e-01  8.11389632e-01 
 1.60803000e-03  7.43721619e-01  8.13734963e-01  8.13734963e-01  8.13734963e-01  8.13734963e-01 
 1.60903000e-03  7.43672839e-01  8.16068233e-01  8.16068233e-01  8.16068233e-01  8.16068233e-01 
 1.61003000e-03  7.43624308e-01  8.18389404e-01  8.18389404e-01  8.18389404e-01  8.18389404e-01 
 1.61103000e-03  7.43576029e-01  8.20697803e-01  8.20697803e-01  8.20697803e-01  8.20697803e-01 
 1.61203000e-03  7.43528003e-01  8.22993699e-01  8.22993699e-01  8.22993699e-01  8.22993699e-01 
 1.61303000e-03  7.43480233e-01  8.25276820e-01  8.25276820e-01  8.25276820e-01  8.25276820e-01 
 1.61403000e-03  7.43432721e-01  8.27547295e-01  8.27547295e-01  8.27547295e-01  8.27547295e-01 
 1.61503000e-03  7.43385468e-01  8.29804030e-01  8.29804030e-01  8.29804030e-01  8.29804030e-01 
 1.61603000e-03  7.43338475e-01  8.32048095e-01  8.32048095e-01  8.32048095e-01  8.32048095e-01 
 1.61703000e-03  7.43291746e-01  8.34278011e-01  8.34278011e-01  8.34278011e-01  8.34278011e-01 
 1.61803000e-03  7.43245282e-01  8.36495057e-01  8.36495057e-01  8.36495057e-01  8.36495057e-01 
 1.61903000e-03  7.43199084e-01  8.38698016e-01  8.38698016e-01  8.38698016e-01  8.38698016e-01 
 1.62003000e-03  7.43153155e-01  8.40886984e-01  8.40886984e-01  8.40886984e-01  8.40886984e-01 
 1.62103000e-03  7.43107496e-01  8.43061875e-01  8.43061875e-01  8.43061875e-01  8.43061875e-01 
 1.62203000e-03  7.43062109e-01  8.45222543e-01  8.45222543e-01  8.45222543e-01  8.45222543e-01 
 1.62303000e-03  7.43016996e-01  8.47368842e-01  8.47368842e-01  8.47368842e-01  8.47368842e-01 
 1.62403000e-03  7.42972159e-01  8.49500630e-01  8.49500630e-01  8.49500630e-01  8.49500630e-01 
 1.62503000e-03  7.42927599e-01  8.51617092e-01  8.51617092e-01  8.51617092e-01  8.51617092e-01 
 1.62603000e-03  7.42883319e-01  8.53720039e-01  8.53720039e-01  8.53720039e-01  8.53720039e-01 
 1.62703000e-03  7.42839319e-01  8.55807573e-01  8.55807573e-01  8.55807573e-01  8.55807573e-01 
 1.62803000e-03  7.42795602e-01  8.57879958e-01  8.57879958e-01  8.57879958e-01  8.57879958e-01 
 1.62903000e-03  7.42752170e-01  8.59937173e-01  8.59937173e-01  8.59937173e-01  8.59937173e-01 
 1.63003000e-03  7.42709024e-01  8.61979097e-01  8.61979097e-01  8.61979097e-01  8.61979097e-01 
 1.63103000e-03  7.42666165e-01  8.64005605e-01  8.64005605e-01  8.64005605e-01  8.64005605e-01 
 1.63203000e-03  7.42623596e-01  8.66016579e-01  8.66016579e-01  8.66016579e-01  8.66016579e-01 
 1.63303000e-03  7.42581318e-01  8.68011907e-01  8.68011907e-01  8.68011907e-01  8.68011907e-01 
 1.63403000e-03  7.42539333e-01  8.69991477e-01  8.69991477e-01  8.69991477e-01  8.69991477e-01 
 1.63503000e-03  7.42497643e-01  8.71955181e-01  8.71955181e-01  8.71955181e-01  8.71955181e-01 
 1.63603000e-03  7.42456249e-01  8.73902915e-01  8.73902915e-01  8.73902915e-01  8.73902915e-01 
 1.63703000e-03  7.42415152e-01  8.75834577e-01  8.75834577e-01  8.75834577e-01  8.75834577e-01 
 1.63803000e-03  7.42374355e-01  8.77750068e-01  8.77750068e-01  8.77750068e-01  8.77750068e-01 
 1.63903000e-03  7.42333859e-01  8.79649294e-01  8.79649294e-01  8.79649294e-01  8.79649294e-01 
 1.64003000e-03  7.42293666e-01  8.81532161e-01  8.81532161e-01  8.81532161e-01  8.81532161e-01 
 1.64103000e-03  7.42253777e-01  8.83398581e-01  8.83398581e-01  8.83398581e-01  8.83398581e-01 
 1.64203000e-03  7.42214194e-01  8.85248468e-01  8.85248468e-01  8.85248468e-01  8.85248468e-01 
 1.64303000e-03  7.42174918e-01  8.87081738e-01  8.87081738e-01  8.87081738e-01  8.87081738e-01 
 1.64403000e-03  7.42135951e-01  8.88898313e-01  8.88898313e-01  8.88898313e-01  8.88898313e-01 
 1.64503000e-03  7.42097295e-01  8.90698115e-01  8.90698115e-01  8.90698115e-01  8.90698115e-01 
 1.64603000e-03  7.42058950e-01  8.92481070e-01  8.92481070e-01  8.92481070e-01  8.92481070e-01 
 1.64703000e-03  7.42020919e-01  8.94247108e-01  8.94247108e-01  8.94247108e-01  8.94247108e-01 
 1.64803000e-03  7.41983203e-01  8.95996162e-01  8.95996162e-01  8.95996162e-01  8.95996162e-01 
 1.64903000e-03  7.41945804e-01  8.97728166e-01  8.97728166e-01  8.97728166e-01  8.97728166e-01 
 1.65003000e-03  7.41908722e-01  8.99443060e-01  8.99443060e-01  8.99443060e-01  8.99443060e-01 
 1.65103000e-03  7.41871960e-01  9.01140784e-01  9.01140784e-01  9.01140784e-01  9.01140784e-01 
 1.65203000e-03  7.41835519e-01  9.02821282e-01  9.02821282e-01  9.02821282e-01  9.02821282e-01 
 1.65303000e-03  7.41799400e-01  9.04484503e-01  9.04484503e-01  9.04484503e-01  9.04484503e-01 
 1.65403000e-03  7.41763605e-01  9.06130396e-01  9.06130396e-01  9.06130396e-01  9.06130396e-01 
 1.65503000e-03  7.41728135e-01  9.07758914e-01  9.07758914e-01  9.07758914e-01  9.07758914e-01 
 1.65603000e-03  7.41692991e-01  9.09370014e-01  9.09370014e-01  9.09370014e-01  9.09370014e-01 
 1.65703000e-03  7.41658176e-01  9.10963653e-01  9.10963653e-01  9.10963653e-01  9.10963653e-01 
 1.65803000e-03  7.41623690e-01  9.12539793e-01  9.12539793e-01  9.12539793e-01  9.12539793e-01 
 1.65903000e-03  7.41589534e-01  9.14098398e-01  9.14098398e-01  9.14098398e-01  9.14098398e-01 
 1.66003000e-03  7.41555711e-01  9.15639436e-01  9.15639436e-01  9.15639436e-01  9.15639436e-01 
 1.66103000e-03  7.41522221e-01  9.17162875e-01  9.17162875e-01  9.17162875e-01  9.17162875e-01 
 1.66203000e-03  7.41489065e-01  9.18668687e-01  9.18668687e-01  9.18668687e-01  9.18668687e-01 
 1.66303000e-03  7.41456246e-01  9.20156848e-01  9.20156848e-01  9.20156848e-01  9.20156848e-01 
 1.66403000e-03  7.41423764e-01  9.21627334e-01  9.21627334e-01  9.21627334e-01  9.21627334e-01 
 1.66503000e-03  7.41391620e-01  9.23080126e-01  9.23080126e-01  9.23080126e-01  9.23080126e-01 
 1.66603000e-03  7.41359817e-01  9.24515204e-01  9.24515204e-01  9.24515204e-01  9.24515204e-01 
 1.66703000e-03  7.41328354e-01  9.25932555e-01  9.25932555e-01  9.25932555e-01  9.25932555e-01 
 1.66803000e-03  7.41297234e-01  9.27332163e-01  9.27332163e-01  9.27332163e-01  9.27332163e-01 
 1.66903000e-03  7.41266457e-01  9.28714020e-01  9.28714020e-01  9.28714020e-01  9.28714020e-01 
 1.67003000e-03  7.41236025e-01  9.30078115e-01  9.30078115e-01  9.30078115e-01  9.30078115e-01 
 1.67103000e-03  7.41205939e-01  9.31424442e-01  9.31424442e-01  9.31424442e-01  9.31424442e-01 
 1.67203000e-03  7.41176201e-01  9.32752998e-01  9.32752998e-01  9.32752998e-01  9.32752998e-01 
 1.67303000e-03  7.41146810e-01  9.34063779e-01  9.34063779e-01  9.34063779e-01  9.34063779e-01 
 1.67403000e-03  7.41117769e-01  9.35356786e-01  9.35356786e-01  9.35356786e-01  9.35356786e-01 
 1.67503000e-03  7.41089079e-01  9.36632019e-01  9.36632019e-01  9.36632019e-01  9.36632019e-01 
 1.67603000e-03  7.41060741e-01  9.37889484e-01  9.37889484e-01  9.37889484e-01  9.37889484e-01 
 1.67703000e-03  7.41032755e-01  9.39129184e-01  9.39129184e-01  9.39129184e-01  9.39129184e-01 
 1.67803000e-03  7.41005124e-01  9.40351128e-01  9.40351128e-01  9.40351128e-01  9.40351128e-01 
 1.67903000e-03  7.40977847e-01  9.41555324e-01  9.41555324e-01  9.41555324e-01  9.41555324e-01 
 1.68003000e-03  7.40950927e-01  9.42741783e-01  9.42741783e-01  9.42741783e-01  9.42741783e-01 
 1.68103000e-03  7.40924364e-01  9.43910517e-01  9.43910517e-01  9.43910517e-01  9.43910517e-01 
 1.68203000e-03  7.40898159e-01  9.45061540e-01  9.45061540e-01  9.45061540e-01  9.45061540e-01 
 1.68303000e-03  7.40872314e-01  9.46194867e-01  9.46194867e-01  9.46194867e-01  9.46194867e-01 
 1.68403000e-03  7.40846829e-01  9.47310515e-01  9.47310515e-01  9.47310515e-01  9.47310515e-01 
 1.68503000e-03  7.40821705e-01  9.48408501e-01  9.48408501e-01  9.48408501e-01  9.48408501e-01 
 1.68603000e-03  7.40796944e-01  9.49488846e-01  9.49488846e-01  9.49488846e-01  9.49488846e-01 
 1.68703000e-03  7.40772546e-01  9.50551569e-01  9.50551569e-01  9.50551569e-01  9.50551569e-01 
 1.68803000e-03  7.40748512e-01  9.51596694e-01  9.51596694e-01  9.51596694e-01  9.51596694e-01 
 1.68903000e-03  7.40724844e-01  9.52624241e-01  9.52624241e-01  9.52624241e-01  9.52624241e-01 
 1.69003000e-03  7.40701541e-01  9.53634236e-01  9.53634236e-01  9.53634236e-01  9.53634236e-01 
 1.69103000e-03  7.40678606e-01  9.54626704e-01  9.54626704e-01  9.54626704e-01  9.54626704e-01 
 1.69203000e-03  7.40656039e-01  9.55601670e-01  9.55601670e-01  9.55601670e-01  9.55601670e-01 
 1.69303000e-03  7.40633841e-01  9.56558456e-01  9.56558456e-01  9.56558456e-01  9.56558456e-01 
 1.69403000e-03  7.40612012e-01  9.57499124e-01  9.57499124e-01  9.57499124e-01  9.57499124e-01 
 1.69503000e-03  7.40590554e-01  9.58421840e-01  9.58421840e-01  9.58421840e-01  9.58421840e-01 
 1.69603000e-03  7.40569467e-01  9.59327067e-01  9.59327067e-01  9.59327067e-01  9.59327067e-01 
 1.69703000e-03  7.40548753e-01  9.60214938e-01  9.60214938e-01  9.60214938e-01  9.60214938e-01 
 1.69803000e-03  7.40528412e-01  9.61085482e-01  9.61085482e-01  9.61085482e-01  9.61085482e-01 
 1.69903000e-03  7.40508445e-01  9.61938728e-01  9.61938728e-01  9.61938728e-01  9.61938728e-01 
 1.70003000e-03  7.40488853e-01  9.62774705e-01  9.62774705e-01  9.62774705e-01  9.62774705e-01 
 1.70103000e-03  7.40469636e-01  9.63593447e-01  9.63593447e-01  9.63593447e-01  9.63593447e-01 
 1.70203000e-03  7.40450795e-01  9.64394984e-01  9.64394984e-01  9.64394984e-01  9.64394984e-01 
 1.70303000e-03  7.40432331e-01  9.65178826e-01  9.65178826e-01  9.65178826e-01  9.65178826e-01 
 1.70403000e-03  7.40414245e-01  9.65946516e-01  9.65946516e-01  9.65946516e-01  9.65946516e-01 
 1.70503000e-03  7.40396537e-01  9.66696702e-01  9.66696702e-01  9.66696702e-01  9.66696702e-01 
 1.70603000e-03  7.40379209e-01  9.67429741e-01  9.67429741e-01  9.67429741e-01  9.67429741e-01 
 1.70703000e-03  7.40362260e-01  9.68145743e-01  9.68145743e-01  9.68145743e-01  9.68145743e-01 
 1.70803000e-03  7.40345692e-01  9.68844740e-01  9.68844740e-01  9.68844740e-01  9.68844740e-01 
 1.70903000e-03  7.40329505e-01  9.69526761e-01  9.69526761e-01  9.69526761e-01  9.69526761e-01 
 1.71003000e-03  7.40313700e-01  9.70191841e-01  9.70191841e-01  9.70191841e-01  9.70191841e-01 
 1.71103000e-03  7.40298277e-01  9.70840011e-01  9.70840011e-01  9.70840011e-01  9.70840011e-01 
 1.71203000e-03  7.40283237e-01  9.71471304e-01  9.71471304e-01  9.71471304e-01  9.71471304e-01 
 1.71303000e-03  7.40268581e-01  9.72085753e-01  9.72085753e-01  9.72085753e-01  9.72085753e-01 
 1.71403000e-03  7.40254309e-01  9.72683390e-01  9.72683390e-01  9.72683390e-01  9.72683390e-01 
 1.71503000e-03  7.40240421e-01  9.73264247e-01  9.73264247e-01  9.73264247e-01  9.73264247e-01 
 1.71603000e-03  7.40226919e-01  9.73828354e-01  9.73828354e-01  9.73828354e-01  9.73828354e-01 
 1.71703000e-03  7.40213803e-01  9.74375744e-01  9.74375744e-01  9.74375744e-01  9.74375744e-01 
 1.71803000e-03  7.40201073e-01  9.74906446e-01  9.74906446e-01  9.74906446e-01  9.74906446e-01 
 1.71903000e-03  7.40188730e-01  9.75420491e-01  9.75420491e-01  9.75420491e-01  9.75420491e-01 
 1.72003000e-03  7.40176774e-01  9.75917909e-01  9.75917909e-01  9.75917909e-01  9.75917909e-01 
 1.72103000e-03  7.40165207e-01  9.76398728e-01  9.76398728e-01  9.76398728e-01  9.76398728e-01 
 1.72203000e-03  7.40154027e-01  9.76862977e-01  9.76862977e-01  9.76862977e-01  9.76862977e-01 
 1.72303000e-03  7.40143236e-01  9.77310684e-01  9.77310684e-01  9.77310684e-01  9.77310684e-01 
 1.72403000e-03  7.40132834e-01  9.77741877e-01  9.77741877e-01  9.77741877e-01  9.77741877e-01 
 1.72503000e-03  7.40122822e-01  9.78156581e-01  9.78156581e-01  9.78156581e-01  9.78156581e-01 
 1.72603000e-03  7.40113200e-01  9.78554823e-01  9.78554823e-01  9.78554823e-01  9.78554823e-01 
 1.72703000e-03  7.40103968e-01  9.78936627e-01  9.78936627e-01  9.78936627e-01  9.78936627e-01 
 1.72803000e-03  7.40095126e-01  9.79302018e-01  9.79302018e-01  9.79302018e-01  9.79302018e-01 
 1.72903000e-03  7.40086676e-01  9.79651019e-01  9.79651019e-01  9.79651019e-01  9.79651019e-01 
 1.73003000e-03  7.40078617e-01  9.79983653e-01  9.79983653e-01  9.79983653e-01  9.79983653e-01 
 1.73103000e-03  7.40070950e-01  9.80299941e-01  9.80299941e-01  9.80299941e-01  9.80299941e-01 
 1.73203000e-03  7.40063674e-01  9.80599905e-01  9.80599905e-01  9.80599905e-01  9.80599905e-01 
 1.73303000e-03  7.40056791e-01  9.80883565e-01  9.80883565e-01  9.80883565e-01  9.80883565e-01 
 1.73403000e-03  7.40050301e-01  9.81150938e-01  9.81150938e-01  9.81150938e-01  9.81150938e-01 
 1.73503000e-03  7.40044203e-01  9.81402044e-01  9.81402044e-01  9.81402044e-01  9.81402044e-01 
 1.73603000e-03  7.40038498e-01  9.81636900e-01  9.81636900e-01  9.81636900e-01  9.81636900e-01 
 1.73703000e-03  7.40033187e-01  9.81855520e-01  9.81855520e-01  9.81855520e-01  9.81855520e-01 
 1.73803000e-03  7.40028269e-01  9.82057921e-01  9.82057921e-01  9.82057921e-01  9.82057921e-01 
 1.73903000e-03  7.40023745e-01  9.82244117e-01  9.82244117e-01  9.82244117e-01  9.82244117e-01 
 1.74003000e-03  7.40019615e-01  9.82414120e-01  9.82414120e-01  9.82414120e-01  9.82414120e-01 
 1.74103000e-03  7.40015878e-01  9.82567942e-01  9.82567942e-01  9.82567942e-01  9.82567942e-01 
 1.74203000e-03  7.40012536e-01  9.82705594e-01  9.82705594e-01  9.82705594e-01  9.82705594e-01 
 1.74303000e-03  7.40009588e-01  9.82827085e-01  9.82827085e-01  9.82827085e-01  9.82827085e-01 
 1.74403000e-03  7.40007034e-01  9.82932425e-01  9.82932425e-01  9.82932425e-01  9.82932425e-01 
 1.74503000e-03  7.40004875e-01  9.83021621e-01  9.83021621e-01  9.83021621e-01  9.83021621e-01 
 1.74603000e-03  7.40003111e-01  9.83094678e-01  9.83094678e-01  9.83094678e-01  9.83094678e-01 
 1.74703000e-03  7.40001741e-01  9.83151603e-01  9.83151603e-01  9.83151603e-01  9.83151603e-01 
 1.74803000e-03  7.40000766e-01  9.83192400e-01  9.83192400e-01  9.83192400e-01  9.83192400e-01 
 1.74903000e-03  7.40000186e-01  9.83217071e-01  9.83217071e-01  9.83217071e-01  9.83217071e-01 
 1.75003000e-03  7.40000000e-01  9.83225618e-01  9.83225618e-01  9.83225618e-01  9.83225618e-01 
 1.75103000e-03  7.40000209e-01  9.83218042e-01  9.83218042e-01  9.83218042e-01  9.83218042e-01 
 1.75203000e-03  7.40000813e-01  9.83194343e-01  9.83194343e-01  9.83194343e-01  9.83194343e-01 
 1.75303000e-03  7.40001812e-01  9.83154519e-01  9.83154519e-01  9.83154519e-01  9.83154519e-01 
 1.75403000e-03  7.40003206e-01  9.83098567e-01  9.83098567e-01  9.83098567e-01  9.83098567e-01 
 1.75503000e-03  7.40004994e-01  9.83026484e-01  9.83026484e-01  9.83026484e-01  9.83026484e-01 
 1.75603000e-03  7.40007176e-01  9.82938264e-01  9.82938264e-01  9.82938264e-01  9.82938264e-01 
 1.75703000e-03  7.40009754e-01  9.82833902e-01  9.82833902e-01  9.82833902e-01  9.82833902e-01 
 1.75803000e-03  7.40012725e-01  9.82713390e-01  9.82713390e-01  9.82713390e-01  9.82713390e-01 
 1.75903000e-03  7.40016091e-01  9.82576719e-01  9.82576719e-01  9.82576719e-01  9.82576719e-01 
 1.76003000e-03  7.40019851e-01  9.82423881e-01  9.82423881e-01  9.82423881e-01  9.82423881e-01 
 1.76103000e-03  7.40024005e-01  9.82254865e-01  9.82254865e-01  9.82254865e-01  9.82254865e-01 
 1.76203000e-03  7.40028553e-01  9.82069660e-01  9.82069660e-01  9.82069660e-01  9.82069660e-01 
 1.76303000e-03  7.40033495e-01  9.81868252e-01  9.81868252e-01  9.81868252e-01  9.81868252e-01 
 1.76403000e-03  7.40038830e-01  9.81650627e-01  9.81650627e-01  9.81650627e-01  9.81650627e-01 
 1.76503000e-03  7.40044558e-01  9.81416772e-01  9.81416772e-01  9.81416772e-01  9.81416772e-01 
 1.76603000e-03  7.40050679e-01  9.81166671e-01  9.81166671e-01  9.81166671e-01  9.81166671e-01 
 1.76703000e-03  7.40057193e-01  9.80900306e-01  9.80900306e-01  9.80900306e-01  9.80900306e-01 
 1.76803000e-03  7.40064100e-01  9.80617660e-01  9.80617660e-01  9.80617660e-01  9.80617660e-01 
 1.76903000e-03  7.40071399e-01  9.80318714e-01  9.80318714e-01  9.80318714e-01  9.80318714e-01 
 1.77003000e-03  7.40079089e-01  9.80003449e-01  9.80003449e-01  9.80003449e-01  9.80003449e-01 
 1.77103000e-03  7.40087172e-01  9.79671844e-01  9.79671844e-01  9.79671844e-01  9.79671844e-01 
 1.77203000e-03  7.40095646e-01  9.79323877e-01  9.79323877e-01  9.79323877e-01  9.79323877e-01 
 1.77303000e-03  7.40104510e-01  9.78959526e-01  9.78959526e-01  9.78959526e-01  9.78959526e-01 
 1.77403000e-03  7.40113766e-01  9.78578768e-01  9.78578768e-01  9.78578768e-01  9.78578768e-01 
 1.77503000e-03  7.40123412e-01  9.78181579e-01  9.78181579e-01  9.78181579e-01  9.78181579e-01 
 1.77603000e-03  7.40133447e-01  9.77767934e-01  9.77767934e-01  9.77767934e-01  9.77767934e-01 
 1.77703000e-03  7.40143872e-01  9.77337807e-01  9.77337807e-01  9.77337807e-01  9.77337807e-01 
 1.77803000e-03  7.40154687e-01  9.76891172e-01  9.76891172e-01  9.76891172e-01  9.76891172e-01 
 1.77903000e-03  7.40165890e-01  9.76428003e-01  9.76428003e-01  9.76428003e-01  9.76428003e-01 
 1.78003000e-03  7.40177481e-01  9.75948271e-01  9.75948271e-01  9.75948271e-01  9.75948271e-01 
 1.78103000e-03  7.40189460e-01  9.75451711e-01  9.75451711e-01  9.75451711e-01  9.75451711e-01 
 1.78203000e-03  7.40201826e-01  9.74938979e-01  9.74938979e-01  9.74938979e-01  9.74938979e-01 
 1.78303000e-03  7.40214579e-01  9.74409418e-01  9.74409418e-01  9.74409418e-01  9.74409418e-01 
 1.78403000e-03  7.40227719e-01  9.73863145e-01  9.73863145e-01  9.73863145e-01  9.73863145e-01 
 1.78503000e-03  7.40241244e-01  9.73300164e-01  9.73300164e-01  9.73300164e-01  9.73300164e-01 
 1.78603000e-03  7.40255154e-01  9.72720444e-01  9.72720444e-01  9.72720444e-01  9.72720444e-01 
 1.78703000e-03  7.40269449e-01  9.72123952e-01  9.72123952e-01  9.72123952e-01  9.72123952e-01 
 1.78803000e-03  7.40284129e-01  9.71510656e-01  9.71510656e-01  9.71510656e-01  9.71510656e-01 
 1.78903000e-03  7.40299191e-01  9.70880526e-01  9.70880526e-01  9.70880526e-01  9.70880526e-01 
 1.79003000e-03  7.40314637e-01  9.70233528e-01  9.70233528e-01  9.70233528e-01  9.70233528e-01 
 1.79103000e-03  7.40330466e-01  9.69569629e-01  9.69569629e-01  9.69569629e-01  9.69569629e-01 
 1.79203000e-03  7.40346675e-01  9.68888799e-01  9.68888799e-01  9.68888799e-01  9.68888799e-01 
 1.79303000e-03  7.40363266e-01  9.68191003e-01  9.68191003e-01  9.68191003e-01  9.68191003e-01 
 1.79403000e-03  7.40380238e-01  9.67476209e-01  9.67476209e-01  9.67476209e-01  9.67476209e-01 
 1.79503000e-03  7.40397589e-01  9.66744384e-01  9.66744384e-01  9.66744384e-01  9.66744384e-01 
 1.79603000e-03  7.40415320e-01  9.65995008e-01  9.65995008e-01  9.65995008e-01  9.65995008e-01 
 1.79703000e-03  7.40433428e-01  9.65229454e-01  9.65229454e-01  9.65229454e-01  9.65229454e-01 
 1.79803000e-03  7.40451915e-01  9.64446403e-01  9.64446403e-01  9.64446403e-01  9.64446403e-01 
 1.79903000e-03  7.40470778e-01  9.63646122e-01  9.63646122e-01  9.63646122e-01  9.63646122e-01 
 1.80003000e-03  7.40490017e-01  9.62828650e-01  9.62828650e-01  9.62828650e-01  9.62828650e-01 
 1.80103000e-03  7.40509632e-01  9.61993954e-01  9.61993954e-01  9.61993954e-01  9.61993954e-01 
 1.80203000e-03  7.40529622e-01  9.61141404e-01  9.61141404e-01  9.61141404e-01  9.61141404e-01 
 1.80303000e-03  7.40549986e-01  9.60272690e-01  9.60272690e-01  9.60272690e-01  9.60272690e-01 
 1.80403000e-03  7.40570722e-01  9.59386207e-01  9.59386207e-01  9.59386207e-01  9.59386207e-01 
 1.80503000e-03  7.40591831e-01  9.58482290e-01  9.58482290e-01  9.58482290e-01  9.58482290e-01 
 1.80603000e-03  7.40613311e-01  9.57560997e-01  9.57560997e-01  9.57560997e-01  9.57560997e-01 
 1.80703000e-03  7.40635162e-01  9.56622299e-01  9.56622299e-01  9.56622299e-01  9.56622299e-01 
 1.80803000e-03  7.40657383e-01  9.55666163e-01  9.55666163e-01  9.55666163e-01  9.55666163e-01 
 1.80903000e-03  7.40679972e-01  9.54692564e-01  9.54692564e-01  9.54692564e-01  9.54692564e-01 
 1.81003000e-03  7.40702929e-01  9.53701473e-01  9.53701473e-01  9.53701473e-01  9.53701473e-01 
 1.81103000e-03  7.40726254e-01  9.52692865e-01  9.52692865e-01  9.52692865e-01  9.52692865e-01 
 1.81203000e-03  7.40749944e-01  9.51666715e-01  9.51666715e-01  9.51666715e-01  9.51666715e-01 
 1.81303000e-03  7.40774000e-01  9.50622999e-01  9.50622999e-01  9.50622999e-01  9.50622999e-01 
 1.81403000e-03  7.40798419e-01  9.49560881e-01  9.49560881e-01  9.49560881e-01  9.49560881e-01 
 1.81503000e-03  7.40823203e-01  9.48481853e-01  9.48481853e-01  9.48481853e-01  9.48481853e-01 
 1.81603000e-03  7.40848348e-01  9.47386144e-01  9.47386144e-01  9.47386144e-01  9.47386144e-01 
 1.81703000e-03  7.40873855e-01  9.46272048e-01  9.46272048e-01  9.46272048e-01  9.46272048e-01 
 1.81803000e-03  7.40899722e-01  9.45139288e-01  9.45139288e-01  9.45139288e-01  9.45139288e-01 
 1.81903000e-03  7.40925948e-01  9.43990503e-01  9.43990503e-01  9.43990503e-01  9.43990503e-01 
 1.82003000e-03  7.40952532e-01  9.42823364e-01  9.42823364e-01  9.42823364e-01  9.42823364e-01 
 1.82103000e-03  7.40979474e-01  9.41638384e-01  9.41638384e-01  9.41638384e-01  9.41638384e-01 
 1.82203000e-03  7.41006772e-01  9.40435679e-01  9.40435679e-01  9.40435679e-01  9.40435679e-01 
 1.82303000e-03  7.41034424e-01  9.39215240e-01  9.39215240e-01  9.39215240e-01  9.39215240e-01 
 1.82403000e-03  7.41062431e-01  9.37977054e-01  9.37977054e-01  9.37977054e-01  9.37977054e-01 
 1.82503000e-03  7.41090791e-01  9.36721111e-01  9.36721111e-01  9.36721111e-01  9.36721111e-01 
 1.82603000e-03  7.41119502e-01  9.35447408e-01  9.35447408e-01  9.35447408e-01  9.35447408e-01 
 1.82703000e-03  7.41148564e-01  9.34155940e-01  9.34155940e-01  9.34155940e-01  9.34155940e-01 
 1.82803000e-03  7.41177975e-01  9.32846706e-01  9.32846706e-01  9.32846706e-01  9.32846706e-01 
 1.82903000e-03  7.41207735e-01  9.31519704e-01  9.31519704e-01  9.31519704e-01  9.31519704e-01 
 1.83003000e-03  7.41237841e-01  9.30174938e-01  9.30174938e-01  9.30174938e-01  9.30174938e-01 
 1.83103000e-03  7.41268294e-01  9.28811362e-01  9.28811362e-01  9.28811362e-01  9.28811362e-01 
 1.83203000e-03  7.41299091e-01  9.27432002e-01  9.27432002e-01  9.27432002e-01  9.27432002e-01 
 1.83303000e-03  7.41330232e-01  9.26033051e-01  9.26033051e-01  9.26033051e-01  9.26033051e-01 
 1.83403000e-03  7.41361715e-01  9.24618213e-01  9.24618213e-01  9.24618213e-01  9.24618213e-01 
 1.83503000e-03  7.41393539e-01  9.23184867e-01  9.23184867e-01  9.23184867e-01  9.23184867e-01 
 1.83603000e-03  7.41425703e-01  9.21733663e-01  9.21733663e-01  9.21733663e-01  9.21733663e-01 
 1.83703000e-03  7.41458206e-01  9.20264773e-01  9.20264773e-01  9.20264773e-01  9.20264773e-01 
 1.83803000e-03  7.41491045e-01  9.18777118e-01  9.18777118e-01  9.18777118e-01  9.18777118e-01 
 1.83903000e-03  7.41524221e-01  9.17273882e-01  9.17273882e-01  9.17273882e-01  9.17273882e-01 
 1.84003000e-03  7.41557731e-01  9.15752209e-01  9.15752209e-01  9.15752209e-01  9.15752209e-01 
 1.84103000e-03  7.41591574e-01  9.14212778e-01  9.14212778e-01  9.14212778e-01  9.14212778e-01 
 1.84203000e-03  7.41625750e-01  9.12655786e-01  9.12655786e-01  9.12655786e-01  9.12655786e-01 
 1.84303000e-03  7.41660256e-01  9.11081268e-01  9.11081268e-01  9.11081268e-01  9.11081268e-01 
 1.84403000e-03  7.41695091e-01  9.09489253e-01  9.09489253e-01  9.09489253e-01  9.09489253e-01 
 1.84503000e-03  7.41730254e-01  9.07879779e-01  9.07879779e-01  9.07879779e-01  9.07879779e-01 
 1.84603000e-03  7.41765743e-01  9.06252886e-01  9.06252886e-01  9.06252886e-01  9.06252886e-01 
 1.84703000e-03  7.41801558e-01  9.04608619e-01  9.04608619e-01  9.04608619e-01  9.04608619e-01 
 1.84803000e-03  7.41837696e-01  9.02947025e-01  9.02947025e-01  9.02947025e-01  9.02947025e-01 
 1.84903000e-03  7.41874157e-01  9.01267040e-01  9.01267040e-01  9.01267040e-01  9.01267040e-01 
 1.85003000e-03  7.41910938e-01  8.99571913e-01  8.99571913e-01  8.99571913e-01  8.99571913e-01 
 1.85103000e-03  7.41948039e-01  8.97858797e-01  8.97858797e-01  8.97858797e-01  8.97858797e-01 
 1.85203000e-03  7.41985457e-01  8.96128401e-01  8.96128401e-01  8.96128401e-01  8.96128401e-01 
 1.85303000e-03  7.42023192e-01  8.94380958e-01  8.94380958e-01  8.94380958e-01  8.94380958e-01 
 1.85403000e-03  7.42061242e-01  8.92615451e-01  8.92615451e-01  8.92615451e-01  8.92615451e-01 
 1.85503000e-03  7.42099605e-01  8.90835052e-01  8.90835052e-01  8.90835052e-01  8.90835052e-01 
 1.85603000e-03  7.42138280e-01  8.89037006e-01  8.89037006e-01  8.89037006e-01  8.89037006e-01 
 1.85703000e-03  7.42177266e-01  8.87220966e-01  8.87220966e-01  8.87220966e-01  8.87220966e-01 
 1.85803000e-03  7.42216560e-01  8.85390206e-01  8.85390206e-01  8.85390206e-01  8.85390206e-01 
 1.85903000e-03  7.42256162e-01  8.83541022e-01  8.83541022e-01  8.83541022e-01  8.83541022e-01 
 1.86003000e-03  7.42296069e-01  8.81676056e-01  8.81676056e-01  8.81676056e-01  8.81676056e-01 
 1.86103000e-03  7.42336281e-01  8.79794787e-01  8.79794787e-01  8.79794787e-01  8.79794787e-01 
 1.86203000e-03  7.42376795e-01  8.77897148e-01  8.77897148e-01  8.77897148e-01  8.77897148e-01 
 1.86303000e-03  7.42417610e-01  8.75984204e-01  8.75984204e-01  8.75984204e-01  8.75984204e-01 
 1.86403000e-03  7.42458724e-01  8.74054212e-01  8.74054212e-01  8.74054212e-01  8.74054212e-01 
 1.86503000e-03  7.42500136e-01  8.72107999e-01  8.72107999e-01  8.72107999e-01  8.72107999e-01 
 1.86603000e-03  7.42541844e-01  8.70145814e-01  8.70145814e-01  8.70145814e-01  8.70145814e-01 
 1.86703000e-03  7.42583847e-01  8.68167758e-01  8.68167758e-01  8.68167758e-01  8.68167758e-01 
 1.86803000e-03  7.42626142e-01  8.66173048e-01  8.66173048e-01  8.66173048e-01  8.66173048e-01 
 1.86903000e-03  7.42668728e-01  8.64163473e-01  8.64163473e-01  8.64163473e-01  8.64163473e-01 
 1.87003000e-03  7.42711604e-01  8.62139320e-01  8.62139320e-01  8.62139320e-01  8.62139320e-01 
 1.87103000e-03  7.42754768e-01  8.60098155e-01  8.60098155e-01  8.60098155e-01  8.60098155e-01 
 1.87203000e-03  7.42798217e-01  8.58042291e-01  8.58042291e-01  8.58042291e-01  8.58042291e-01 
 1.87303000e-03  7.42841951e-01  8.55971367e-01  8.55971367e-01  8.55971367e-01  8.55971367e-01 
 1.87403000e-03  7.42885968e-01  8.53886124e-01  8.53886124e-01  8.53886124e-01  8.53886124e-01 
 1.87503000e-03  7.42930265e-01  8.51784549e-01  8.51784549e-01  8.51784549e-01  8.51784549e-01 
 1.87603000e-03  7.42974842e-01  8.49668719e-01  8.49668719e-01  8.49668719e-01  8.49668719e-01 
 1.87703000e-03  7.43019695e-01  8.47538336e-01  8.47538336e-01  8.47538336e-01  8.47538336e-01 
 1.87803000e-03  7.43064825e-01  8.45393422e-01  8.45393422e-01  8.45393422e-01  8.45393422e-01 
 1.87903000e-03  7.43110228e-01  8.43234117e-01  8.43234117e-01  8.43234117e-01  8.43234117e-01 
 1.88003000e-03  7.43155903e-01  8.41061142e-01  8.41061142e-01  8.41061142e-01  8.41061142e-01 
 1.88103000e-03  7.43201848e-01  8.38872994e-01  8.38872994e-01  8.38872994e-01  8.38872994e-01 
 1.88203000e-03  7.43248062e-01  8.36671319e-01  8.36671319e-01  8.36671319e-01  8.36671319e-01 
 1.88303000e-03  7.43294543e-01  8.34455935e-01  8.34455935e-01  8.34455935e-01  8.34455935e-01 
 1.88403000e-03  7.43341288e-01  8.32226909e-01  8.32226909e-01  8.32226909e-01  8.32226909e-01 
 1.88503000e-03  7.43388295e-01  8.29984397e-01  8.29984397e-01  8.29984397e-01  8.29984397e-01 
 1.88603000e-03  7.43435564e-01  8.27728563e-01  8.27728563e-01  8.27728563e-01  8.27728563e-01 
 1.88703000e-03  7.43483092e-01  8.25459571e-01  8.25459571e-01  8.25459571e-01  8.25459571e-01 
 1.88803000e-03  7.43530878e-01  8.23177586e-01  8.23177586e-01  8.23177586e-01  8.23177586e-01 
 1.88903000e-03  7.43578918e-01  8.20882778e-01  8.20882778e-01  8.20882778e-01  8.20882778e-01 
 1.89003000e-03  7.43627213e-01  8.18575317e-01  8.18575317e-01  8.18575317e-01  8.18575317e-01 
 1.89103000e-03  7.43675758e-01  8.16255377e-01  8.16255377e-01  8.16255377e-01  8.16255377e-01 
 1.89203000e-03  7.43724554e-01  8.13923136e-01  8.13923136e-01  8.13923136e-01  8.13923136e-01 
 1.89303000e-03  7.43773597e-01  8.11578772e-01  8.11578772e-01  8.11578772e-01  8.11578772e-01 
 1.89403000e-03  7.43822886e-01  8.09222466e-01  8.09222466e-01  8.09222466e-01  8.09222466e-01 
 1.89503000e-03  7.43872419e-01  8.06854402e-01  8.06854402e-01  8.06854402e-01  8.06854402e-01 
 1.89603000e-03  7.43922194e-01  8.04474767e-01  8.04474767e-01  8.04474767e-01  8.04474767e-01 
 1.89703000e-03  7.43972208e-01  8.02083749e-01  8.02083749e-01  8.02083749e-01  8.02083749e-01 
 1.89803000e-03  7.44022461e-01  7.99681540e-01  7.99681540e-01  7.99681540e-01  7.99681540e-01 
 1.89903000e-03  7.44072950e-01  7.97268331e-01  7.97268331e-01  7.97268331e-01  7.97268331e-01 
 1.90003000e-03  7.44123673e-01  7.94844319e-01  7.94844319e-01  7.94844319e-01  7.94844319e-01 
 1.90103000e-03  7.44174627e-01  7.92409702e-01  7.92409702e-01  7.92409702e-01  7.92409702e-01 
 1.90203000e-03  7.44225812e-01  7.89964678e-01  7.89964678e-01  7.89964678e-01  7.89964678e-01 
 1.90303000e-03  7.44277224e-01  7.87509450e-01  7.87509450e-01  7.87509450e-01  7.87509450e-01 
 1.90403000e-03  7.44328863e-01  7.85044221e-01  7.85044221e-01  7.85044221e-01  7.85044221e-01 
 1.90503000e-03  7.44380725e-01  7.82569198e-01  7.82569198e-01  7.82569198e-01  7.82569198e-01 
 1.90603000e-03  7.44432810e-01  7.80084587e-01  7.80084587e-01  7.80084587e-01  7.80084587e-01 
 1.90703000e-03  7.44485114e-01  7.77590599e-01  7.77590599e-01  7.77590599e-01  7.77590599e-01 
 1.90803000e-03  7.44537635e-01  7.75087445e-01  7.75087445e-01  7.75087445e-01  7.75087445e-01 
 1.90903000e-03  7.44590373e-01  7.72575337e-01  7.72575337e-01  7.72575337e-01  7.72575337e-01 
 1.91003000e-03  7.44643324e-01  7.70054492e-01  7.70054492e-01  7.70054492e-01  7.70054492e-01 
 1.91015500e-03  7.44649957e-01  7.69738756e-01  7.69738756e-01  7.69738756e-01  7.69738756e-01 
 1.91040500e-03  7.44663235e-01  7.69106948e-01  7.69106948e-01  7.69106948e-01  7.69106948e-01 
 1.91046750e-03  7.44666556e-01  7.68948909e-01  7.68948909e-01  7.68948909e-01  7.68948909e-01 
 1.91059250e-03  7.44673202e-01  7.68632738e-01  7.68632738e-01  7.68632738e-01  7.68632738e-01 
 1.91084250e-03  7.44686502e-01  7.68000012e-01  7.68000012e-01  7.68000012e-01  7.68000012e-01 
 1.91134250e-03  7.44713142e-01  7.66732982e-01  7.66732982e-01  7.66732982e-01  7.66732982e-01 
 1.91234250e-03  7.44766579e-01  7.64192766e-01  7.64192766e-01  7.64192766e-01  7.64192766e-01 
 1.91334250e-03  7.44820223e-01  7.61644534e-01  7.61644534e-01  7.61644534e-01  7.61644534e-01 
 1.91434250e-03  7.44874070e-01  7.59088509e-01  7.59088509e-01  7.59088509e-01  7.59088509e-01 
 1.91534250e-03  7.44928121e-01  7.56524916e-01  7.56524916e-01  7.56524916e-01  7.56524916e-01 
 1.91634250e-03  7.44982371e-01  7.53953980e-01  7.53953980e-01  7.53953980e-01  7.53953980e-01 
 1.91734250e-03  7.45036820e-01  7.51375926e-01  7.51375926e-01  7.51375926e-01  7.51375926e-01 
 1.91834250e-03  7.45091464e-01  7.48790983e-01  7.48790983e-01  7.48790983e-01  7.48790983e-01 
 1.91934250e-03  7.45146303e-01  7.46199379e-01  7.46199379e-01  7.46199379e-01  7.46199379e-01 
 1.92034250e-03  7.45201332e-01  7.43601345e-01  7.43601345e-01  7.43601345e-01  7.43601345e-01 
 1.92134250e-03  7.45256552e-01  7.40997113e-01  7.40997113e-01  7.40997113e-01  7.40997113e-01 
 1.92234250e-03  7.45311958e-01  7.38386915e-01  7.38386915e-01  7.38386915e-01  7.38386915e-01 
 1.92334250e-03  7.45367550e-01  7.35770984e-01  7.35770984e-01  7.35770984e-01  7.35770984e-01 
 1.92434250e-03  7.45423325e-01  7.33149557e-01  7.33149557e-01  7.33149557e-01  7.33149557e-01 
 1.92534250e-03  7.45479280e-01  7.30522868e-01  7.30522868e-01  7.30522868e-01  7.30522868e-01 
 1.92634250e-03  7.45535414e-01  7.27891155e-01  7.27891155e-01  7.27891155e-01  7.27891155e-01 
 1.92734250e-03  7.45591724e-01  7.25254656e-01  7.25254656e-01  7.25254656e-01  7.25254656e-01 
 1.92834250e-03  7.45648208e-01  7.22613609e-01  7.22613609e-01  7.22613609e-01  7.22613609e-01 
 1.92934250e-03  7.45704863e-01  7.19968254e-01  7.19968254e-01  7.19968254e-01  7.19968254e-01 
 1.93034250e-03  7.45761689e-01  7.17318833e-01  7.17318833e-01  7.17318833e-01  7.17318833e-01 
 1.93134250e-03  7.45818681e-01  7.14665585e-01  7.14665585e-01  7.14665585e-01  7.14665585e-01 
 1.93234250e-03  7.45875839e-01  7.12008754e-01  7.12008754e-01  7.12008754e-01  7.12008754e-01 
 1.93334250e-03  7.45933160e-01  7.09348582e-01  7.09348582e-01  7.09348582e-01  7.09348582e-01 
 1.93434250e-03  7.45990641e-01  7.06685313e-01  7.06685313e-01  7.06685313e-01  7.06685313e-01 
 1.93534250e-03  7.46048280e-01  7.04019191e-01  7.04019191e-01  7.04019191e-01  7.04019191e-01 
 1.93634250e-03  7.46106076e-01  7.01350460e-01  7.01350460e-01  7.01350460e-01  7.01350460e-01 
 1.93734250e-03  7.46164025e-01  6.98679367e-01  6.98679367e-01  6.98679367e-01  6.98679367e-01 
 1.93834250e-03  7.46222125e-01  6.96006157e-01  6.96006157e-01  6.96006157e-01  6.96006157e-01 
 1.93934250e-03  7.46280375e-01  6.93331076e-01  6.93331076e-01  6.93331076e-01  6.93331076e-01 
 1.94034250e-03  7.46338772e-01  6.90654372e-01  6.90654372e-01  6.90654372e-01  6.90654372e-01 
 1.94134250e-03  7.46397313e-01  6.87976292e-01  6.87976292e-01  6.87976292e-01  6.87976292e-01 
 1.94234250e-03  7.46455996e-01  6.85297084e-01  6.85297084e-01  6.85297084e-01  6.85297084e-01 
 1.94334250e-03  7.46514819e-01  6.82616995e-01  6.82616995e-01  6.82616995e-01  6.82616995e-01 
 1.94434250e-03  7.46573780e-01  6.79936275e-01  6.79936275e-01  6.79936275e-01  6.79936275e-01 
 1.94534250e-03  7.46632876e-01  6.77255172e-01  6.77255172e-01  6.77255172e-01  6.77255172e-01 
 1.94634250e-03  7.46692105e-01  6.74573936e-01  6.74573936e-01  6.74573936e-01  6.74573936e-01 
 1.94734250e-03  7.46751465e-01  6.71892816e-01  6.71892816e-01  6.71892816e-01  6.71892816e-01 
 1.94834250e-03  7.46810953e-01  6.69212062e-01  6.69212062e-01  6.69212062e-01  6.69212062e-01 
 1.94934250e-03  7.46870567e-01  6.66531923e-01  6.66531923e-01  6.66531923e-01  6.66531923e-01 
 1.95034250e-03  7.46930304e-01  6.63852650e-01  6.63852650e-01  6.63852650e-01  6.63852650e-01 
 1.95134250e-03  7.46990162e-01  6.61174494e-01  6.61174494e-01  6.61174494e-01  6.61174494e-01 
 1.95234250e-03  7.47050140e-01  6.58497704e-01  6.58497704e-01  6.58497704e-01  6.58497704e-01 
 1.95334250e-03  7.47110233e-01  6.55822532e-01  6.55822532e-01  6.55822532e-01  6.55822532e-01 
 1.95434250e-03  7.47170441e-01  6.53149227e-01  6.53149227e-01  6.53149227e-01  6.53149227e-01 
 1.95534250e-03  7.47230761e-01  6.50478042e-01  6.50478042e-01  6.50478042e-01  6.50478042e-01 
 1.95634250e-03  7.47291190e-01  6.47809227e-01  6.47809227e-01  6.47809227e-01  6.47809227e-01 
 1.95734250e-03  7.47351726e-01  6.45143032e-01  6.45143032e-01  6.45143032e-01  6.45143032e-01 
 1.95834250e-03  7.47412366e-01  6.42479710e-01  6.42479710e-01  6.42479710e-01  6.42479710e-01 
 1.95934250e-03  7.47473108e-01  6.39819510e-01  6.39819510e-01  6.39819510e-01  6.39819510e-01 
 1.96034250e-03  7.47533951e-01  6.37162684e-01  6.37162684e-01  6.37162684e-01  6.37162684e-01 
 1.96134250e-03  7.47594890e-01  6.34509484e-01  6.34509484e-01  6.34509484e-01  6.34509484e-01 
 1.96234250e-03  7.47655925e-01  6.31860159e-01  6.31860159e-01  6.31860159e-01  6.31860159e-01 
 1.96334250e-03  7.47717052e-01  6.29214961e-01  6.29214961e-01  6.29214961e-01  6.29214961e-01 
 1.96434250e-03  7.47778269e-01  6.26574141e-01  6.26574141e-01  6.26574141e-01  6.26574141e-01 
 1.96534250e-03  7.47839574e-01  6.23937950e-01  6.23937950e-01  6.23937950e-01  6.23937950e-01 
 1.96634250e-03  7.47900965e-01  6.21306637e-01  6.21306637e-01  6.21306637e-01  6.21306637e-01 
 1.96734250e-03  7.47962438e-01  6.18680455e-01  6.18680455e-01  6.18680455e-01  6.18680455e-01 
 1.96834250e-03  7.48023991e-01  6.16059652e-01  6.16059652e-01  6.16059652e-01  6.16059652e-01 
 1.96934250e-03  7.48085623e-01  6.13444480e-01  6.13444480e-01  6.13444480e-01  6.13444480e-01 
 1.97034250e-03  7.48147330e-01  6.10835188e-01  6.10835188e-01  6.10835188e-01  6.10835188e-01 
 1.97134250e-03  7.48209110e-01  6.08232026e-01  6.08232026e-01  6.08232026e-01  6.08232026e-01 
 1.97234250e-03  7.48270961e-01  6.05635244e-01  6.05635244e-01  6.05635244e-01  6.05635244e-01 
 1.97334250e-03  7.48332880e-01  6.03045091e-01  6.03045091e-01  6.03045091e-01  6.03045091e-01 
 1.97434250e-03  7.48394865e-01  6.00461816e-01  6.00461816e-01  6.00461816e-01  6.00461816e-01 
 1.97534250e-03  7.48456914e-01  5.97885667e-01  5.97885667e-01  5.97885667e-01  5.97885667e-01 
 1.97634250e-03  7.48519023e-01  5.95316895e-01  5.95316895e-01  5.95316895e-01  5.95316895e-01 
 1.97734250e-03  7.48581191e-01  5.92755745e-01  5.92755745e-01  5.92755745e-01  5.92755745e-01 
 1.97834250e-03  7.48643415e-01  5.90202467e-01  5.90202467e-01  5.90202467e-01  5.90202467e-01 
 1.97934250e-03  7.48705692e-01  5.87657307e-01  5.87657307e-01  5.87657307e-01  5.87657307e-01 
 1.98034250e-03  7.48768021e-01  5.85120512e-01  5.85120512e-01  5.85120512e-01  5.85120512e-01 
 1.98134250e-03  7.48830398e-01  5.82592329e-01  5.82592329e-01  5.82592329e-01  5.82592329e-01 
 1.98234250e-03  7.48892821e-01  5.80073003e-01  5.80073003e-01  5.80073003e-01  5.80073003e-01 
 1.98334250e-03  7.48955288e-01  5.77562779e-01  5.77562779e-01  5.77562779e-01  5.77562779e-01 
 1.98434250e-03  7.49017796e-01  5.75061902e-01  5.75061902e-01  5.75061902e-01  5.75061902e-01 
 1.98534250e-03  7.49080343e-01  5.72570615e-01  5.72570615e-01  5.72570615e-01  5.72570615e-01 
 1.98634250e-03  7.49142927e-01  5.70089162e-01  5.70089162e-01  5.70089162e-01  5.70089162e-01 
 1.98734250e-03  7.49205544e-01  5.67617785e-01  5.67617785e-01  5.67617785e-01  5.67617785e-01 
 1.98834250e-03  7.49268192e-01  5.65156725e-01  5.65156725e-01  5.65156725e-01  5.65156725e-01 
 1.98934250e-03  7.49330870e-01  5.62706223e-01  5.62706223e-01  5.62706223e-01  5.62706223e-01 
 1.99034250e-03  7.49393574e-01  5.60266517e-01  5.60266517e-01  5.60266517e-01  5.60266517e-01 
 1.99134250e-03  7.49456301e-01  5.57837847e-01  5.57837847e-01  5.57837847e-01  5.57837847e-01 
 1.99234250e-03  7.49519051e-01  5.55420448e-01  5.55420448e-01  5.55420448e-01  5.55420448e-01 
 1.99334250e-03  7.49581819e-01  5.53014558e-01  5.53014558e-01  5.53014558e-01  5.53014558e-01 
 1.99434250e-03  7.49644604e-01  5.50620409e-01  5.50620409e-01  5.50620409e-01  5.50620409e-01 
 1.99534250e-03  7.49707402e-01  5.48238235e-01  5.48238235e-01  5.48238235e-01  5.48238235e-01 
 1.99634250e-03  7.49770213e-01  5.45868267e-01  5.45868267e-01  5.45868267e-01  5.45868267e-01 
 1.99734250e-03  7.49833032e-01  5.43510735e-01  5.43510735e-01  5.43510735e-01  5.43510735e-01 
 1.99834250e-03  7.49895858e-01  5.41165864e-01  5.41165864e-01  5.41165864e-01  5.41165864e-01 
 1.99934250e-03  7.49958688e-01  5.38833882e-01  5.38833882e-01  5.38833882e-01  5.38833882e-01 
 2.00034250e-03  7.50021520e-01  5.36515012e-01  5.36515012e-01  5.36515012e-01  5.36515012e-01 
 2.00134250e-03  7.50084351e-01  5.34209473e-01  5.34209473e-01  5.34209473e-01  5.34209473e-01 
 2.00234250e-03  7.50147178e-01  5.31917486e-01  5.31917486e-01  5.31917486e-01  5.31917486e-01 
 2.00334250e-03  7.50210000e-01  5.29639265e-01  5.29639265e-01  5.29639265e-01  5.29639265e-01 
 2.00434250e-03  7.50272813e-01  5.27375023e-01  5.27375023e-01  5.27375023e-01  5.27375023e-01 
 2.00534250e-03  7.50335616e-01  5.25124971e-01  5.25124971e-01  5.25124971e-01  5.25124971e-01 
 2.00634250e-03  7.50398406e-01  5.22889316e-01  5.22889316e-01  5.22889316e-01  5.22889316e-01 
 2.00734250e-03  7.50461179e-01  5.20668260e-01  5.20668260e-01  5.20668260e-01  5.20668260e-01 
 2.00834250e-03  7.50523935e-01  5.18462004e-01  5.18462004e-01  5.18462004e-01  5.18462004e-01 
 2.00934250e-03  7.50586670e-01  5.16270743e-01  5.16270743e-01  5.16270743e-01  5.16270743e-01 
 2.01034250e-03  7.50649381e-01  5.14094671e-01  5.14094671e-01  5.14094671e-01  5.14094671e-01 
 2.01134250e-03  7.50712067e-01  5.11933974e-01  5.11933974e-01  5.11933974e-01  5.11933974e-01 
 2.01234250e-03  7.50774725e-01  5.09788836e-01  5.09788836e-01  5.09788836e-01  5.09788836e-01 
 2.01334250e-03  7.50837352e-01  5.07659435e-01  5.07659435e-01  5.07659435e-01  5.07659435e-01 
 2.01434250e-03  7.50899947e-01  5.05545947e-01  5.05545947e-01  5.05545947e-01  5.05545947e-01 
 2.01534250e-03  7.50962505e-01  5.03448539e-01  5.03448539e-01  5.03448539e-01  5.03448539e-01 
 2.01634250e-03  7.51025026e-01  5.01367375e-01  5.01367375e-01  5.01367375e-01  5.01367375e-01 
 2.01734250e-03  7.51087506e-01  4.99302614e-01  4.99302614e-01  4.99302614e-01  4.99302614e-01 
 2.01834250e-03  7.51149944e-01  4.97254406e-01  4.97254406e-01  4.97254406e-01  4.97254406e-01 
 2.01934250e-03  7.51212336e-01  4.95222899e-01  4.95222899e-01  4.95222899e-01  4.95222899e-01 
 2.02034250e-03  7.51274680e-01  4.93208233e-01  4.93208233e-01  4.93208233e-01  4.93208233e-01 
 2.02134250e-03  7.51336973e-01  4.91210541e-01  4.91210541e-01  4.91210541e-01  4.91210541e-01 
 2.02234250e-03  7.51399214e-01  4.89229949e-01  4.89229949e-01  4.89229949e-01  4.89229949e-01 
 2.02334250e-03  7.51461400e-01  4.87266579e-01  4.87266579e-01  4.87266579e-01  4.87266579e-01 
 2.02434250e-03  7.51523528e-01  4.85320543e-01  4.85320543e-01  4.85320543e-01  4.85320543e-01 
 2.02534250e-03  7.51585596e-01  4.83391947e-01  4.83391947e-01  4.83391947e-01  4.83391947e-01 
 2.02634250e-03  7.51647601e-01  4.81480890e-01  4.81480890e-01  4.81480890e-01  4.81480890e-01 
 2.02734250e-03  7.51709542e-01  4.79587462e-01  4.79587462e-01  4.79587462e-01  4.79587462e-01 
 2.02834250e-03  7.51771414e-01  4.77711748e-01  4.77711748e-01  4.77711748e-01  4.77711748e-01 
 2.02934250e-03  7.51833217e-01  4.75853823e-01  4.75853823e-01  4.75853823e-01  4.75853823e-01 
 2.03034250e-03  7.51894948e-01  4.74013753e-01  4.74013753e-01  4.74013753e-01  4.74013753e-01 
 2.03134250e-03  7.51956603e-01  4.72191600e-01  4.72191600e-01  4.72191600e-01  4.72191600e-01 
 2.03234250e-03  7.52018182e-01  4.70387415e-01  4.70387415e-01  4.70387415e-01  4.70387415e-01 
 2.03334250e-03  7.52079680e-01  4.68601240e-01  4.68601240e-01  4.68601240e-01  4.68601240e-01 
 2.03434250e-03  7.52141097e-01  4.66833111e-01  4.66833111e-01  4.66833111e-01  4.66833111e-01 
 2.03534250e-03  7.52202429e-01  4.65083056e-01  4.65083056e-01  4.65083056e-01  4.65083056e-01 
 2.03634250e-03  7.52263674e-01  4.63351092e-01  4.63351092e-01  4.63351092e-01  4.63351092e-01 
 2.03734250e-03  7.52324830e-01  4.61637230e-01  4.61637230e-01  4.61637230e-01  4.61637230e-01 
 2.03834250e-03  7.52385894e-01  4.59941473e-01  4.59941473e-01  4.59941473e-01  4.59941473e-01 
 2.03934250e-03  7.52446864e-01  4.58263814e-01  4.58263814e-01  4.58263814e-01  4.58263814e-01 
 2.04034250e-03  7.52507737e-01  4.56604239e-01  4.56604239e-01  4.56604239e-01  4.56604239e-01 
 2.04134250e-03  7.52568511e-01  4.54962727e-01  4.54962727e-01  4.54962727e-01  4.54962727e-01 
 2.04234250e-03  7.52629184e-01  4.53339246e-01  4.53339246e-01  4.53339246e-01  4.53339246e-01 
 2.04334250e-03  7.52689753e-01  4.51733761e-01  4.51733761e-01  4.51733761e-01  4.51733761e-01 
 2.04434250e-03  7.52750216e-01  4.50146224e-01  4.50146224e-01  4.50146224e-01  4.50146224e-01 
 2.04534250e-03  7.52810570e-01  4.48576583e-01  4.48576583e-01  4.48576583e-01  4.48576583e-01 
 2.04634250e-03  7.52870813e-01  4.47024778e-01  4.47024778e-01  4.47024778e-01  4.47024778e-01 
 2.04734250e-03  7.52930943e-01  4.45490741e-01  4.45490741e-01  4.45490741e-01  4.45490741e-01 
 2.04834250e-03  7.52990958e-01  4.43974399e-01  4.43974399e-01  4.43974399e-01  4.43974399e-01 
 2.04934250e-03  7.53050854e-01  4.42475669e-01  4.42475669e-01  4.42475669e-01  4.42475669e-01 
 2.05034250e-03  7.53110629e-01  4.40994464e-01  4.40994464e-01  4.40994464e-01  4.40994464e-01 
 2.05134250e-03  7.53170282e-01  4.39530691e-01  4.39530691e-01  4.39530691e-01  4.39530691e-01 
 2.05234250e-03  7.53229810e-01  4.38084248e-01  4.38084248e-01  4.38084248e-01  4.38084248e-01 
 2.05334250e-03  7.53289210e-01  4.36655031e-01  4.36655031e-01  4.36655031e-01  4.36655031e-01 
 2.05434250e-03  7.53348481e-01  4.35242929e-01  4.35242929e-01  4.35242929e-01  4.35242929e-01 
 2.05534250e-03  7.53407619e-01  4.33847824e-01  4.33847824e-01  4.33847824e-01  4.33847824e-01 
 2.05634250e-03  7.53466623e-01  4.32469595e-01  4.32469595e-01  4.32469595e-01  4.32469595e-01 
 2.05734250e-03  7.53525490e-01  4.31108116e-01  4.31108116e-01  4.31108116e-01  4.31108116e-01 
 2.05834250e-03  7.53584217e-01  4.29763255e-01  4.29763255e-01  4.29763255e-01  4.29763255e-01 
 2.05934250e-03  7.53642803e-01  4.28434879e-01  4.28434879e-01  4.28434879e-01  4.28434879e-01 
 2.06034250e-03  7.53701246e-01  4.27122848e-01  4.27122848e-01  4.27122848e-01  4.27122848e-01 
 2.06134250e-03  7.53759542e-01  4.25827020e-01  4.25827020e-01  4.25827020e-01  4.25827020e-01 
 2.06234250e-03  7.53817690e-01  4.24547248e-01  4.24547248e-01  4.24547248e-01  4.24547248e-01 
 2.06334250e-03  7.53875687e-01  4.23283385e-01  4.23283385e-01  4.23283385e-01  4.23283385e-01 
 2.06434250e-03  7.53933531e-01  4.22035278e-01  4.22035278e-01  4.22035278e-01  4.22035278e-01 
 2.06534250e-03  7.53991220e-01  4.20802773e-01  4.20802773e-01  4.20802773e-01  4.20802773e-01 
 2.06634250e-03  7.54048751e-01  4.19585713e-01  4.19585713e-01  4.19585713e-01  4.19585713e-01 
 2.06734250e-03  7.54106122e-01  4.18383940e-01  4.18383940e-01  4.18383940e-01  4.18383940e-01 
 2.06834250e-03  7.54163332e-01  4.17197293e-01  4.17197293e-01  4.17197293e-01  4.17197293e-01 
 2.06934250e-03  7.54220377e-01  4.16025611e-01  4.16025611e-01  4.16025611e-01  4.16025611e-01 
 2.07034250e-03  7.54277255e-01  4.14868730e-01  4.14868730e-01  4.14868730e-01  4.14868730e-01 
 2.07134250e-03  7.54333964e-01  4.13726484e-01  4.13726484e-01  4.13726484e-01  4.13726484e-01 
 2.07234250e-03  7.54390503e-01  4.12598710e-01  4.12598710e-01  4.12598710e-01  4.12598710e-01 
 2.07334250e-03  7.54446868e-01  4.11485241e-01  4.11485241e-01  4.11485241e-01  4.11485241e-01 
 2.07434250e-03  7.54503057e-01  4.10385910e-01  4.10385910e-01  4.10385910e-01  4.10385910e-01 
 2.07534250e-03  7.54559069e-01  4.09300551e-01  4.09300551e-01  4.09300551e-01  4.09300551e-01 
 2.07634250e-03  7.54614901e-01  4.08228997e-01  4.08228997e-01  4.08228997e-01  4.08228997e-01 
 2.07734250e-03  7.54670550e-01  4.07171080e-01  4.07171080e-01  4.07171080e-01  4.07171080e-01 
 2.07834250e-03  7.54726015e-01  4.06126634e-01  4.06126634e-01  4.06126634e-01  4.06126634e-01 
 2.07934250e-03  7.54781294e-01  4.05095493e-01  4.05095493e-01  4.05095493e-01  4.05095493e-01 
 2.08034250e-03  7.54836384e-01  4.04077491e-01  4.04077491e-01  4.04077491e-01  4.04077491e-01 
 2.08134250e-03  7.54891282e-01  4.03072463e-01  4.03072463e-01  4.03072463e-01  4.03072463e-01 
 2.08234250e-03  7.54945988e-01  4.02080244e-01  4.02080244e-01  4.02080244e-01  4.02080244e-01 
 2.08334250e-03  7.55000499e-01  4.01100671e-01  4.01100671e-01  4.01100671e-01  4.01100671e-01 
 2.08434250e-03  7.55054812e-01  4.00133582e-01  4.00133582e-01  4.00133582e-01  4.00133582e-01 
 2.08534250e-03  7.55108925e-01  3.99178815e-01  3.99178815e-01  3.99178815e-01  3.99178815e-01 
 2.08634250e-03  7.55162837e-01  3.98236211e-01  3.98236211e-01  3.98236211e-01  3.98236211e-01 
 2.08734250e-03  7.55216545e-01  3.97305610e-01  3.97305610e-01  3.97305610e-01  3.97305610e-01 
 2.08834250e-03  7.55270047e-01  3.96386856e-01  3.96386856e-01  3.96386856e-01  3.96386856e-01 
 2.08934250e-03  7.55323341e-01  3.95479792e-01  3.95479792e-01  3.95479792e-01  3.95479792e-01 
 2.09034250e-03  7.55376425e-01  3.94584265e-01  3.94584265e-01  3.94584265e-01  3.94584265e-01 
 2.09134250e-03  7.55429297e-01  3.93700121e-01  3.93700121e-01  3.93700121e-01  3.93700121e-01 
 2.09234250e-03  7.55481954e-01  3.92827211e-01  3.92827211e-01  3.92827211e-01  3.92827211e-01 
 2.09334250e-03  7.55534395e-01  3.91965384e-01  3.91965384e-01  3.91965384e-01  3.91965384e-01 
 2.09434250e-03  7.55586618e-01  3.91114494e-01  3.91114494e-01  3.91114494e-01  3.91114494e-01 
 2.09534250e-03  7.55638619e-01  3.90274394e-01  3.90274394e-01  3.90274394e-01  3.90274394e-01 
 2.09634250e-03  7.55690399e-01  3.89444942e-01  3.89444942e-01  3.89444942e-01  3.89444942e-01 
 2.09734250e-03  7.55741953e-01  3.88625994e-01  3.88625994e-01  3.88625994e-01  3.88625994e-01 
 2.09834250e-03  7.55793281e-01  3.87817413e-01  3.87817413e-01  3.87817413e-01  3.87817413e-01 
 2.09934250e-03  7.55844380e-01  3.87019059e-01  3.87019059e-01  3.87019059e-01  3.87019059e-01 
 2.10034250e-03  7.55895249e-01  3.86230796e-01  3.86230796e-01  3.86230796e-01  3.86230796e-01 
 2.10134250e-03  7.55945885e-01  3.85452491e-01  3.85452491e-01  3.85452491e-01  3.85452491e-01 
 2.10234250e-03  7.55996286e-01  3.84684012e-01  3.84684012e-01  3.84684012e-01  3.84684012e-01 
 2.10334250e-03  7.56046450e-01  3.83925228e-01  3.83925228e-01  3.83925228e-01  3.83925228e-01 
 2.10434250e-03  7.56096375e-01  3.83176012e-01  3.83176012e-01  3.83176012e-01  3.83176012e-01 
 2.10534250e-03  7.56146060e-01  3.82436237e-01  3.82436237e-01  3.82436237e-01  3.82436237e-01 
 2.10634250e-03  7.56195503e-01  3.81705781e-01  3.81705781e-01  3.81705781e-01  3.81705781e-01 
 2.10734250e-03  7.56244700e-01  3.80984520e-01  3.80984520e-01  3.80984520e-01  3.80984520e-01 
 2.10834250e-03  7.56293652e-01  3.80272335e-01  3.80272335e-01  3.80272335e-01  3.80272335e-01 
 2.10934250e-03  7.56342354e-01  3.79569107e-01  3.79569107e-01  3.79569107e-01  3.79569107e-01 
 2.11034250e-03  7.56390807e-01  3.78874722e-01  3.78874722e-01  3.78874722e-01  3.78874722e-01 
 2.11134250e-03  7.56439007e-01  3.78189065e-01  3.78189065e-01  3.78189065e-01  3.78189065e-01 
 2.11234250e-03  7.56486952e-01  3.77512023e-01  3.77512023e-01  3.77512023e-01  3.77512023e-01 
 2.11334250e-03  7.56534642e-01  3.76843487e-01  3.76843487e-01  3.76843487e-01  3.76843487e-01 
 2.11434250e-03  7.56582074e-01  3.76183349e-01  3.76183349e-01  3.76183349e-01  3.76183349e-01 
 2.11534250e-03  7.56629246e-01  3.75531503e-01  3.75531503e-01  3.75531503e-01  3.75531503e-01 
 2.11634250e-03  7.56676156e-01  3.74887843e-01  3.74887843e-01  3.74887843e-01  3.74887843e-01 
 2.11734250e-03  7.56722802e-01  3.74252269e-01  3.74252269e-01  3.74252269e-01  3.74252269e-01 
 2.11834250e-03  7.56769184e-01  3.73624678e-01  3.73624678e-01  3.73624678e-01  3.73624678e-01 
 2.11934250e-03  7.56815298e-01  3.73004972e-01  3.73004972e-01  3.73004972e-01  3.73004972e-01 
 2.12034250e-03  7.56861143e-01  3.72393055e-01  3.72393055e-01  3.72393055e-01  3.72393055e-01 
 2.12134250e-03  7.56906717e-01  3.71788831e-01  3.71788831e-01  3.71788831e-01  3.71788831e-01 
 2.12234250e-03  7.56952018e-01  3.71192206e-01  3.71192206e-01  3.71192206e-01  3.71192206e-01 
 2.12334250e-03  7.56997045e-01  3.70603090e-01  3.70603090e-01  3.70603090e-01  3.70603090e-01 
 2.12434250e-03  7.57041796e-01  3.70021392e-01  3.70021392e-01  3.70021392e-01  3.70021392e-01 
 2.12534250e-03  7.57086268e-01  3.69447024e-01  3.69447024e-01  3.69447024e-01  3.69447024e-01 
 2.12634250e-03  7.57130461e-01  3.68879899e-01  3.68879899e-01  3.68879899e-01  3.68879899e-01 
 2.12734250e-03  7.57174373e-01  3.68319933e-01  3.68319933e-01  3.68319933e-01  3.68319933e-01 
 2.12834250e-03  7.57218001e-01  3.67767042e-01  3.67767042e-01  3.67767042e-01  3.67767042e-01 
 2.12934250e-03  7.57261344e-01  3.67221144e-01  3.67221144e-01  3.67221144e-01  3.67221144e-01 
 2.13034250e-03  7.57304401e-01  3.66682160e-01  3.66682160e-01  3.66682160e-01  3.66682160e-01 
 2.13134250e-03  7.57347169e-01  3.66150011e-01  3.66150011e-01  3.66150011e-01  3.66150011e-01 
 2.13234250e-03  7.57389647e-01  3.65624619e-01  3.65624619e-01  3.65624619e-01  3.65624619e-01 
 2.13334250e-03  7.57431834e-01  3.65105910e-01  3.65105910e-01  3.65105910e-01  3.65105910e-01 
 2.13434250e-03  7.57473727e-01  3.64593809e-01  3.64593809e-01  3.64593809e-01  3.64593809e-01 
 2.13534250e-03  7.57515325e-01  3.64088243e-01  3.64088243e-01  3.64088243e-01  3.64088243e-01 
 2.13634250e-03  7.57556626e-01  3.63589142e-01  3.63589142e-01  3.63589142e-01  3.63589142e-01 
 2.13734250e-03  7.57597629e-01  3.63096435e-01  3.63096435e-01  3.63096435e-01  3.63096435e-01 
 2.13834250e-03  7.57638332e-01  3.62610055e-01  3.62610055e-01  3.62610055e-01  3.62610055e-01 
 2.13934250e-03  7.57678734e-01  3.62129934e-01  3.62129934e-01  3.62129934e-01  3.62129934e-01 
 2.14034250e-03  7.57718832e-01  3.61656006e-01  3.61656006e-01  3.61656006e-01  3.61656006e-01 
 2.14134250e-03  7.57758626e-01  3.61188207e-01  3.61188207e-01  3.61188207e-01  3.61188207e-01 
 2.14234250e-03  7.57798113e-01  3.60726473e-01  3.60726473e-01  3.60726473e-01  3.60726473e-01 
 2.14334250e-03  7.57837292e-01  3.60270744e-01  3.60270744e-01  3.60270744e-01  3.60270744e-01 
 2.14434250e-03  7.57876162e-01  3.59820957e-01  3.59820957e-01  3.59820957e-01  3.59820957e-01 
 2.14534250e-03  7.57914722e-01  3.59377054e-01  3.59377054e-01  3.59377054e-01  3.59377054e-01 
 2.14634250e-03  7.57952968e-01  3.58938977e-01  3.58938977e-01  3.58938977e-01  3.58938977e-01 
 2.14734250e-03  7.57990901e-01  3.58506668e-01  3.58506668e-01  3.58506668e-01  3.58506668e-01 
 2.14834250e-03  7.58028518e-01  3.58080071e-01  3.58080071e-01  3.58080071e-01  3.58080071e-01 
 2.14934250e-03  7.58065818e-01  3.57659132e-01  3.57659132e-01  3.57659132e-01  3.57659132e-01 
 2.15034250e-03  7.58102800e-01  3.57243797e-01  3.57243797e-01  3.57243797e-01  3.57243797e-01 
 2.15134250e-03  7.58139462e-01  3.56834012e-01  3.56834012e-01  3.56834012e-01  3.56834012e-01 
 2.15234250e-03  7.58175803e-01  3.56429728e-01  3.56429728e-01  3.56429728e-01  3.56429728e-01 
 2.15334250e-03  7.58211821e-01  3.56030892e-01  3.56030892e-01  3.56030892e-01  3.56030892e-01 
 2.15434250e-03  7.58247514e-01  3.55637456e-01  3.55637456e-01  3.55637456e-01  3.55637456e-01 
 2.15534250e-03  7.58282883e-01  3.55249370e-01  3.55249370e-01  3.55249370e-01  3.55249370e-01 
 2.15634250e-03  7.58317924e-01  3.54866588e-01  3.54866588e-01  3.54866588e-01  3.54866588e-01 
 2.15734250e-03  7.58352636e-01  3.54489063e-01  3.54489063e-01  3.54489063e-01  3.54489063e-01 
 2.15834250e-03  7.58387019e-01  3.54116749e-01  3.54116749e-01  3.54116749e-01  3.54116749e-01 
 2.15934250e-03  7.58421071e-01  3.53749602e-01  3.53749602e-01  3.53749602e-01  3.53749602e-01 
 2.16034250e-03  7.58454791e-01  3.53387578e-01  3.53387578e-01  3.53387578e-01  3.53387578e-01 
 2.16134250e-03  7.58488176e-01  3.53030633e-01  3.53030633e-01  3.53030633e-01  3.53030633e-01 
 2.16234250e-03  7.58521227e-01  3.52678022e-01  3.52678022e-01  3.52678022e-01  3.52678022e-01 
 2.16334250e-03  7.58553941e-01  3.52331794e-01  3.52331794e-01  3.52331794e-01  3.52331794e-01 
 2.16434250e-03  7.58586317e-01  3.51989868e-01  3.51989868e-01  3.51989868e-01  3.51989868e-01 
 2.16534250e-03  7.58618355e-01  3.51652827e-01  3.51652827e-01  3.51652827e-01  3.51652827e-01 
 2.16634250e-03  7.58650052e-01  3.51320040e-01  3.51320040e-01  3.51320040e-01  3.51320040e-01 
 2.16734250e-03  7.58681408e-01  3.50993331e-01  3.50993331e-01  3.50993331e-01  3.50993331e-01 
 2.16834250e-03  7.58712421e-01  3.50670842e-01  3.50670842e-01  3.50670842e-01  3.50670842e-01 
 2.16934250e-03  7.58743090e-01  3.50353092e-01  3.50353092e-01  3.50353092e-01  3.50353092e-01 
 2.17034250e-03  7.58773414e-01  3.50040077e-01  3.50040077e-01  3.50040077e-01  3.50040077e-01 
 2.17134250e-03  7.58803391e-01  3.49731759e-01  3.49731759e-01  3.49731759e-01  3.49731759e-01 
 2.17234250e-03  7.58833021e-01  3.49428104e-01  3.49428104e-01  3.49428104e-01  3.49428104e-01 
 2.17334250e-03  7.58862303e-01  3.49128567e-01  3.49128567e-01  3.49128567e-01  3.49128567e-01 
 2.17434250e-03  7.58891234e-01  3.48834634e-01  3.48834634e-01  3.48834634e-01  3.48834634e-01 
 2.17534250e-03  7.58919814e-01  3.48544790e-01  3.48544790e-01  3.48544790e-01  3.48544790e-01 
 2.17634250e-03  7.58948043e-01  3.48259457e-01  3.48259457e-01  3.48259457e-01  3.48259457e-01 
 2.17734250e-03  7.58975918e-01  3.47978630e-01  3.47978630e-01  3.47978630e-01  3.47978630e-01 
 2.17834250e-03  7.59003438e-01  3.47702277e-01  3.47702277e-01  3.47702277e-01  3.47702277e-01 
 2.17934250e-03  7.59030604e-01  3.47429944e-01  3.47429944e-01  3.47429944e-01  3.47429944e-01 
 2.18034250e-03  7.59057412e-01  3.47162452e-01  3.47162452e-01  3.47162452e-01  3.47162452e-01 
 2.18134250e-03  7.59083863e-01  3.46899758e-01  3.46899758e-01  3.46899758e-01  3.46899758e-01 
 2.18234250e-03  7.59109956e-01  3.46640640e-01  3.46640640e-01  3.46640640e-01  3.46640640e-01 
 2.18334250e-03  7.59135689e-01  3.46386595e-01  3.46386595e-01  3.46386595e-01  3.46386595e-01 
 2.18434250e-03  7.59161061e-01  3.46136502e-01  3.46136502e-01  3.46136502e-01  3.46136502e-01 
 2.18534250e-03  7.59186072e-01  3.45890674e-01  3.45890674e-01  3.45890674e-01  3.45890674e-01 
 2.18634250e-03  7.59210719e-01  3.45649104e-01  3.45649104e-01  3.45649104e-01  3.45649104e-01 
 2.18734250e-03  7.59235004e-01  3.45411442e-01  3.45411442e-01  3.45411442e-01  3.45411442e-01 
 2.18834250e-03  7.59258923e-01  3.45178314e-01  3.45178314e-01  3.45178314e-01  3.45178314e-01 
 2.18934250e-03  7.59282478e-01  3.44949381e-01  3.44949381e-01  3.44949381e-01  3.44949381e-01 
 2.19034250e-03  7.59305665e-01  3.44724896e-01  3.44724896e-01  3.44724896e-01  3.44724896e-01 
 2.19134250e-03  7.59328486e-01  3.44504259e-01  3.44504259e-01  3.44504259e-01  3.44504259e-01 
 2.19234250e-03  7.59350938e-01  3.44287458e-01  3.44287458e-01  3.44287458e-01  3.44287458e-01 
 2.19334250e-03  7.59373021e-01  3.44075027e-01  3.44075027e-01  3.44075027e-01  3.44075027e-01 
 2.19434250e-03  7.59394734e-01  3.43866680e-01  3.43866680e-01  3.43866680e-01  3.43866680e-01 
 2.19534250e-03  7.59416076e-01  3.43662386e-01  3.43662386e-01  3.43662386e-01  3.43662386e-01 
 2.19634250e-03  7.59437046e-01  3.43462126e-01  3.43462126e-01  3.43462126e-01  3.43462126e-01 
 2.19734250e-03  7.59457643e-01  3.43265881e-01  3.43265881e-01  3.43265881e-01  3.43265881e-01 
 2.19834250e-03  7.59477868e-01  3.43073633e-01  3.43073633e-01  3.43073633e-01  3.43073633e-01 
 2.19934250e-03  7.59497718e-01  3.42885362e-01  3.42885362e-01  3.42885362e-01  3.42885362e-01 
 2.20034250e-03  7.59517193e-01  3.42701050e-01  3.42701050e-01  3.42701050e-01  3.42701050e-01 
 2.20134250e-03  7.59536293e-01  3.42520681e-01  3.42520681e-01  3.42520681e-01  3.42520681e-01 
 2.20234250e-03  7.59555016e-01  3.42344237e-01  3.42344237e-01  3.42344237e-01  3.42344237e-01 
 2.20334250e-03  7.59573361e-01  3.42171702e-01  3.42171702e-01  3.42171702e-01  3.42171702e-01 
 2.20434250e-03  7.59591329e-01  3.42003059e-01  3.42003059e-01  3.42003059e-01  3.42003059e-01 
 2.20534250e-03  7.59608918e-01  3.41838448e-01  3.41838448e-01  3.41838448e-01  3.41838448e-01 
 2.20634250e-03  7.59626128e-01  3.41677391e-01  3.41677391e-01  3.41677391e-01  3.41677391e-01 
 2.20734250e-03  7.59642958e-01  3.41520467e-01  3.41520467e-01  3.41520467e-01  3.41520467e-01 
 2.20834250e-03  7.59659407e-01  3.41367103e-01  3.41367103e-01  3.41367103e-01  3.41367103e-01 
 2.20934250e-03  7.59675475e-01  3.41217687e-01  3.41217687e-01  3.41217687e-01  3.41217687e-01 
 2.21034250e-03  7.59691161e-01  3.41072081e-01  3.41072081e-01  3.41072081e-01  3.41072081e-01 
 2.21134250e-03  7.59706464e-01  3.40930265e-01  3.40930265e-01  3.40930265e-01  3.40930265e-01 
 2.21234250e-03  7.59721384e-01  3.40792226e-01  3.40792226e-01  3.40792226e-01  3.40792226e-01 
 2.21334250e-03  7.59735921e-01  3.40658056e-01  3.40658056e-01  3.40658056e-01  3.40658056e-01 
 2.21434250e-03  7.59750072e-01  3.40527433e-01  3.40527433e-01  3.40527433e-01  3.40527433e-01 
 2.21534250e-03  7.59763839e-01  3.40400742e-01  3.40400742e-01  3.40400742e-01  3.40400742e-01 
 2.21634250e-03  7.59777221e-01  3.40277688e-01  3.40277688e-01  3.40277688e-01  3.40277688e-01 
 2.21734250e-03  7.59790217e-01  3.40158350e-01  3.40158350e-01  3.40158350e-01  3.40158350e-01 
 2.21834250e-03  7.59802826e-01  3.40042642e-01  3.40042642e-01  3.40042642e-01  3.40042642e-01 
 2.21934250e-03  7.59815048e-01  3.39930712e-01  3.39930712e-01  3.39930712e-01  3.39930712e-01 
 2.22034250e-03  7.59826882e-01  3.39822472e-01  3.39822472e-01  3.39822472e-01  3.39822472e-01 
 2.22134250e-03  7.59838329e-01  3.39717909e-01  3.39717909e-01  3.39717909e-01  3.39717909e-01 
 2.22234250e-03  7.59849387e-01  3.39617014e-01  3.39617014e-01  3.39617014e-01  3.39617014e-01 
 2.22334250e-03  7.59860056e-01  3.39519779e-01  3.39519779e-01  3.39519779e-01  3.39519779e-01 
 2.22434250e-03  7.59870337e-01  3.39426194e-01  3.39426194e-01  3.39426194e-01  3.39426194e-01 
 2.22534250e-03  7.59880227e-01  3.39336299e-01  3.39336299e-01  3.39336299e-01  3.39336299e-01 
 2.22634250e-03  7.59889727e-01  3.39249947e-01  3.39249947e-01  3.39249947e-01  3.39249947e-01 
 2.22734250e-03  7.59898837e-01  3.39167265e-01  3.39167265e-01  3.39167265e-01  3.39167265e-01 
 2.22834250e-03  7.59907557e-01  3.39088205e-01  3.39088205e-01  3.39088205e-01  3.39088205e-01 
 2.22934250e-03  7.59915885e-01  3.39012791e-01  3.39012791e-01  3.39012791e-01  3.39012791e-01 
 2.23034250e-03  7.59923821e-01  3.38940918e-01  3.38940918e-01  3.38940918e-01  3.38940918e-01 
 2.23134250e-03  7.59931366e-01  3.38872676e-01  3.38872676e-01  3.38872676e-01  3.38872676e-01 
 2.23234250e-03  7.59938519e-01  3.38808029e-01  3.38808029e-01  3.38808029e-01  3.38808029e-01 
 2.23334250e-03  7.59945279e-01  3.38746971e-01  3.38746971e-01  3.38746971e-01  3.38746971e-01 
 2.23434250e-03  7.59951647e-01  3.38689496e-01  3.38689496e-01  3.38689496e-01  3.38689496e-01 
 2.23534250e-03  7.59957622e-01  3.38635600e-01  3.38635600e-01  3.38635600e-01  3.38635600e-01 
 2.23634250e-03  7.59963204e-01  3.38585291e-01  3.38585291e-01  3.38585291e-01  3.38585291e-01 
 2.23734250e-03  7.59968392e-01  3.38538523e-01  3.38538523e-01  3.38538523e-01  3.38538523e-01 
 2.23834250e-03  7.59973187e-01  3.38495334e-01  3.38495334e-01  3.38495334e-01  3.38495334e-01 
 2.23934250e-03  7.59977588e-01  3.38455706e-01  3.38455706e-01  3.38455706e-01  3.38455706e-01 
 2.24034250e-03  7.59981595e-01  3.38419637e-01  3.38419637e-01  3.38419637e-01  3.38419637e-01 
 2.24134250e-03  7.59985209e-01  3.38387123e-01  3.38387123e-01  3.38387123e-01  3.38387123e-01 
 2.24234250e-03  7.59988428e-01  3.38358160e-01  3.38358160e-01  3.38358160e-01  3.38358160e-01 
 2.24334250e-03  7.59991252e-01  3.38332752e-01  3.38332752e-01  3.38332752e-01  3.38332752e-01 
 2.24434250e-03  7.59993683e-01  3.38310883e-01  3.38310883e-01  3.38310883e-01  3.38310883e-01 
 2.24534250e-03  7.59995718e-01  3.38292563e-01  3.38292563e-01  3.38292563e-01  3.38292563e-01 
 2.24634250e-03  7.59997360e-01  3.38277788e-01  3.38277788e-01  3.38277788e-01  3.38277788e-01 
 2.24734250e-03  7.59998606e-01  3.38266555e-01  3.38266555e-01  3.38266555e-01  3.38266555e-01 
 2.24834250e-03  7.59999458e-01  3.38258864e-01  3.38258864e-01  3.38258864e-01  3.38258864e-01 
 2.24934250e-03  7.59999915e-01  3.38254714e-01  3.38254714e-01  3.38254714e-01  3.38254714e-01 
 2.25034250e-03  7.59999977e-01  3.38254104e-01  3.38254104e-01  3.38254104e-01  3.38254104e-01 
 2.25134250e-03  7.59999644e-01  3.38257036e-01  3.38257036e-01  3.38257036e-01  3.38257036e-01 
 2.25234250e-03  7.59998917e-01  3.38263508e-01  3.38263508e-01  3.38263508e-01  3.38263508e-01 
 2.25334250e-03  7.59997795e-01  3.38273523e-01  3.38273523e-01  3.38273523e-01  3.38273523e-01 
 2.25434250e-03  7.59996278e-01  3.38287078e-01  3.38287078e-01  3.38287078e-01  3.38287078e-01 
 2.25534250e-03  7.59994367e-01  3.38304178e-01  3.38304178e-01  3.38304178e-01  3.38304178e-01 
 2.25634250e-03  7.59992060e-01  3.38324822e-01  3.38324822e-01  3.38324822e-01  3.38324822e-01 
 2.25734250e-03  7.59989360e-01  3.38349013e-01  3.38349013e-01  3.38349013e-01  3.38349013e-01 
 2.25834250e-03  7.59986265e-01  3.38376753e-01  3.38376753e-01  3.38376753e-01  3.38376753e-01 
 2.25934250e-03  7.59982776e-01  3.38408045e-01  3.38408045e-01  3.38408045e-01  3.38408045e-01 
 2.26034250e-03  7.59978893e-01  3.38442889e-01  3.38442889e-01  3.38442889e-01  3.38442889e-01 
 2.26134250e-03  7.59974616e-01  3.38481291e-01  3.38481291e-01  3.38481291e-01  3.38481291e-01 
 2.26234250e-03  7.59969945e-01  3.38523253e-01  3.38523253e-01  3.38523253e-01  3.38523253e-01 
 2.26334250e-03  7.59964880e-01  3.38568791e-01  3.38568791e-01  3.38568791e-01  3.38568791e-01 
 2.26434250e-03  7.59959422e-01  3.38617872e-01  3.38617872e-01  3.38617872e-01  3.38617872e-01 
 2.26534250e-03  7.59953571e-01  3.38670537e-01  3.38670537e-01  3.38670537e-01  3.38670537e-01 
 2.26634250e-03  7.59947327e-01  3.38726779e-01  3.38726779e-01  3.38726779e-01  3.38726779e-01 
 2.26734250e-03  7.59940691e-01  3.38786601e-01  3.38786601e-01  3.38786601e-01  3.38786601e-01 
 2.26834250e-03  7.59933661e-01  3.38850011e-01  3.38850011e-01  3.38850011e-01  3.38850011e-01 
 2.26934250e-03  7.59926240e-01  3.38917012e-01  3.38917012e-01  3.38917012e-01  3.38917012e-01 
 2.27034250e-03  7.59918427e-01  3.38987611e-01  3.38987611e-01  3.38987611e-01  3.38987611e-01 
 2.27134250e-03  7.59910222e-01  3.39061814e-01  3.39061814e-01  3.39061814e-01  3.39061814e-01 
 2.27234250e-03  7.59901626e-01  3.39139627e-01  3.39139627e-01  3.39139627e-01  3.39139627e-01 
 2.27334250e-03  7.59892639e-01  3.39221057e-01  3.39221057e-01  3.39221057e-01  3.39221057e-01 
 2.27434250e-03  7.59883262e-01  3.39306112e-01  3.39306112e-01  3.39306112e-01  3.39306112e-01 
 2.27534250e-03  7.59873494e-01  3.39394798e-01  3.39394798e-01  3.39394798e-01  3.39394798e-01 
 2.27634250e-03  7.59863337e-01  3.39487124e-01  3.39487124e-01  3.39487124e-01  3.39487124e-01 
 2.27734250e-03  7.59852790e-01  3.39583097e-01  3.39583097e-01  3.39583097e-01  3.39583097e-01 
 2.27834250e-03  7.59841854e-01  3.39682727e-01  3.39682727e-01  3.39682727e-01  3.39682727e-01 
 2.27934250e-03  7.59830530e-01  3.39786021e-01  3.39786021e-01  3.39786021e-01  3.39786021e-01 
 2.28034250e-03  7.59818817e-01  3.39892990e-01  3.39892990e-01  3.39892990e-01  3.39892990e-01 
 2.28134250e-03  7.59806717e-01  3.40003642e-01  3.40003642e-01  3.40003642e-01  3.40003642e-01 
 2.28234250e-03  7.59794230e-01  3.40117988e-01  3.40117988e-01  3.40117988e-01  3.40117988e-01 
 2.28334250e-03  7.59781356e-01  3.40236037e-01  3.40236037e-01  3.40236037e-01  3.40236037e-01 
 2.28434250e-03  7.59768096e-01  3.40357800e-01  3.40357800e-01  3.40357800e-01  3.40357800e-01 
 2.28534250e-03  7.59754451e-01  3.40483288e-01  3.40483288e-01  3.40483288e-01  3.40483288e-01 
 2.28634250e-03  7.59740420e-01  3.40612513e-01  3.40612513e-01  3.40612513e-01  3.40612513e-01 
 2.28734250e-03  7.59726005e-01  3.40745486e-01  3.40745486e-01  3.40745486e-01  3.40745486e-01 
 2.28834250e-03  7.59711205e-01  3.40882219e-01  3.40882219e-01  3.40882219e-01  3.40882219e-01 
 2.28934250e-03  7.59696023e-01  3.41022724e-01  3.41022724e-01  3.41022724e-01  3.41022724e-01 
 2.29034250e-03  7.59680457e-01  3.41167015e-01  3.41167015e-01  3.41167015e-01  3.41167015e-01 
 2.29134250e-03  7.59664510e-01  3.41315104e-01  3.41315104e-01  3.41315104e-01  3.41315104e-01 
 2.29234250e-03  7.59648181e-01  3.41467006e-01  3.41467006e-01  3.41467006e-01  3.41467006e-01 
 2.29334250e-03  7.59631471e-01  3.41622733e-01  3.41622733e-01  3.41622733e-01  3.41622733e-01 
 2.29434250e-03  7.59614381e-01  3.41782301e-01  3.41782301e-01  3.41782301e-01  3.41782301e-01 
 2.29534250e-03  7.59596911e-01  3.41945724e-01  3.41945724e-01  3.41945724e-01  3.41945724e-01 
 2.29634250e-03  7.59579062e-01  3.42113018e-01  3.42113018e-01  3.42113018e-01  3.42113018e-01 
 2.29734250e-03  7.59560835e-01  3.42284366e-01  3.42284366e-01  3.42284366e-01  3.42284366e-01 
 2.29834250e-03  7.59542231e-01  3.42459461e-01  3.42459461e-01  3.42459461e-01  3.42459461e-01 
 2.29934250e-03  7.59523250e-01  3.42638285e-01  3.42638285e-01  3.42638285e-01  3.42638285e-01 
 2.30034250e-03  7.59503893e-01  3.42821408e-01  3.42821408e-01  3.42821408e-01  3.42821408e-01 
 2.30134250e-03  7.59484161e-01  3.43008111e-01  3.43008111e-01  3.43008111e-01  3.43008111e-01 
 2.30234250e-03  7.59464054e-01  3.43198964e-01  3.43198964e-01  3.43198964e-01  3.43198964e-01 
 2.30334250e-03  7.59443574e-01  3.43393813e-01  3.43393813e-01  3.43393813e-01  3.43393813e-01 
 2.30434250e-03  7.59422721e-01  3.43592670e-01  3.43592670e-01  3.43592670e-01  3.43592670e-01 
 2.30534250e-03  7.59401496e-01  3.43795790e-01  3.43795790e-01  3.43795790e-01  3.43795790e-01 
 2.30634250e-03  7.59379900e-01  3.44002490e-01  3.44002490e-01  3.44002490e-01  3.44002490e-01 
 2.30734250e-03  7.59357934e-01  3.44213733e-01  3.44213733e-01  3.44213733e-01  3.44213733e-01 
 2.30834250e-03  7.59335598e-01  3.44428571e-01  3.44428571e-01  3.44428571e-01  3.44428571e-01 
 2.30934250e-03  7.59312893e-01  3.44647753e-01  3.44647753e-01  3.44647753e-01  3.44647753e-01 
 2.31034250e-03  7.59289821e-01  3.44871363e-01  3.44871363e-01  3.44871363e-01  3.44871363e-01 
 2.31134250e-03  7.59266382e-01  3.45098560e-01  3.45098560e-01  3.45098560e-01  3.45098560e-01 
 2.31234250e-03  7.59242578e-01  3.45330198e-01  3.45330198e-01  3.45330198e-01  3.45330198e-01 
 2.31334250e-03  7.59218408e-01  3.45566047e-01  3.45566047e-01  3.45566047e-01  3.45566047e-01 
 2.31434250e-03  7.59193875e-01  3.45806117e-01  3.45806117e-01  3.45806117e-01  3.45806117e-01 
 2.31534250e-03  7.59168978e-01  3.46050432e-01  3.46050432e-01  3.46050432e-01  3.46050432e-01 
 2.31634250e-03  7.59143720e-01  3.46299373e-01  3.46299373e-01  3.46299373e-01  3.46299373e-01 
 2.31734250e-03  7.59118101e-01  3.46551913e-01  3.46551913e-01  3.46551913e-01  3.46551913e-01 
 2.31834250e-03  7.59092121e-01  3.46809104e-01  3.46809104e-01  3.46809104e-01  3.46809104e-01 
 2.31934250e-03  7.59065783e-01  3.47071053e-01  3.47071053e-01  3.47071053e-01  3.47071053e-01 
 2.32034250e-03  7.59039087e-01  3.47336604e-01  3.47336604e-01  3.47336604e-01  3.47336604e-01 
 2.32134250e-03  7.59012034e-01  3.47606922e-01  3.47606922e-01  3.47606922e-01  3.47606922e-01 
 2.32234250e-03  7.58984625e-01  3.47881691e-01  3.47881691e-01  3.47881691e-01  3.47881691e-01 
 2.32334250e-03  7.58956861e-01  3.48161366e-01  3.48161366e-01  3.48161366e-01  3.48161366e-01 
 2.32434250e-03  7.58928744e-01  3.48444653e-01  3.48444653e-01  3.48444653e-01  3.48444653e-01 
 2.32534250e-03  7.58900275e-01  3.48732875e-01  3.48732875e-01  3.48732875e-01  3.48732875e-01 
 2.32634250e-03  7.58871454e-01  3.49026161e-01  3.49026161e-01  3.49026161e-01  3.49026161e-01 
 2.32734250e-03  7.58842283e-01  3.49323568e-01  3.49323568e-01  3.49323568e-01  3.49323568e-01 
 2.32834250e-03  7.58812762e-01  3.49625573e-01  3.49625573e-01  3.49625573e-01  3.49625573e-01 
 2.32934250e-03  7.58782894e-01  3.49932231e-01  3.49932231e-01  3.49932231e-01  3.49932231e-01 
 2.33034250e-03  7.58752679e-01  3.50243020e-01  3.50243020e-01  3.50243020e-01  3.50243020e-01 
 2.33134250e-03  7.58722119e-01  3.50559614e-01  3.50559614e-01  3.50559614e-01  3.50559614e-01 
 2.33234250e-03  7.58691214e-01  3.50880449e-01  3.50880449e-01  3.50880449e-01  3.50880449e-01 
 2.33334250e-03  7.58659966e-01  3.51206046e-01  3.51206046e-01  3.51206046e-01  3.51206046e-01 
 2.33434250e-03  7.58628376e-01  3.51536473e-01  3.51536473e-01  3.51536473e-01  3.51536473e-01 
 2.33534250e-03  7.58596446e-01  3.51871764e-01  3.51871764e-01  3.51871764e-01  3.51871764e-01 
 2.33634250e-03  7.58564176e-01  3.52211956e-01  3.52211956e-01  3.52211956e-01  3.52211956e-01 
 2.33734250e-03  7.58531568e-01  3.52557089e-01  3.52557089e-01  3.52557089e-01  3.52557089e-01 
 2.33834250e-03  7.58498623e-01  3.52907202e-01  3.52907202e-01  3.52907202e-01  3.52907202e-01 
 2.33934250e-03  7.58465343e-01  3.53262337e-01  3.53262337e-01  3.53262337e-01  3.53262337e-01 
 2.34034250e-03  7.58431729e-01  3.53622534e-01  3.53622534e-01  3.53622534e-01  3.53622534e-01 
 2.34134250e-03  7.58397781e-01  3.53987838e-01  3.53987838e-01  3.53987838e-01  3.53987838e-01 
 2.34234250e-03  7.58363503e-01  3.54357513e-01  3.54357513e-01  3.54357513e-01  3.54357513e-01 
 2.34334250e-03  7.58328894e-01  3.54733909e-01  3.54733909e-01  3.54733909e-01  3.54733909e-01 
 2.34434250e-03  7.58293956e-01  3.55114004e-01  3.55114004e-01  3.55114004e-01  3.55114004e-01 
 2.34534250e-03  7.58258691e-01  3.55500959e-01  3.55500959e-01  3.55500959e-01  3.55500959e-01 
 2.34634250e-03  7.58223099e-01  3.55892493e-01  3.55892493e-01  3.55892493e-01  3.55892493e-01 
 2.34734250e-03  7.58187183e-01  3.56289367e-01  3.56289367e-01  3.56289367e-01  3.56289367e-01 
 2.34834250e-03  7.58150944e-01  3.56691675e-01  3.56691675e-01  3.56691675e-01  3.56691675e-01 
 2.34934250e-03  7.58114383e-01  3.57099462e-01  3.57099462e-01  3.57099462e-01  3.57099462e-01 
 2.35034250e-03  7.58077502e-01  3.57511820e-01  3.57511820e-01  3.57511820e-01  3.57511820e-01 
 2.35134250e-03  7.58040302e-01  3.57931646e-01  3.57931646e-01  3.57931646e-01  3.57931646e-01 
 2.35234250e-03  7.58002784e-01  3.58356222e-01  3.58356222e-01  3.58356222e-01  3.58356222e-01 
 2.35334250e-03  7.57964951e-01  3.58786441e-01  3.58786441e-01  3.58786441e-01  3.58786441e-01 
 2.35434250e-03  7.57926803e-01  3.59222411e-01  3.59222411e-01  3.59222411e-01  3.59222411e-01 
 2.35534250e-03  7.57888342e-01  3.59664183e-01  3.59664183e-01  3.59664183e-01  3.59664183e-01 
 2.35634250e-03  7.57849570e-01  3.60111815e-01  3.60111815e-01  3.60111815e-01  3.60111815e-01 
 2.35734250e-03  7.57810488e-01  3.60565366e-01  3.60565366e-01  3.60565366e-01  3.60565366e-01 
 2.35834250e-03  7.57771097e-01  3.61023720e-01  3.61023720e-01  3.61023720e-01  3.61023720e-01 
 2.35934250e-03  7.57731400e-01  3.61490423e-01  3.61490423e-01  3.61490423e-01  3.61490423e-01 
 2.36034250e-03  7.57691397e-01  3.61962148e-01  3.61962148e-01  3.61962148e-01  3.61962148e-01 
 2.36134250e-03  7.57651091e-01  3.62439978e-01  3.62439978e-01  3.62439978e-01  3.62439978e-01 
 2.36234250e-03  7.57610483e-01  3.62924049e-01  3.62924049e-01  3.62924049e-01  3.62924049e-01 
 2.36334250e-03  7.57569574e-01  3.63414418e-01  3.63414418e-01  3.63414418e-01  3.63414418e-01 
 2.36434250e-03  7.57528367e-01  3.63911153e-01  3.63911153e-01  3.63911153e-01  3.63911153e-01 
 2.36534250e-03  7.57486862e-01  3.64414324e-01  3.64414324e-01  3.64414324e-01  3.64414324e-01 
 2.36634250e-03  7.57445062e-01  3.64924000e-01  3.64924000e-01  3.64924000e-01  3.64924000e-01 
 2.36734250e-03  7.57402967e-01  3.65440254e-01  3.65440254e-01  3.65440254e-01  3.65440254e-01 
 2.36834250e-03  7.57360581e-01  3.65963159e-01  3.65963159e-01  3.65963159e-01  3.65963159e-01 
 2.36934250e-03  7.57317904e-01  3.66492791e-01  3.66492791e-01  3.66492791e-01  3.66492791e-01 
 2.37034250e-03  7.57274938e-01  3.67029225e-01  3.67029225e-01  3.67029225e-01  3.67029225e-01 
 2.37134250e-03  7.57231685e-01  3.67572538e-01  3.67572538e-01  3.67572538e-01  3.67572538e-01 
 2.37234250e-03  7.57188146e-01  3.68122812e-01  3.68122812e-01  3.68122812e-01  3.68122812e-01 
 2.37334250e-03  7.57144324e-01  3.68680126e-01  3.68680126e-01  3.68680126e-01  3.68680126e-01 
 2.37434250e-03  7.57100219e-01  3.69244564e-01  3.69244564e-01  3.69244564e-01  3.69244564e-01 
 2.37534250e-03  7.57055835e-01  3.69816208e-01  3.69816208e-01  3.69816208e-01  3.69816208e-01 
 2.37634250e-03  7.57011171e-01  3.70395146e-01  3.70395146e-01  3.70395146e-01  3.70395146e-01 
 2.37734250e-03  7.56966231e-01  3.70981464e-01  3.70981464e-01  3.70981464e-01  3.70981464e-01 
 2.37834250e-03  7.56921016e-01  3.71575252e-01  3.71575252e-01  3.71575252e-01  3.71575252e-01 
 2.37934250e-03  7.56875528e-01  3.72176600e-01  3.72176600e-01  3.72176600e-01  3.72176600e-01 
 2.38034250e-03  7.56829768e-01  3.72785601e-01  3.72785601e-01  3.72785601e-01  3.72785601e-01 
 2.38134250e-03  7.56783738e-01  3.73402349e-01  3.73402349e-01  3.73402349e-01  3.73402349e-01 
 2.38234250e-03  7.56737441e-01  3.74026941e-01  3.74026941e-01  3.74026941e-01  3.74026941e-01 
 2.38334250e-03  7.56690878e-01  3.74659474e-01  3.74659474e-01  3.74659474e-01  3.74659474e-01 
 2.38434250e-03  7.56644051e-01  3.75300048e-01  3.75300048e-01  3.75300048e-01  3.75300048e-01 
 2.38534250e-03  7.56596961e-01  3.75948765e-01  3.75948765e-01  3.75948765e-01  3.75948765e-01 
 2.38634250e-03  7.56549611e-01  3.76605727e-01  3.76605727e-01  3.76605727e-01  3.76605727e-01 
 2.38734250e-03  7.56502002e-01  3.77271041e-01  3.77271041e-01  3.77271041e-01  3.77271041e-01 
 2.38834250e-03  7.56454137e-01  3.77944813e-01  3.77944813e-01  3.77944813e-01  3.77944813e-01 
 2.38934250e-03  7.56406017e-01  3.78627152e-01  3.78627152e-01  3.78627152e-01  3.78627152e-01 
 2.39034250e-03  7.56357644e-01  3.79318170e-01  3.79318170e-01  3.79318170e-01  3.79318170e-01 
 2.39134250e-03  7.56309020e-01  3.80017979e-01  3.80017979e-01  3.80017979e-01  3.80017979e-01 
 2.39234250e-03  7.56260147e-01  3.80726695e-01  3.80726695e-01  3.80726695e-01  3.80726695e-01 
 2.39334250e-03  7.56211026e-01  3.81444435e-01  3.81444435e-01  3.81444435e-01  3.81444435e-01 
 2.39434250e-03  7.56161661e-01  3.82171316e-01  3.82171316e-01  3.82171316e-01  3.82171316e-01 
 2.39534250e-03  7.56112052e-01  3.82907461e-01  3.82907461e-01  3.82907461e-01  3.82907461e-01 
 2.39634250e-03  7.56062202e-01  3.83652992e-01  3.83652992e-01  3.83652992e-01  3.83652992e-01 
 2.39734250e-03  7.56012113e-01  3.84408034e-01  3.84408034e-01  3.84408034e-01  3.84408034e-01 
 2.39834250e-03  7.55961786e-01  3.85172713e-01  3.85172713e-01  3.85172713e-01  3.85172713e-01 
 2.39934250e-03  7.55911224e-01  3.85947159e-01  3.85947159e-01  3.85947159e-01  3.85947159e-01 
 2.40034250e-03  7.55860429e-01  3.86731503e-01  3.86731503e-01  3.86731503e-01  3.86731503e-01 
 2.40134250e-03  7.55809402e-01  3.87525878e-01  3.87525878e-01  3.87525878e-01  3.87525878e-01 
 2.40234250e-03  7.55758146e-01  3.88330417e-01  3.88330417e-01  3.88330417e-01  3.88330417e-01 
 2.40334250e-03  7.55706663e-01  3.89145259e-01  3.89145259e-01  3.89145259e-01  3.89145259e-01 
 2.40434250e-03  7.55654954e-01  3.89970542e-01  3.89970542e-01  3.89970542e-01  3.89970542e-01 
 2.40534250e-03  7.55603022e-01  3.90806406e-01  3.90806406e-01  3.90806406e-01  3.90806406e-01 
 2.40634250e-03  7.55550869e-01  3.91652994e-01  3.91652994e-01  3.91652994e-01  3.91652994e-01 
 2.40734250e-03  7.55498497e-01  3.92510451e-01  3.92510451e-01  3.92510451e-01  3.92510451e-01 
 2.40834250e-03  7.55445907e-01  3.93378923e-01  3.93378923e-01  3.93378923e-01  3.93378923e-01 
 2.40934250e-03  7.55393103e-01  3.94258557e-01  3.94258557e-01  3.94258557e-01  3.94258557e-01 
 2.41034250e-03  7.55340086e-01  3.95149504e-01  3.95149504e-01  3.95149504e-01  3.95149504e-01 
 2.41134250e-03  7.55286858e-01  3.96051915e-01  3.96051915e-01  3.96051915e-01  3.96051915e-01 
 2.41234250e-03  7.55233421e-01  3.96965944e-01  3.96965944e-01  3.96965944e-01  3.96965944e-01 
 2.41334250e-03  7.55179777e-01  3.97891744e-01  3.97891744e-01  3.97891744e-01  3.97891744e-01 
 2.41434250e-03  7.55125930e-01  3.98829473e-01  3.98829473e-01  3.98829473e-01  3.98829473e-01 
 2.41534250e-03  7.55071879e-01  3.99779287e-01  3.99779287e-01  3.99779287e-01  3.99779287e-01 
 2.41634250e-03  7.55017629e-01  4.00741347e-01  4.00741347e-01  4.00741347e-01  4.00741347e-01 
 2.41734250e-03  7.54963180e-01  4.01715811e-01  4.01715811e-01  4.01715811e-01  4.01715811e-01 
 2.41834250e-03  7.54908536e-01  4.02702842e-01  4.02702842e-01  4.02702842e-01  4.02702842e-01 
 2.41934250e-03  7.54853697e-01  4.03702602e-01  4.03702602e-01  4.03702602e-01  4.03702602e-01 
 2.42034250e-03  7.54798668e-01  4.04715255e-01  4.04715255e-01  4.04715255e-01  4.04715255e-01 
 2.42134250e-03  7.54743448e-01  4.05740964e-01  4.05740964e-01  4.05740964e-01  4.05740964e-01 
 2.42234250e-03  7.54688042e-01  4.06779895e-01  4.06779895e-01  4.06779895e-01  4.06779895e-01 
 2.42334250e-03  7.54632450e-01  4.07832214e-01  4.07832214e-01  4.07832214e-01  4.07832214e-01 
 2.42434250e-03  7.54576675e-01  4.08898086e-01  4.08898086e-01  4.08898086e-01  4.08898086e-01 
 2.42534250e-03  7.54520720e-01  4.09977678e-01  4.09977678e-01  4.09977678e-01  4.09977678e-01 
 2.42634250e-03  7.54464586e-01  4.11071155e-01  4.11071155e-01  4.11071155e-01  4.11071155e-01 
 2.42734250e-03  7.54408276e-01  4.12178686e-01  4.12178686e-01  4.12178686e-01  4.12178686e-01 
 2.42834250e-03  7.54351792e-01  4.13300434e-01  4.13300434e-01  4.13300434e-01  4.13300434e-01 
 2.42934250e-03  7.54295137e-01  4.14436567e-01  4.14436567e-01  4.14436567e-01  4.14436567e-01 
 2.43034250e-03  7.54238311e-01  4.15587249e-01  4.15587249e-01  4.15587249e-01  4.15587249e-01 
 2.43134250e-03  7.54181319e-01  4.16752645e-01  4.16752645e-01  4.16752645e-01  4.16752645e-01 
 2.43234250e-03  7.54124161e-01  4.17932918e-01  4.17932918e-01  4.17932918e-01  4.17932918e-01 
 2.43334250e-03  7.54066840e-01  4.19128229e-01  4.19128229e-01  4.19128229e-01  4.19128229e-01 
 2.43434250e-03  7.54009359e-01  4.20338740e-01  4.20338740e-01  4.20338740e-01  4.20338740e-01 
 2.43534250e-03  7.53951720e-01  4.21564610e-01  4.21564610e-01  4.21564610e-01  4.21564610e-01 
 2.43634250e-03  7.53893924e-01  4.22805994e-01  4.22805994e-01  4.22805994e-01  4.22805994e-01 
 2.43734250e-03  7.53835975e-01  4.24063049e-01  4.24063049e-01  4.24063049e-01  4.24063049e-01 
 2.43834250e-03  7.53777875e-01  4.25335925e-01  4.25335925e-01  4.25335925e-01  4.25335925e-01 
 2.43934250e-03  7.53719625e-01  4.26624774e-01  4.26624774e-01  4.26624774e-01  4.26624774e-01 
 2.44034250e-03  7.53661228e-01  4.27929741e-01  4.27929741e-01  4.27929741e-01  4.27929741e-01 
 2.44134250e-03  7.53602687e-01  4.29250969e-01  4.29250969e-01  4.29250969e-01  4.29250969e-01 
 2.44234250e-03  7.53544004e-01  4.30588599e-01  4.30588599e-01  4.30588599e-01  4.30588599e-01 
 2.44334250e-03  7.53485181e-01  4.31942767e-01  4.31942767e-01  4.31942767e-01  4.31942767e-01 
 2.44434250e-03  7.53426220e-01  4.33313605e-01  4.33313605e-01  4.33313605e-01  4.33313605e-01 
 2.44534250e-03  7.53367124e-01  4.34701240e-01  4.34701240e-01  4.34701240e-01  4.34701240e-01 
 2.44634250e-03  7.53307895e-01  4.36105797e-01  4.36105797e-01  4.36105797e-01  4.36105797e-01 
 2.44734250e-03  7.53248535e-01  4.37527392e-01  4.37527392e-01  4.37527392e-01  4.37527392e-01 
 2.44834250e-03  7.53189047e-01  4.38966139e-01  4.38966139e-01  4.38966139e-01  4.38966139e-01 
 2.44934250e-03  7.53129433e-01  4.40422147e-01  4.40422147e-01  4.40422147e-01  4.40422147e-01 
 2.45034250e-03  7.53069696e-01  4.41895516e-01  4.41895516e-01  4.41895516e-01  4.41895516e-01 
 2.45134250e-03  7.53009838e-01  4.43386344e-01  4.43386344e-01  4.43386344e-01  4.43386344e-01 
 2.45234250e-03  7.52949860e-01  4.44894721e-01  4.44894721e-01  4.44894721e-01  4.44894721e-01 
 2.45334250e-03  7.52889767e-01  4.46420730e-01  4.46420730e-01  4.46420730e-01  4.46420730e-01 
 2.45434250e-03  7.52829559e-01  4.47964448e-01  4.47964448e-01  4.47964448e-01  4.47964448e-01 
 2.45534250e-03  7.52769239e-01  4.49525945e-01  4.49525945e-01  4.49525945e-01  4.49525945e-01 
 2.45634250e-03  7.52708810e-01  4.51105286e-01  4.51105286e-01  4.51105286e-01  4.51105286e-01 
 2.45734250e-03  7.52648274e-01  4.52702525e-01  4.52702525e-01  4.52702525e-01  4.52702525e-01 
 2.45834250e-03  7.52587634e-01  4.54317712e-01  4.54317712e-01  4.54317712e-01  4.54317712e-01 
 2.45934250e-03  7.52526892e-01  4.55950887e-01  4.55950887e-01  4.55950887e-01  4.55950887e-01 
 2.46034250e-03  7.52466049e-01  4.57602084e-01  4.57602084e-01  4.57602084e-01  4.57602084e-01 
 2.46134250e-03  7.52405110e-01  4.59271329e-01  4.59271329e-01  4.59271329e-01  4.59271329e-01 
 2.46234250e-03  7.52344075e-01  4.60958640e-01  4.60958640e-01  4.60958640e-01  4.60958640e-01 
 2.46334250e-03  7.52282948e-01  4.62664024e-01  4.62664024e-01  4.62664024e-01  4.62664024e-01 
 2.46434250e-03  7.52221731e-01  4.64387486e-01  4.64387486e-01  4.64387486e-01  4.64387486e-01 
 2.46534250e-03  7.52160426e-01  4.66129017e-01  4.66129017e-01  4.66129017e-01  4.66129017e-01 
 2.46634250e-03  7.52099035e-01  4.67888603e-01  4.67888603e-01  4.67888603e-01  4.67888603e-01 
 2.46734250e-03  7.52037562e-01  4.69666221e-01  4.69666221e-01  4.69666221e-01  4.69666221e-01 
 2.46834250e-03  7.51976009e-01  4.71461839e-01  4.71461839e-01  4.71461839e-01  4.71461839e-01 
 2.46934250e-03  7.51914377e-01  4.73275419e-01  4.73275419e-01  4.73275419e-01  4.73275419e-01 
 2.47034250e-03  7.51852670e-01  4.75106912e-01  4.75106912e-01  4.75106912e-01  4.75106912e-01 
 2.47134250e-03  7.51790890e-01  4.76956263e-01  4.76956263e-01  4.76956263e-01  4.76956263e-01 
 2.47234250e-03  7.51729039e-01  4.78823408e-01  4.78823408e-01  4.78823408e-01  4.78823408e-01 
 2.47334250e-03  7.51667120e-01  4.80708276e-01  4.80708276e-01  4.80708276e-01  4.80708276e-01 
 2.47434250e-03  7.51605135e-01  4.82610788e-01  4.82610788e-01  4.82610788e-01  4.82610788e-01 
 2.47534250e-03  7.51543086e-01  4.84530855e-01  4.84530855e-01  4.84530855e-01  4.84530855e-01 
 2.47634250e-03  7.51480977e-01  4.86468384e-01  4.86468384e-01  4.86468384e-01  4.86468384e-01 
 2.47734250e-03  7.51418809e-01  4.88423272e-01  4.88423272e-01  4.88423272e-01  4.88423272e-01 
 2.47834250e-03  7.51356585e-01  4.90395410e-01  4.90395410e-01  4.90395410e-01  4.90395410e-01 
 2.47934250e-03  7.51294308e-01  4.92384681e-01  4.92384681e-01  4.92384681e-01  4.92384681e-01 
 2.48034250e-03  7.51231979e-01  4.94390963e-01  4.94390963e-01  4.94390963e-01  4.94390963e-01 
 2.48134250e-03  7.51169602e-01  4.96414125e-01  4.96414125e-01  4.96414125e-01  4.96414125e-01 
 2.48234250e-03  7.51107179e-01  4.98454031e-01  4.98454031e-01  4.98454031e-01  4.98454031e-01 
 2.48334250e-03  7.51044712e-01  5.00510538e-01  5.00510538e-01  5.00510538e-01  5.00510538e-01 
 2.48434250e-03  7.50982204e-01  5.02583497e-01  5.02583497e-01  5.02583497e-01  5.02583497e-01 
 2.48534250e-03  7.50919657e-01  5.04672753e-01  5.04672753e-01  5.04672753e-01  5.04672753e-01 
 2.48634250e-03  7.50857073e-01  5.06778147e-01  5.06778147e-01  5.06778147e-01  5.06778147e-01 
 2.48734250e-03  7.50794456e-01  5.08899512e-01  5.08899512e-01  5.08899512e-01  5.08899512e-01 
 2.48834250e-03  7.50731808e-01  5.11036677e-01  5.11036677e-01  5.11036677e-01  5.11036677e-01 
 2.48934250e-03  7.50669130e-01  5.13189466e-01  5.13189466e-01  5.13189466e-01  5.13189466e-01 
 2.49034250e-03  7.50606426e-01  5.15357700e-01  5.15357700e-01  5.15357700e-01  5.15357700e-01 
 2.49134250e-03  7.50543699e-01  5.17541192e-01  5.17541192e-01  5.17541192e-01  5.17541192e-01 
 2.49234250e-03  7.50480949e-01  5.19739753e-01  5.19739753e-01  5.19739753e-01  5.19739753e-01 
 2.49334250e-03  7.50418181e-01  5.21953190e-01  5.21953190e-01  5.21953190e-01  5.21953190e-01 
 2.49434250e-03  7.50355396e-01  5.24181305e-01  5.24181305e-01  5.24181305e-01  5.24181305e-01 
 2.49534250e-03  7.50292598e-01  5.26423896e-01  5.26423896e-01  5.26423896e-01  5.26423896e-01 
 2.49634250e-03  7.50229787e-01  5.28680761e-01  5.28680761e-01  5.28680761e-01  5.28680761e-01 
 2.49734250e-03  7.50166968e-01  5.30951689e-01  5.30951689e-01  5.30951689e-01  5.30951689e-01 
 2.49834250e-03  7.50104142e-01  5.33236471e-01  5.33236471e-01  5.33236471e-01  5.33236471e-01 
 2.49934250e-03  7.50041312e-01  5.35534893e-01  5.35534893e-01  5.35534893e-01  5.35534893e-01 
 2.50034250e-03  7.49978480e-01  5.37846737e-01  5.37846737e-01  5.37846737e-01  5.37846737e-01 
 2.50134250e-03  7.49915649e-01  5.40171786e-01  5.40171786e-01  5.40171786e-01  5.40171786e-01 
 2.50234250e-03  7.49852822e-01  5.42509816e-01  5.42509816e-01  5.42509816e-01  5.42509816e-01 
 2.50334250e-03  7.49790000e-01  5.44860605e-01  5.44860605e-01  5.44860605e-01  5.44860605e-01 
 2.50434250e-03  7.49727187e-01  5.47223927e-01  5.47223927e-01  5.47223927e-01  5.47223927e-01 
 2.50534250e-03  7.49664384e-01  5.49599552e-01  5.49599552e-01  5.49599552e-01  5.49599552e-01 
 2.50634250e-03  7.49601594e-01  5.51987253e-01  5.51987253e-01  5.51987253e-01  5.51987253e-01 
 2.50734250e-03  7.49538821e-01  5.54386797e-01  5.54386797e-01  5.54386797e-01  5.54386797e-01 
 2.50834250e-03  7.49476065e-01  5.56797952e-01  5.56797952e-01  5.56797952e-01  5.56797952e-01 
 2.50934250e-03  7.49413330e-01  5.59220482e-01  5.59220482e-01  5.59220482e-01  5.59220482e-01 
 2.51034250e-03  7.49350619e-01  5.61654152e-01  5.61654152e-01  5.61654152e-01  5.61654152e-01 
 2.51134250e-03  7.49287933e-01  5.64098726e-01  5.64098726e-01  5.64098726e-01  5.64098726e-01 
 2.51234250e-03  7.49225275e-01  5.66553964e-01  5.66553964e-01  5.66553964e-01  5.66553964e-01 
 2.51334250e-03  7.49162648e-01  5.69019627e-01  5.69019627e-01  5.69019627e-01  5.69019627e-01 
 2.51434250e-03  7.49100053e-01  5.71495475e-01  5.71495475e-01  5.71495475e-01  5.71495475e-01 
 2.51534250e-03  7.49037495e-01  5.73981266e-01  5.73981266e-01  5.73981266e-01  5.73981266e-01 
 2.51634250e-03  7.48974974e-01  5.76476759e-01  5.76476759e-01  5.76476759e-01  5.76476759e-01 
 2.51734250e-03  7.48912494e-01  5.78981711e-01  5.78981711e-01  5.78981711e-01  5.78981711e-01 
 2.51834250e-03  7.48850056e-01  5.81495877e-01  5.81495877e-01  5.81495877e-01  5.81495877e-01 
 2.51934250e-03  7.48787664e-01  5.84019013e-01  5.84019013e-01  5.84019013e-01  5.84019013e-01 
 2.52034250e-03  7.48725320e-01  5.86550875e-01  5.86550875e-01  5.86550875e-01  5.86550875e-01 
 2.52134250e-03  7.48663027e-01  5.89091216e-01  5.89091216e-01  5.89091216e-01  5.89091216e-01 
 2.52234250e-03  7.48600786e-01  5.91639791e-01  5.91639791e-01  5.91639791e-01  5.91639791e-01 
 2.52334250e-03  7.48538600e-01  5.94196352e-01  5.94196352e-01  5.94196352e-01  5.94196352e-01 
 2.52434250e-03  7.48476472e-01  5.96760654e-01  5.96760654e-01  5.96760654e-01  5.96760654e-01 
 2.52534250e-03  7.48414404e-01  5.99332448e-01  5.99332448e-01  5.99332448e-01  5.99332448e-01 
 2.52634250e-03  7.48352399e-01  6.01911487e-01  6.01911487e-01  6.01911487e-01  6.01911487e-01 
 2.52734250e-03  7.48290458e-01  6.04497522e-01  6.04497522e-01  6.04497522e-01  6.04497522e-01 
 2.52834250e-03  7.48228586e-01  6.07090305e-01  6.07090305e-01  6.07090305e-01  6.07090305e-01 
 2.52934250e-03  7.48166783e-01  6.09689587e-01  6.09689587e-01  6.09689587e-01  6.09689587e-01 
 2.53034250e-03  7.48105052e-01  6.12295118e-01  6.12295118e-01  6.12295118e-01  6.12295118e-01 
 2.53134250e-03  7.48043397e-01  6.14906650e-01  6.14906650e-01  6.14906650e-01  6.14906650e-01 
 2.53234250e-03  7.47981818e-01  6.17523933e-01  6.17523933e-01  6.17523933e-01  6.17523933e-01 
 2.53334250e-03  7.47920320e-01  6.20146718e-01  6.20146718e-01  6.20146718e-01  6.20146718e-01 
 2.53434250e-03  7.47858903e-01  6.22774753e-01  6.22774753e-01  6.22774753e-01  6.22774753e-01 
 2.53534250e-03  7.47797571e-01  6.25407790e-01  6.25407790e-01  6.25407790e-01  6.25407790e-01 
 2.53634250e-03  7.47736326e-01  6.28045577e-01  6.28045577e-01  6.28045577e-01  6.28045577e-01 
 2.53734250e-03  7.47675170e-01  6.30687865e-01  6.30687865e-01  6.30687865e-01  6.30687865e-01 
 2.53834250e-03  7.47614106e-01  6.33334403e-01  6.33334403e-01  6.33334403e-01  6.33334403e-01 
 2.53934250e-03  7.47553136e-01  6.35984940e-01  6.35984940e-01  6.35984940e-01  6.35984940e-01 
 2.54034250e-03  7.47492263e-01  6.38639226e-01  6.38639226e-01  6.38639226e-01  6.38639226e-01 
 2.54134250e-03  7.47431489e-01  6.41297010e-01  6.41297010e-01  6.41297010e-01  6.41297010e-01 
 2.54234250e-03  7.47370816e-01  6.43958042e-01  6.43958042e-01  6.43958042e-01  6.43958042e-01 
 2.54334250e-03  7.47310247e-01  6.46622070e-01  6.46622070e-01  6.46622070e-01  6.46622070e-01 
 2.54434250e-03  7.47249784e-01  6.49288844e-01  6.49288844e-01  6.49288844e-01  6.49288844e-01 
 2.54534250e-03  7.47189430e-01  6.51958113e-01  6.51958113e-01  6.51958113e-01  6.51958113e-01 
 2.54634250e-03  7.47129187e-01  6.54629627e-01  6.54629627e-01  6.54629627e-01  6.54629627e-01 
 2.54734250e-03  7.47069057e-01  6.57303134e-01  6.57303134e-01  6.57303134e-01  6.57303134e-01 
 2.54834250e-03  7.47009042e-01  6.59978385e-01  6.59978385e-01  6.59978385e-01  6.59978385e-01 
 2.54934250e-03  7.46949146e-01  6.62655129e-01  6.62655129e-01  6.62655129e-01  6.62655129e-01 
 2.55034250e-03  7.46889371e-01  6.65333115e-01  6.65333115e-01  6.65333115e-01  6.65333115e-01 
 2.55134250e-03  7.46829718e-01  6.68012094e-01  6.68012094e-01  6.68012094e-01  6.68012094e-01 
 2.55234250e-03  7.46770190e-01  6.70691815e-01  6.70691815e-01  6.70691815e-01  6.70691815e-01 
 2.55334250e-03  7.46710790e-01  6.73372028e-01  6.73372028e-01  6.73372028e-01  6.73372028e-01 
 2.55434250e-03  7.46651519e-01  6.76052485e-01  6.76052485e-01  6.76052485e-01  6.76052485e-01 
 2.55534250e-03  7.46592381e-01  6.78732935e-01  6.78732935e-01  6.78732935e-01  6.78732935e-01 
 2.55634250e-03  7.46533377e-01  6.81413129e-01  6.81413129e-01  6.81413129e-01  6.81413129e-01 
 2.55734250e-03  7.46474510e-01  6.84092820e-01  6.84092820e-01  6.84092820e-01  6.84092820e-01 
 2.55834250e-03  7.46415783e-01  6.86771757e-01  6.86771757e-01  6.86771757e-01  6.86771757e-01 
 2.55934250e-03  7.46357197e-01  6.89449693e-01  6.89449693e-01  6.89449693e-01  6.89449693e-01 
 2.56034250e-03  7.46298754e-01  6.92126380e-01  6.92126380e-01  6.92126380e-01  6.92126380e-01 
 2.56134250e-03  7.46240458e-01  6.94801571e-01  6.94801571e-01  6.94801571e-01  6.94801571e-01 
 2.56234250e-03  7.46182310e-01  6.97475018e-01  6.97475018e-01  6.97475018e-01  6.97475018e-01 
 2.56334250e-03  7.46124313e-01  7.00146476e-01  7.00146476e-01  7.00146476e-01  7.00146476e-01 
 2.56434250e-03  7.46066469e-01  7.02815698e-01  7.02815698e-01  7.02815698e-01  7.02815698e-01 
 2.56534250e-03  7.46008780e-01  7.05482438e-01  7.05482438e-01  7.05482438e-01  7.05482438e-01 
 2.56634250e-03  7.45951249e-01  7.08146452e-01  7.08146452e-01  7.08146452e-01  7.08146452e-01 
 2.56734250e-03  7.45893878e-01  7.10807496e-01  7.10807496e-01  7.10807496e-01  7.10807496e-01 
 2.56834250e-03  7.45836668e-01  7.13465325e-01  7.13465325e-01  7.13465325e-01  7.13465325e-01 
 2.56934250e-03  7.45779623e-01  7.16119696e-01  7.16119696e-01  7.16119696e-01  7.16119696e-01 
 2.57034250e-03  7.45722745e-01  7.18770367e-01  7.18770367e-01  7.18770367e-01  7.18770367e-01 
 2.57134250e-03  7.45666036e-01  7.21417097e-01  7.21417097e-01  7.21417097e-01  7.21417097e-01 
 2.57234250e-03  7.45609497e-01  7.24059645e-01  7.24059645e-01  7.24059645e-01  7.24059645e-01 
 2.57334250e-03  7.45553132e-01  7.26697770e-01  7.26697770e-01  7.26697770e-01  7.26697770e-01 
 2.57434250e-03  7.45496943e-01  7.29331233e-01  7.29331233e-01  7.29331233e-01  7.29331233e-01 
 2.57534250e-03  7.45440931e-01  7.31959796e-01  7.31959796e-01  7.31959796e-01  7.31959796e-01 
 2.57634250e-03  7.45385099e-01  7.34583222e-01  7.34583222e-01  7.34583222e-01  7.34583222e-01 
 2.57734250e-03  7.45329450e-01  7.37201275e-01  7.37201275e-01  7.37201275e-01  7.37201275e-01 
 2.57834250e-03  7.45273985e-01  7.39813718e-01  7.39813718e-01  7.39813718e-01  7.39813718e-01 
 2.57934250e-03  7.45218706e-01  7.42420317e-01  7.42420317e-01  7.42420317e-01  7.42420317e-01 
 2.58034250e-03  7.45163616e-01  7.45020840e-01  7.45020840e-01  7.45020840e-01  7.45020840e-01 
 2.58134250e-03  7.45108718e-01  7.47615054e-01  7.47615054e-01  7.47615054e-01  7.47615054e-01 
 2.58234250e-03  7.45054012e-01  7.50202729e-01  7.50202729e-01  7.50202729e-01  7.50202729e-01 
 2.58334250e-03  7.44999501e-01  7.52783634e-01  7.52783634e-01  7.52783634e-01  7.52783634e-01 
 2.58434250e-03  7.44945188e-01  7.55357542e-01  7.55357542e-01  7.55357542e-01  7.55357542e-01 
 2.58534250e-03  7.44891075e-01  7.57924225e-01  7.57924225e-01  7.57924225e-01  7.57924225e-01 
 2.58634250e-03  7.44837163e-01  7.60483457e-01  7.60483457e-01  7.60483457e-01  7.60483457e-01 
 2.58734250e-03  7.44783455e-01  7.63035016e-01  7.63035016e-01  7.63035016e-01  7.63035016e-01 
 2.58834250e-03  7.44729953e-01  7.65578676e-01  7.65578676e-01  7.65578676e-01  7.65578676e-01 
 2.58934250e-03  7.44676659e-01  7.68114219e-01  7.68114219e-01  7.68114219e-01  7.68114219e-01 
 2.59034250e-03  7.44623575e-01  7.70641423e-01  7.70641423e-01  7.70641423e-01  7.70641423e-01 
 2.59134250e-03  7.44570703e-01  7.73160071e-01  7.73160071e-01  7.73160071e-01  7.73160071e-01 
 2.59234250e-03  7.44518046e-01  7.75669946e-01  7.75669946e-01  7.75669946e-01  7.75669946e-01 
 2.59334250e-03  7.44465605e-01  7.78170834e-01  7.78170834e-01  7.78170834e-01  7.78170834e-01 
 2.59434250e-03  7.44413382e-01  7.80662521e-01  7.80662521e-01  7.80662521e-01  7.80662521e-01 
 2.59534250e-03  7.44361381e-01  7.83144797e-01  7.83144797e-01  7.83144797e-01  7.83144797e-01 
 2.59634250e-03  7.44309601e-01  7.85617452e-01  7.85617452e-01  7.85617452e-01  7.85617452e-01 
 2.59734250e-03  7.44258047e-01  7.88080279e-01  7.88080279e-01  7.88080279e-01  7.88080279e-01 
 2.59834250e-03  7.44206719e-01  7.90533072e-01  7.90533072e-01  7.90533072e-01  7.90533072e-01 
 2.59934250e-03  7.44155620e-01  7.92975627e-01  7.92975627e-01  7.92975627e-01  7.92975627e-01 
 2.60034250e-03  7.44104751e-01  7.95407744e-01  7.95407744e-01  7.95407744e-01  7.95407744e-01 
 2.60134250e-03  7.44054115e-01  7.97829223e-01  7.97829223e-01  7.97829223e-01  7.97829223e-01 
 2.60234250e-03  7.44003714e-01  8.00239866e-01  8.00239866e-01  8.00239866e-01  8.00239866e-01 
 2.60334250e-03  7.43953550e-01  8.02639479e-01  8.02639479e-01  8.02639479e-01  8.02639479e-01 
 2.60434250e-03  7.43903625e-01  8.05027868e-01  8.05027868e-01  8.05027868e-01  8.05027868e-01 
 2.60534250e-03  7.43853940e-01  8.07404843e-01  8.07404843e-01  8.07404843e-01  8.07404843e-01 
 2.60634250e-03  7.43804497e-01  8.09770216e-01  8.09770216e-01  8.09770216e-01  8.09770216e-01 
 2.60734250e-03  7.43755300e-01  8.12123863e-01  8.12123863e-01  8.12123863e-01  8.12123863e-01 
 2.60834250e-03  7.43706348e-01  8.14465524e-01  8.14465524e-01  8.14465524e-01  8.14465524e-01 
 2.60934250e-03  7.43657646e-01  8.16794885e-01  8.16794885e-01  8.16794885e-01  8.16794885e-01 
 2.61034250e-03  7.43609193e-01  8.19111999e-01  8.19111999e-01  8.19111999e-01  8.19111999e-01 
 2.61134250e-03  7.43560993e-01  8.21416620e-01  8.21416620e-01  8.21416620e-01  8.21416620e-01 
 2.61234250e-03  7.43513048e-01  8.23708819e-01  8.23708819e-01  8.23708819e-01  8.23708819e-01 
 2.61334250e-03  7.43465358e-01  8.25987678e-01  8.25987678e-01  8.25987678e-01  8.25987678e-01 
 2.61434250e-03  7.43417926e-01  8.28253705e-01  8.28253705e-01  8.28253705e-01  8.28253705e-01 
 2.61534250e-03  7.43370754e-01  8.30506586e-01  8.30506586e-01  8.30506586e-01  8.30506586e-01 
 2.61634250e-03  7.43323844e-01  8.32746115e-01  8.32746115e-01  8.32746115e-01  8.32746115e-01 
 2.61734250e-03  7.43277198e-01  8.34972133e-01  8.34972133e-01  8.34972133e-01  8.34972133e-01 
 2.61834250e-03  7.43230816e-01  8.37184483e-01  8.37184483e-01  8.37184483e-01  8.37184483e-01 
 2.61934250e-03  7.43184702e-01  8.39383516e-01  8.39383516e-01  8.39383516e-01  8.39383516e-01 
 2.62034250e-03  7.43138857e-01  8.41568165e-01  8.41568165e-01  8.41568165e-01  8.41568165e-01 
 2.62134250e-03  7.43093283e-01  8.43738622e-01  8.43738622e-01  8.43738622e-01  8.43738622e-01 
 2.62234250e-03  7.43047982e-01  8.45894812e-01  8.45894812e-01  8.45894812e-01  8.45894812e-01 
 2.62334250e-03  7.43002955e-01  8.48035962e-01  8.48035962e-01  8.48035962e-01  8.48035962e-01 
 2.62434250e-03  7.42958204e-01  8.50163737e-01  8.50163737e-01  8.50163737e-01  8.50163737e-01 
 2.62534250e-03  7.42913732e-01  8.52276360e-01  8.52276360e-01  8.52276360e-01  8.52276360e-01 
 2.62634250e-03  7.42869539e-01  8.54373348e-01  8.54373348e-01  8.54373348e-01  8.54373348e-01 
 2.62734250e-03  7.42825627e-01  8.56456718e-01  8.56456718e-01  8.56456718e-01  8.56456718e-01 
 2.62834250e-03  7.42781999e-01  8.58524482e-01  8.58524482e-01  8.58524482e-01  8.58524482e-01 
 2.62934250e-03  7.42738656e-01  8.60576927e-01  8.60576927e-01  8.60576927e-01  8.60576927e-01 
 2.63034250e-03  7.42695599e-01  8.62614042e-01  8.62614042e-01  8.62614042e-01  8.62614042e-01 
 2.63134250e-03  7.42652831e-01  8.64635708e-01  8.64635708e-01  8.64635708e-01  8.64635708e-01 
 2.63234250e-03  7.42610353e-01  8.66640949e-01  8.66640949e-01  8.66640949e-01  8.66640949e-01 
 2.63334250e-03  7.42568166e-01  8.68632114e-01  8.68632114e-01  8.68632114e-01  8.68632114e-01 
 2.63434250e-03  7.42526273e-01  8.70606858e-01  8.70606858e-01  8.70606858e-01  8.70606858e-01 
 2.63534250e-03  7.42484675e-01  8.72565574e-01  8.72565574e-01  8.72565574e-01  8.72565574e-01 
 2.63634250e-03  7.42443374e-01  8.74508291e-01  8.74508291e-01  8.74508291e-01  8.74508291e-01 
 2.63734250e-03  7.42402371e-01  8.76434909e-01  8.76434909e-01  8.76434909e-01  8.76434909e-01 
 2.63834250e-03  7.42361668e-01  8.78345328e-01  8.78345328e-01  8.78345328e-01  8.78345328e-01 
 2.63934250e-03  7.42321266e-01  8.80239451e-01  8.80239451e-01  8.80239451e-01  8.80239451e-01 
 2.64034250e-03  7.42281168e-01  8.82117188e-01  8.82117188e-01  8.82117188e-01  8.82117188e-01 
 2.64134250e-03  7.42241374e-01  8.83978450e-01  8.83978450e-01  8.83978450e-01  8.83978450e-01 
 2.64234250e-03  7.42201887e-01  8.85823153e-01  8.85823153e-01  8.85823153e-01  8.85823153e-01 
 2.64334250e-03  7.42162708e-01  8.87651215e-01  8.87651215e-01  8.87651215e-01  8.87651215e-01 
 2.64434250e-03  7.42123838e-01  8.89462556e-01  8.89462556e-01  8.89462556e-01  8.89462556e-01 
 2.64534250e-03  7.42085278e-01  8.91257101e-01  8.91257101e-01  8.91257101e-01  8.91257101e-01 
 2.64634250e-03  7.42047032e-01  8.93034778e-01  8.93034778e-01  8.93034778e-01  8.93034778e-01 
 2.64734250e-03  7.42009099e-01  8.94795515e-01  8.94795515e-01  8.94795515e-01  8.94795515e-01 
 2.64834250e-03  7.41971482e-01  8.96539248e-01  8.96539248e-01  8.96539248e-01  8.96539248e-01 
 2.64934250e-03  7.41934182e-01  8.98265911e-01  8.98265911e-01  8.98265911e-01  8.98265911e-01 
 2.65034250e-03  7.41897200e-01  8.99975445e-01  8.99975445e-01  8.99975445e-01  8.99975445e-01 
 2.65134250e-03  7.41860538e-01  9.01667792e-01  9.01667792e-01  9.01667792e-01  9.01667792e-01 
 2.65234250e-03  7.41824197e-01  9.03342897e-01  9.03342897e-01  9.03342897e-01  9.03342897e-01 
 2.65334250e-03  7.41788179e-01  9.05000708e-01  9.05000708e-01  9.05000708e-01  9.05000708e-01 
 2.65434250e-03  7.41752486e-01  9.06641177e-01  9.06641177e-01  9.06641177e-01  9.06641177e-01 
 2.65534250e-03  7.41717117e-01  9.08264256e-01  9.08264256e-01  9.08264256e-01  9.08264256e-01 
 2.65634250e-03  7.41682076e-01  9.09869903e-01  9.09869903e-01  9.09869903e-01  9.09869903e-01 
 2.65734250e-03  7.41647364e-01  9.11458078e-01  9.11458078e-01  9.11458078e-01  9.11458078e-01 
 2.65834250e-03  7.41612981e-01  9.13028742e-01  9.13028742e-01  9.13028742e-01  9.13028742e-01 
 2.65934250e-03  7.41578929e-01  9.14581861e-01  9.14581861e-01  9.14581861e-01  9.14581861e-01 
 2.66034250e-03  7.41545209e-01  9.16117402e-01  9.16117402e-01  9.16117402e-01  9.16117402e-01 
 2.66134250e-03  7.41511824e-01  9.17635336e-01  9.17635336e-01  9.17635336e-01  9.17635336e-01 
 2.66234250e-03  7.41478773e-01  9.19135635e-01  9.19135635e-01  9.19135635e-01  9.19135635e-01 
 2.66334250e-03  7.41446059e-01  9.20618275e-01  9.20618275e-01  9.20618275e-01  9.20618275e-01 
 2.66434250e-03  7.41413683e-01  9.22083233e-01  9.22083233e-01  9.22083233e-01  9.22083233e-01 
 2.66534250e-03  7.41381645e-01  9.23530491e-01  9.23530491e-01  9.23530491e-01  9.23530491e-01 
 2.66634250e-03  7.41349948e-01  9.24960031e-01  9.24960031e-01  9.24960031e-01  9.24960031e-01 
 2.66734250e-03  7.41318592e-01  9.26371839e-01  9.26371839e-01  9.26371839e-01  9.26371839e-01 
 2.66834250e-03  7.41287579e-01  9.27765901e-01  9.27765901e-01  9.27765901e-01  9.27765901e-01 
 2.66934250e-03  7.41256910e-01  9.29142208e-01  9.29142208e-01  9.29142208e-01  9.29142208e-01 
 2.67034250e-03  7.41226586e-01  9.30500751e-01  9.30500751e-01  9.30500751e-01  9.30500751e-01 
 2.67134250e-03  7.41196609e-01  9.31841525e-01  9.31841525e-01  9.31841525e-01  9.31841525e-01 
 2.67234250e-03  7.41166979e-01  9.33164526e-01  9.33164526e-01  9.33164526e-01  9.33164526e-01 
 2.67334250e-03  7.41137697e-01  9.34469753e-01  9.34469753e-01  9.34469753e-01  9.34469753e-01 
 2.67434250e-03  7.41108766e-01  9.35757205e-01  9.35757205e-01  9.35757205e-01  9.35757205e-01 
 2.67534250e-03  7.41080186e-01  9.37026886e-01  9.37026886e-01  9.37026886e-01  9.37026886e-01 
 2.67634250e-03  7.41051957e-01  9.38278798e-01  9.38278798e-01  9.38278798e-01  9.38278798e-01 
 2.67734250e-03  7.41024082e-01  9.39512949e-01  9.39512949e-01  9.39512949e-01  9.39512949e-01 
 2.67834250e-03  7.40996562e-01  9.40729345e-01  9.40729345e-01  9.40729345e-01  9.40729345e-01 
 2.67934250e-03  7.40969396e-01  9.41927997e-01  9.41927997e-01  9.41927997e-01  9.41927997e-01 
 2.68034250e-03  7.40942588e-01  9.43108916e-01  9.43108916e-01  9.43108916e-01  9.43108916e-01 
 2.68134250e-03  7.40916137e-01  9.44272114e-01  9.44272114e-01  9.44272114e-01  9.44272114e-01 
 2.68234250e-03  7.40890044e-01  9.45417605e-01  9.45417605e-01  9.45417605e-01  9.45417605e-01 
 2.68334250e-03  7.40864311e-01  9.46545405e-01  9.46545405e-01  9.46545405e-01  9.46545405e-01 
 2.68434250e-03  7.40838939e-01  9.47654678e-01  9.47654678e-01  9.47654678e-01  9.47654678e-01 
 2.68534250e-03  7.40813928e-01  9.48747904e-01  9.48747904e-01  9.48747904e-01  9.48747904e-01 
 2.68634250e-03  7.40789281e-01  9.49822852e-01  9.49822852e-01  9.49822852e-01  9.49822852e-01 
 2.68734250e-03  7.40764996e-01  9.50880065e-01  9.50880065e-01  9.50880065e-01  9.50880065e-01 
 2.68834250e-03  7.40741077e-01  9.51919689e-01  9.51919689e-01  9.51919689e-01  9.51919689e-01 
 2.68934250e-03  7.40717522e-01  9.52941749e-01  9.52941749e-01  9.52941749e-01  9.52941749e-01 
 2.69034250e-03  7.40694335e-01  9.53946264e-01  9.53946264e-01  9.53946264e-01  9.53946264e-01 
 2.69134250e-03  7.40671514e-01  9.54933259e-01  9.54933259e-01  9.54933259e-01  9.54933259e-01 
 2.69234250e-03  7.40649062e-01  9.55902044e-01  9.55902044e-01  9.55902044e-01  9.55902044e-01 
 2.69334250e-03  7.40626979e-01  9.56854715e-01  9.56854715e-01  9.56854715e-01  9.56854715e-01 
 2.69434250e-03  7.40605266e-01  9.57788724e-01  9.57788724e-01  9.57788724e-01  9.57788724e-01 
 2.69534250e-03  7.40583924e-01  9.58706507e-01  9.58706507e-01  9.58706507e-01  9.58706507e-01 
 2.69634250e-03  7.40562954e-01  9.59606399e-01  9.59606399e-01  9.59606399e-01  9.59606399e-01 
 2.69734250e-03  7.40542357e-01  9.60488847e-01  9.60488847e-01  9.60488847e-01  9.60488847e-01 
 2.69834250e-03  7.40522132e-01  9.61353979e-01  9.61353979e-01  9.61353979e-01  9.61353979e-01 
 2.69934250e-03  7.40502282e-01  9.62201824e-01  9.62201824e-01  9.62201824e-01  9.62201824e-01 
 2.70034250e-03  7.40482807e-01  9.63032412e-01  9.63032412e-01  9.63032412e-01  9.63032412e-01 
 2.70134250e-03  7.40463707e-01  9.63845774e-01  9.63845774e-01  9.63845774e-01  9.63845774e-01 
 2.70234250e-03  7.40444984e-01  9.64641941e-01  9.64641941e-01  9.64641941e-01  9.64641941e-01 
 2.70334250e-03  7.40426639e-01  9.65420946e-01  9.65420946e-01  9.65420946e-01  9.65420946e-01 
 2.70434250e-03  7.40408671e-01  9.66182823e-01  9.66182823e-01  9.66182823e-01  9.66182823e-01 
 2.70534250e-03  7.40391082e-01  9.66927603e-01  9.66927603e-01  9.66927603e-01  9.66927603e-01 
 2.70634250e-03  7.40373872e-01  9.67655319e-01  9.67655319e-01  9.67655319e-01  9.67655319e-01 
 2.70734250e-03  7.40357042e-01  9.68366005e-01  9.68366005e-01  9.68366005e-01  9.68366005e-01 
 2.70834250e-03  7.40340593e-01  9.69059693e-01  9.69059693e-01  9.69059693e-01  9.69059693e-01 
 2.70934250e-03  7.40324525e-01  9.69736417e-01  9.69736417e-01  9.69736417e-01  9.69736417e-01 
 2.71034250e-03  7.40308839e-01  9.70396209e-01  9.70396209e-01  9.70396209e-01  9.70396209e-01 
 2.71134250e-03  7.40293536e-01  9.71039102e-01  9.71039102e-01  9.71039102e-01  9.71039102e-01 
 2.71234250e-03  7.40278616e-01  9.71665128e-01  9.71665128e-01  9.71665128e-01  9.71665128e-01 
 2.71334250e-03  7.40264079e-01  9.72274320e-01  9.72274320e-01  9.72274320e-01  9.72274320e-01 
 2.71434250e-03  7.40249928e-01  9.72866709e-01  9.72866709e-01  9.72866709e-01  9.72866709e-01 
 2.71534250e-03  7.40236161e-01  9.73442328e-01  9.73442328e-01  9.73442328e-01  9.73442328e-01 
 2.71634250e-03  7.40222779e-01  9.74001208e-01  9.74001208e-01  9.74001208e-01  9.74001208e-01 
 2.71734250e-03  7.40209783e-01  9.74543379e-01  9.74543379e-01  9.74543379e-01  9.74543379e-01 
 2.71834250e-03  7.40197174e-01  9.75068873e-01  9.75068873e-01  9.75068873e-01  9.75068873e-01 
 2.71934250e-03  7.40184952e-01  9.75577719e-01  9.75577719e-01  9.75577719e-01  9.75577719e-01 
 2.72034250e-03  7.40173118e-01  9.76069946e-01  9.76069946e-01  9.76069946e-01  9.76069946e-01 
 2.72134250e-03  7.40161671e-01  9.76545584e-01  9.76545584e-01  9.76545584e-01  9.76545584e-01 
 2.72234250e-03  7.40150613e-01  9.77004661e-01  9.77004661e-01  9.77004661e-01  9.77004661e-01 
 2.72334250e-03  7.40139944e-01  9.77447205e-01  9.77447205e-01  9.77447205e-01  9.77447205e-01 
 2.72434250e-03  7.40129663e-01  9.77873242e-01  9.77873242e-01  9.77873242e-01  9.77873242e-01 
 2.72534250e-03  7.40119773e-01  9.78282799e-01  9.78282799e-01  9.78282799e-01  9.78282799e-01 
 2.72634250e-03  7.40110273e-01  9.78675901e-01  9.78675901e-01  9.78675901e-01  9.78675901e-01 
 2.72734250e-03  7.40101163e-01  9.79052573e-01  9.79052573e-01  9.79052573e-01  9.79052573e-01 
 2.72834250e-03  7.40092443e-01  9.79412840e-01  9.79412840e-01  9.79412840e-01  9.79412840e-01 
 2.72934250e-03  7.40084115e-01  9.79756724e-01  9.79756724e-01  9.79756724e-01  9.79756724e-01 
 2.73034250e-03  7.40076179e-01  9.80084248e-01  9.80084248e-01  9.80084248e-01  9.80084248e-01 
 2.73134250e-03  7.40068634e-01  9.80395433e-01  9.80395433e-01  9.80395433e-01  9.80395433e-01 
 2.73234250e-03  7.40061481e-01  9.80690300e-01  9.80690300e-01  9.80690300e-01  9.80690300e-01 
 2.73334250e-03  7.40054721e-01  9.80968868e-01  9.80968868e-01  9.80968868e-01  9.80968868e-01 
 2.73434250e-03  7.40048353e-01  9.81231156e-01  9.81231156e-01  9.81231156e-01  9.81231156e-01 
 2.73534250e-03  7.40042378e-01  9.81477182e-01  9.81477182e-01  9.81477182e-01  9.81477182e-01 
 2.73634250e-03  7.40036796e-01  9.81706908e-01  9.81706908e-01  9.81706908e-01  9.81706908e-01 
 2.73734250e-03  7.40031608e-01  9.81920506e-01  9.81920506e-01  9.81920506e-01  9.81920506e-01 
 2.73834250e-03  7.40026813e-01  9.82117849e-01  9.82117849e-01  9.82117849e-01  9.82117849e-01 
 2.73934250e-03  7.40022412e-01  9.82298982e-01  9.82298982e-01  9.82298982e-01  9.82298982e-01 
 2.74034250e-03  7.40018405e-01  9.82463927e-01  9.82463927e-01  9.82463927e-01  9.82463927e-01 
 2.74134250e-03  7.40014791e-01  9.82612694e-01  9.82612694e-01  9.82612694e-01  9.82612694e-01 
 2.74234250e-03  7.40011572e-01  9.82745295e-01  9.82745295e-01  9.82745295e-01  9.82745295e-01 
 2.74334250e-03  7.40008748e-01  9.82861739e-01  9.82861739e-01  9.82861739e-01  9.82861739e-01 
 2.74434250e-03  7.40006317e-01  9.82962033e-01  9.82962033e-01  9.82962033e-01  9.82962033e-01 
 2.74534250e-03  7.40004282e-01  9.83046184e-01  9.83046184e-01  9.83046184e-01  9.83046184e-01 
 2.74634250e-03  7.40002640e-01  9.83114200e-01  9.83114200e-01  9.83114200e-01  9.83114200e-01 
 2.74734250e-03  7.40001394e-01  9.83166085e-01  9.83166085e-01  9.83166085e-01  9.83166085e-01 
 2.74834250e-03  7.40000542e-01  9.83201842e-01  9.83201842e-01  9.83201842e-01  9.83201842e-01 
 2.74934250e-03  7.40000085e-01  9.83221474e-01  9.83221474e-01  9.83221474e-01  9.83221474e-01 
 2.75034250e-03  7.40000023e-01  9.83224983e-01  9.83224983e-01  9.83224983e-01  9.83224983e-01 
 2.75134250e-03  7.40000356e-01  9.83212369e-01  9.83212369e-01  9.83212369e-01  9.83212369e-01 
 2.75234250e-03  7.40001083e-01  9.83183631e-01  9.83183631e-01  9.83183631e-01  9.83183631e-01 
 2.75334250e-03  7.40002205e-01  9.83138767e-01  9.83138767e-01  9.83138767e-01  9.83138767e-01 
 2.75434250e-03  7.40003722e-01  9.83077775e-01  9.83077775e-01  9.83077775e-01  9.83077775e-01 
 2.75534250e-03  7.40005633e-01  9.83000649e-01  9.83000649e-01  9.83000649e-01  9.83000649e-01 
 2.75634250e-03  7.40007940e-01  9.82907385e-01  9.82907385e-01  9.82907385e-01  9.82907385e-01 
 2.75734250e-03  7.40010640e-01  9.82797977e-01  9.82797977e-01  9.82797977e-01  9.82797977e-01 
 2.75834250e-03  7.40013735e-01  9.82672416e-01  9.82672416e-01  9.82672416e-01  9.82672416e-01 
 2.75934250e-03  7.40017224e-01  9.82530695e-01  9.82530695e-01  9.82530695e-01  9.82530695e-01 
 2.76034250e-03  7.40021107e-01  9.82372802e-01  9.82372802e-01  9.82372802e-01  9.82372802e-01 
 2.76134250e-03  7.40025384e-01  9.82198728e-01  9.82198728e-01  9.82198728e-01  9.82198728e-01 
 2.76234250e-03  7.40030055e-01  9.82008461e-01  9.82008461e-01  9.82008461e-01  9.82008461e-01 
 2.76334250e-03  7.40035120e-01  9.81801987e-01  9.81801987e-01  9.81801987e-01  9.81801987e-01 
 2.76434250e-03  7.40040578e-01  9.81579292e-01  9.81579292e-01  9.81579292e-01  9.81579292e-01 
 2.76534250e-03  7.40046429e-01  9.81340362e-01  9.81340362e-01  9.81340362e-01  9.81340362e-01 
 2.76634250e-03  7.40052673e-01  9.81085180e-01  9.81085180e-01  9.81085180e-01  9.81085180e-01 
 2.76734250e-03  7.40059309e-01  9.80813729e-01  9.80813729e-01  9.80813729e-01  9.80813729e-01 
 2.76834250e-03  7.40066339e-01  9.80525992e-01  9.80525992e-01  9.80525992e-01  9.80525992e-01 
 2.76934250e-03  7.40073760e-01  9.80221948e-01  9.80221948e-01  9.80221948e-01  9.80221948e-01 
 2.77034250e-03  7.40081573e-01  9.79901579e-01  9.79901579e-01  9.79901579e-01  9.79901579e-01 
 2.77134250e-03  7.40089778e-01  9.79564863e-01  9.79564863e-01  9.79564863e-01  9.79564863e-01 
 2.77234250e-03  7.40098374e-01  9.79211778e-01  9.79211778e-01  9.79211778e-01  9.79211778e-01 
 2.77334250e-03  7.40107361e-01  9.78842166e-01  9.78842166e-01  9.78842166e-01  9.78842166e-01 
 2.77434250e-03  7.40116738e-01  9.78456397e-01  9.78456397e-01  9.78456397e-01  9.78456397e-01 
 2.77534250e-03  7.40126506e-01  9.78054086e-01  9.78054086e-01  9.78054086e-01  9.78054086e-01 
 2.77634250e-03  7.40136663e-01  9.77635291e-01  9.77635291e-01  9.77635291e-01  9.77635291e-01 
 2.77734250e-03  7.40147210e-01  9.77200008e-01  9.77200008e-01  9.77200008e-01  9.77200008e-01 
 2.77834250e-03  7.40158146e-01  9.76748209e-01  9.76748209e-01  9.76748209e-01  9.76748209e-01 
 2.77934250e-03  7.40169470e-01  9.76279867e-01  9.76279867e-01  9.76279867e-01  9.76279867e-01 
 2.78034250e-03  7.40181183e-01  9.75794954e-01  9.75794954e-01  9.75794954e-01  9.75794954e-01 
 2.78134250e-03  7.40193283e-01  9.75293441e-01  9.75293441e-01  9.75293441e-01  9.75293441e-01 
 2.78234250e-03  7.40205770e-01  9.74775042e-01  9.74775042e-01  9.74775042e-01  9.74775042e-01 
 2.78334250e-03  7.40218644e-01  9.74240469e-01  9.74240469e-01  9.74240469e-01  9.74240469e-01 
 2.78434250e-03  7.40231904e-01  9.73689013e-01  9.73689013e-01  9.73689013e-01  9.73689013e-01 
 2.78534250e-03  7.40245549e-01  9.73120803e-01  9.73120803e-01  9.73120803e-01  9.73120803e-01 
 2.78634250e-03  7.40259580e-01  9.72535843e-01  9.72535843e-01  9.72535843e-01  9.72535843e-01 
 2.78734250e-03  7.40273995e-01  9.71934103e-01  9.71934103e-01  9.71934103e-01  9.71934103e-01 
 2.78834250e-03  7.40288795e-01  9.71315198e-01  9.71315198e-01  9.71315198e-01  9.71315198e-01 
 2.78934250e-03  7.40303977e-01  9.70680112e-01  9.70680112e-01  9.70680112e-01  9.70680112e-01 
 2.79034250e-03  7.40319543e-01  9.70027882e-01  9.70027882e-01  9.70027882e-01  9.70027882e-01 
 2.79134250e-03  7.40335490e-01  9.69358692e-01  9.69358692e-01  9.69358692e-01  9.69358692e-01 
 2.79234250e-03  7.40351819e-01  9.68672141e-01  9.68672141e-01  9.68672141e-01  9.68672141e-01 
 2.79334250e-03  7.40368529e-01  9.67968971e-01  9.67968971e-01  9.67968971e-01  9.67968971e-01 
 2.79434250e-03  7.40385619e-01  9.67248845e-01  9.67248845e-01  9.67248845e-01  9.67248845e-01 
 2.79534250e-03  7.40403089e-01  9.66512147e-01  9.66512147e-01  9.66512147e-01  9.66512147e-01 
 2.79634250e-03  7.40420938e-01  9.65757480e-01  9.65757480e-01  9.65757480e-01  9.65757480e-01 
 2.79734250e-03  7.40439165e-01  9.64986574e-01  9.64986574e-01  9.64986574e-01  9.64986574e-01 
 2.79834250e-03  7.40457769e-01  9.64198162e-01  9.64198162e-01  9.64198162e-01  9.64198162e-01 
 2.79934250e-03  7.40476750e-01  9.63392511e-01  9.63392511e-01  9.63392511e-01  9.63392511e-01 
 2.80034250e-03  7.40496107e-01  9.62569660e-01  9.62569660e-01  9.62569660e-01  9.62569660e-01 
 2.80134250e-03  7.40515839e-01  9.61729574e-01  9.61729574e-01  9.61729574e-01  9.61729574e-01 
 2.80234250e-03  7.40535946e-01  9.60872222e-01  9.60872222e-01  9.60872222e-01  9.60872222e-01 
 2.80334250e-03  7.40556426e-01  9.59997571e-01  9.59997571e-01  9.59997571e-01  9.59997571e-01 
 2.80434250e-03  7.40577279e-01  9.59105591e-01  9.59105591e-01  9.59105591e-01  9.59105591e-01 
 2.80534250e-03  7.40598504e-01  9.58196252e-01  9.58196252e-01  9.58196252e-01  9.58196252e-01 
 2.80634250e-03  7.40620100e-01  9.57269525e-01  9.57269525e-01  9.57269525e-01  9.57269525e-01 
 2.80734250e-03  7.40642066e-01  9.56325381e-01  9.56325381e-01  9.56325381e-01  9.56325381e-01 
 2.80834250e-03  7.40664402e-01  9.55363078e-01  9.55363078e-01  9.55363078e-01  9.55363078e-01 
 2.80934250e-03  7.40687107e-01  9.54384645e-01  9.54384645e-01  9.54384645e-01  9.54384645e-01 
 2.81034250e-03  7.40710179e-01  9.53388177e-01  9.53388177e-01  9.53388177e-01  9.53388177e-01 
 2.81134250e-03  7.40733618e-01  9.52374083e-01  9.52374083e-01  9.52374083e-01  9.52374083e-01 
 2.81234250e-03  7.40757422e-01  9.51342442e-01  9.51342442e-01  9.51342442e-01  9.51342442e-01 
 2.81334250e-03  7.40781592e-01  9.50293232e-01  9.50293232e-01  9.50293232e-01  9.50293232e-01 
 2.81434250e-03  7.40806125e-01  9.49226426e-01  9.49226426e-01  9.49226426e-01  9.49226426e-01 
 2.81534250e-03  7.40831022e-01  9.48142002e-01  9.48142002e-01  9.48142002e-01  9.48142002e-01 
 2.81634250e-03  7.40856280e-01  9.47039940e-01  9.47039940e-01  9.47039940e-01  9.47039940e-01 
 2.81734250e-03  7.40881899e-01  9.45920221e-01  9.45920221e-01  9.45920221e-01  9.45920221e-01 
 2.81834250e-03  7.40907879e-01  9.44782827e-01  9.44782827e-01  9.44782827e-01  9.44782827e-01 
 2.81934250e-03  7.40934217e-01  9.43627742e-01  9.43627742e-01  9.43627742e-01  9.43627742e-01 
 2.82034250e-03  7.40960913e-01  9.42454951e-01  9.42454951e-01  9.42454951e-01  9.42454951e-01 
 2.82134250e-03  7.40987966e-01  9.41264440e-01  9.41264440e-01  9.41264440e-01  9.41264440e-01 
 2.82234250e-03  7.41015375e-01  9.40056198e-01  9.40056198e-01  9.40056198e-01  9.40056198e-01 
 2.82334250e-03  7.41043139e-01  9.38830214e-01  9.38830214e-01  9.38830214e-01  9.38830214e-01 
 2.82434250e-03  7.41071256e-01  9.37585508e-01  9.37585508e-01  9.37585508e-01  9.37585508e-01 
 2.82534250e-03  7.41099725e-01  9.36323888e-01  9.36323888e-01  9.36323888e-01  9.36323888e-01 
 2.82634250e-03  7.41128546e-01  9.35044635e-01  9.35044635e-01  9.35044635e-01  9.35044635e-01 
 2.82734250e-03  7.41157717e-01  9.33748614e-01  9.33748614e-01  9.33748614e-01  9.33748614e-01 
 2.82834250e-03  7.41187238e-01  9.32432927e-01  9.32432927e-01  9.32432927e-01  9.32432927e-01 
 2.82934250e-03  7.41217106e-01  9.31101255e-01  9.31101255e-01  9.31101255e-01  9.31101255e-01 
 2.83034250e-03  7.41247321e-01  9.29751071e-01  9.29751071e-01  9.29751071e-01  9.29751071e-01 
 2.83134250e-03  7.41277881e-01  9.28382985e-01  9.28382985e-01  9.28382985e-01  9.28382985e-01 
 2.83234250e-03  7.41308786e-01  9.26996091e-01  9.26996091e-01  9.26996091e-01  9.26996091e-01 
 2.83334250e-03  7.41340034e-01  9.25593450e-01  9.25593450e-01  9.25593450e-01  9.25593450e-01 
 2.83434250e-03  7.41371624e-01  9.24172292e-01  9.24172292e-01  9.24172292e-01  9.24172292e-01 
 2.83534250e-03  7.41403554e-01  9.22733260e-01  9.22733260e-01  9.22733260e-01  9.22733260e-01 
 2.83634250e-03  7.41435824e-01  9.21276530e-01  9.21276530e-01  9.21276530e-01  9.21276530e-01 
 2.83734250e-03  7.41468432e-01  9.19802122e-01  9.19802122e-01  9.19802122e-01  9.19802122e-01 
 2.83834250e-03  7.41501377e-01  9.18310050e-01  9.18310050e-01  9.18310050e-01  9.18310050e-01 
 2.83934250e-03  7.41534657e-01  9.16800338e-01  9.16800338e-01  9.16800338e-01  9.16800338e-01 
 2.84034250e-03  7.41568271e-01  9.15273012e-01  9.15273012e-01  9.15273012e-01  9.15273012e-01 
 2.84134250e-03  7.41602219e-01  9.13726985e-01  9.13726985e-01  9.13726985e-01  9.13726985e-01 
 2.84234250e-03  7.41636497e-01  9.12164380e-01  9.12164380e-01  9.12164380e-01  9.12164380e-01 
 2.84334250e-03  7.41671106e-01  9.10585521e-01  9.10585521e-01  9.10585521e-01  9.10585521e-01 
 2.84434250e-03  7.41706044e-01  9.08987071e-01  9.08987071e-01  9.08987071e-01  9.08987071e-01 
 2.84534250e-03  7.41741309e-01  9.07371996e-01  9.07371996e-01  9.07371996e-01  9.07371996e-01 
 2.84634250e-03  7.41776901e-01  9.05739681e-01  9.05739681e-01  9.05739681e-01  9.05739681e-01 
 2.84734250e-03  7.41812817e-01  9.04090001e-01  9.04090001e-01  9.04090001e-01  9.04090001e-01 
 2.84834250e-03  7.41849056e-01  9.02424116e-01  9.02424116e-01  9.02424116e-01  9.02424116e-01 
 2.84934250e-03  7.41885617e-01  9.00738882e-01  9.00738882e-01  9.00738882e-01  9.00738882e-01 
 2.85034250e-03  7.41922498e-01  8.99038364e-01  8.99038364e-01  8.99038364e-01  8.99038364e-01 
 2.85134250e-03  7.41959698e-01  8.97319887e-01  8.97319887e-01  8.97319887e-01  8.97319887e-01 
 2.85234250e-03  7.41997216e-01  8.95584156e-01  8.95584156e-01  8.95584156e-01  8.95584156e-01 
 2.85334250e-03  7.42035049e-01  8.93831397e-01  8.93831397e-01  8.93831397e-01  8.93831397e-01 
 2.85434250e-03  7.42073197e-01  8.92061677e-01  8.92061677e-01  8.92061677e-01  8.92061677e-01 
 2.85534250e-03  7.42111658e-01  8.90273986e-01  8.90273986e-01  8.90273986e-01  8.90273986e-01 
 2.85634250e-03  7.42150430e-01  8.88471475e-01  8.88471475e-01  8.88471475e-01  8.88471475e-01 
 2.85734250e-03  7.42189512e-01  8.86650371e-01  8.86650371e-01  8.86650371e-01  8.86650371e-01 
 2.85834250e-03  7.42228903e-01  8.84814400e-01  8.84814400e-01  8.84814400e-01  8.84814400e-01 
 2.85934250e-03  7.42268600e-01  8.82961065e-01  8.82961065e-01  8.82961065e-01  8.82961065e-01 
 2.86034250e-03  7.42308603e-01  8.81091063e-01  8.81091063e-01  8.81091063e-01  8.81091063e-01 
 2.86134250e-03  7.42348909e-01  8.79203637e-01  8.79203637e-01  8.79203637e-01  8.79203637e-01 
 2.86234250e-03  7.42389517e-01  8.77301755e-01  8.77301755e-01  8.77301755e-01  8.77301755e-01 
 2.86334250e-03  7.42430426e-01  8.75382894e-01  8.75382894e-01  8.75382894e-01  8.75382894e-01 
 2.86434250e-03  7.42471633e-01  8.73446779e-01  8.73446779e-01  8.73446779e-01  8.73446779e-01 
 2.86534250e-03  7.42513138e-01  8.71496404e-01  8.71496404e-01  8.71496404e-01  8.71496404e-01 
 2.86634250e-03  7.42554938e-01  8.69528469e-01  8.69528469e-01  8.69528469e-01  8.69528469e-01 
 2.86734250e-03  7.42597033e-01  8.67546266e-01  8.67546266e-01  8.67546266e-01  8.67546266e-01 
 2.86834250e-03  7.42639419e-01  8.65546782e-01  8.65546782e-01  8.65546782e-01  8.65546782e-01 
 2.86934250e-03  7.42682096e-01  8.63532328e-01  8.63532328e-01  8.63532328e-01  8.63532328e-01 
 2.87034250e-03  7.42725062e-01  8.61503329e-01  8.61503329e-01  8.61503329e-01  8.61503329e-01 
 2.87134250e-03  7.42768315e-01  8.59458184e-01  8.59458184e-01  8.59458184e-01  8.59458184e-01 
 2.87234250e-03  7.42811854e-01  8.57396852e-01  8.57396852e-01  8.57396852e-01  8.57396852e-01 
 2.87334250e-03  7.42855676e-01  8.55321094e-01  8.55321094e-01  8.55321094e-01  8.55321094e-01 
 2.87434250e-03  7.42899781e-01  8.53230434e-01  8.53230434e-01  8.53230434e-01  8.53230434e-01 
 2.87534250e-03  7.42944165e-01  8.51124875e-01  8.51124875e-01  8.51124875e-01  8.51124875e-01 
 2.87634250e-03  7.42988829e-01  8.49004553e-01  8.49004553e-01  8.49004553e-01  8.49004553e-01 
 2.87734250e-03  7.43033769e-01  8.46869607e-01  8.46869607e-01  8.46869607e-01  8.46869607e-01 
 2.87834250e-03  7.43078984e-01  8.44720178e-01  8.44720178e-01  8.44720178e-01  8.44720178e-01 
 2.87934250e-03  7.43124472e-01  8.42556406e-01  8.42556406e-01  8.42556406e-01  8.42556406e-01 
 2.88034250e-03  7.43170232e-01  8.40378436e-01  8.40378436e-01  8.40378436e-01  8.40378436e-01 
 2.88134250e-03  7.43216262e-01  8.38186415e-01  8.38186415e-01  8.38186415e-01  8.38186415e-01 
 2.88234250e-03  7.43262559e-01  8.35980494e-01  8.35980494e-01  8.35980494e-01  8.35980494e-01 
 2.88334250e-03  7.43309122e-01  8.33760825e-01  8.33760825e-01  8.33760825e-01  8.33760825e-01 
 2.88434250e-03  7.43355949e-01  8.31527565e-01  8.31527565e-01  8.31527565e-01  8.31527565e-01 
 2.88534250e-03  7.43403039e-01  8.29280873e-01  8.29280873e-01  8.29280873e-01  8.29280873e-01 
 2.88634250e-03  7.43450389e-01  8.27020909e-01  8.27020909e-01  8.27020909e-01  8.27020909e-01 
 2.88734250e-03  7.43497998e-01  8.24747839e-01  8.24747839e-01  8.24747839e-01  8.24747839e-01 
 2.88834250e-03  7.43545863e-01  8.22461828e-01  8.22461828e-01  8.22461828e-01  8.22461828e-01 
 2.88934250e-03  7.43593983e-01  8.20163047e-01  8.20163047e-01  8.20163047e-01  8.20163047e-01 
 2.89034250e-03  7.43642356e-01  8.17851668e-01  8.17851668e-01  8.17851668e-01  8.17851668e-01 
 2.89134250e-03  7.43690980e-01  8.15527865e-01  8.15527865e-01  8.15527865e-01  8.15527865e-01 
 2.89234250e-03  7.43739853e-01  8.13191816e-01  8.13191816e-01  8.13191816e-01  8.13191816e-01 
 2.89334250e-03  7.43788974e-01  8.10843700e-01  8.10843700e-01  8.10843700e-01  8.10843700e-01 
 2.89434250e-03  7.43838339e-01  8.08483700e-01  8.08483700e-01  8.08483700e-01  8.08483700e-01 
 2.89534250e-03  7.43887948e-01  8.06112000e-01  8.06112000e-01  8.06112000e-01  8.06112000e-01 
 2.89634250e-03  7.43937798e-01  8.03728788e-01  8.03728788e-01  8.03728788e-01  8.03728788e-01 
 2.89734250e-03  7.43987887e-01  8.01334252e-01  8.01334252e-01  8.01334252e-01  8.01334252e-01 
 2.89834250e-03  7.44038214e-01  7.98928584e-01  7.98928584e-01  7.98928584e-01  7.98928584e-01 
 2.89934250e-03  7.44088776e-01  7.96511979e-01  7.96511979e-01  7.96511979e-01  7.96511979e-01 
 2.90034250e-03  7.44139571e-01  7.94084631e-01  7.94084631e-01  7.94084631e-01  7.94084631e-01 
 2.90134250e-03  7.44190598e-01  7.91646740e-01  7.91646740e-01  7.91646740e-01  7.91646740e-01 
 2.90234250e-03  7.44241854e-01  7.89198506e-01  7.89198506e-01  7.89198506e-01  7.89198506e-01 
 2.90334250e-03  7.44293337e-01  7.86740131e-01  7.86740131e-01  7.86740131e-01  7.86740131e-01 
 2.90434250e-03  7.44345046e-01  7.84271819e-01  7.84271819e-01  7.84271819e-01  7.84271819e-01 
 2.90534250e-03  7.44396978e-01  7.81793777e-01  7.81793777e-01  7.81793777e-01  7.81793777e-01 
 2.90546750e-03  7.44403485e-01  7.81483318e-01  7.81483318e-01  7.81483318e-01  7.81483318e-01 
 2.90571750e-03  7.44416510e-01  7.80862025e-01  7.80862025e-01  7.80862025e-01  7.80862025e-01 
 2.90621750e-03  7.44442600e-01  7.79617667e-01  7.79617667e-01  7.79617667e-01  7.79617667e-01 
 2.90721750e-03  7.44494945e-01  7.77121949e-01  7.77121949e-01  7.77121949e-01  7.77121949e-01 
 2.90821750e-03  7.44547507e-01  7.74617100e-01  7.74617100e-01  7.74617100e-01  7.74617100e-01 
 2.90921750e-03  7.44600285e-01  7.72103338e-01  7.72103338e-01  7.72103338e-01  7.72103338e-01 
 2.91021750e-03  7.44653276e-01  7.69580879e-01  7.69580879e-01  7.69580879e-01  7.69580879e-01 
 2.91121750e-03  7.44706477e-01  7.67049939e-01  7.67049939e-01  7.67049939e-01  7.67049939e-01 
 2.91221750e-03  7.44759888e-01  7.64510737e-01  7.64510737e-01  7.64510737e-01  7.64510737e-01 
 2.91321750e-03  7.44813506e-01  7.61963494e-01  7.61963494e-01  7.61963494e-01  7.61963494e-01 
 2.91421750e-03  7.44867328e-01  7.59408431e-01  7.59408431e-01  7.59408431e-01  7.59408431e-01 
 2.91521750e-03  7.44921353e-01  7.56845772e-01  7.56845772e-01  7.56845772e-01  7.56845772e-01 
 2.91621750e-03  7.44975579e-01  7.54275741e-01  7.54275741e-01  7.54275741e-01  7.54275741e-01 
 2.91721750e-03  7.45030003e-01  7.51698564e-01  7.51698564e-01  7.51698564e-01  7.51698564e-01 
 2.91821750e-03  7.45084623e-01  7.49114470e-01  7.49114470e-01  7.49114470e-01  7.49114470e-01 
 2.91921750e-03  7.45139437e-01  7.46523686e-01  7.46523686e-01  7.46523686e-01  7.46523686e-01 
 2.92021750e-03  7.45194443e-01  7.43926443e-01  7.43926443e-01  7.43926443e-01  7.43926443e-01 
 2.92121750e-03  7.45249639e-01  7.41322973e-01  7.41322973e-01  7.41322973e-01  7.41322973e-01 
 2.92221750e-03  7.45305022e-01  7.38713508e-01  7.38713508e-01  7.38713508e-01  7.38713508e-01 
 2.92321750e-03  7.45360591e-01  7.36098281e-01  7.36098281e-01  7.36098281e-01  7.36098281e-01 
 2.92421750e-03  7.45416343e-01  7.33477528e-01  7.33477528e-01  7.33477528e-01  7.33477528e-01 
 2.92521750e-03  7.45472276e-01  7.30851484e-01  7.30851484e-01  7.30851484e-01  7.30851484e-01 
 2.92621750e-03  7.45528387e-01  7.28220386e-01  7.28220386e-01  7.28220386e-01  7.28220386e-01 
 2.92721750e-03  7.45584675e-01  7.25584472e-01  7.25584472e-01  7.25584472e-01  7.25584472e-01 
 2.92821750e-03  7.45641138e-01  7.22943980e-01  7.22943980e-01  7.22943980e-01  7.22943980e-01 
 2.92921750e-03  7.45697772e-01  7.20299151e-01  7.20299151e-01  7.20299151e-01  7.20299151e-01 
 2.93021750e-03  7.45754576e-01  7.17650224e-01  7.17650224e-01  7.17650224e-01  7.17650224e-01 
 2.93121750e-03  7.45811548e-01  7.14997442e-01  7.14997442e-01  7.14997442e-01  7.14997442e-01 
 2.93221750e-03  7.45868685e-01  7.12341046e-01  7.12341046e-01  7.12341046e-01  7.12341046e-01 
 2.93321750e-03  7.45925986e-01  7.09681278e-01  7.09681278e-01  7.09681278e-01  7.09681278e-01 
 2.93421750e-03  7.45983447e-01  7.07018383e-01  7.07018383e-01  7.07018383e-01  7.07018383e-01 
 2.93521750e-03  7.46041067e-01  7.04352604e-01  7.04352604e-01  7.04352604e-01  7.04352604e-01 
 2.93621750e-03  7.46098843e-01  7.01684186e-01  7.01684186e-01  7.01684186e-01  7.01684186e-01 
 2.93721750e-03  7.46156773e-01  6.99013374e-01  6.99013374e-01  6.99013374e-01  6.99013374e-01 
 2.93821750e-03  7.46214855e-01  6.96340415e-01  6.96340415e-01  6.96340415e-01  6.96340415e-01 
 2.93921750e-03  7.46273086e-01  6.93665555e-01  6.93665555e-01  6.93665555e-01  6.93665555e-01 
 2.94021750e-03  7.46331464e-01  6.90989041e-01  6.90989041e-01  6.90989041e-01  6.90989041e-01 
 2.94121750e-03  7.46389987e-01  6.88311119e-01  6.88311119e-01  6.88311119e-01  6.88311119e-01 
 2.94221750e-03  7.46448653e-01  6.85632038e-01  6.85632038e-01  6.85632038e-01  6.85632038e-01 
 2.94321750e-03  7.46507459e-01  6.82952046e-01  6.82952046e-01  6.82952046e-01  6.82952046e-01 
 2.94421750e-03  7.46566403e-01  6.80271391e-01  6.80271391e-01  6.80271391e-01  6.80271391e-01 
 2.94521750e-03  7.46625482e-01  6.77590323e-01  6.77590323e-01  6.77590323e-01  6.77590323e-01 
 2.94621750e-03  7.46684694e-01  6.74909090e-01  6.74909090e-01  6.74909090e-01  6.74909090e-01 
 2.94721750e-03  7.46744038e-01  6.72227941e-01  6.72227941e-01  6.72227941e-01  6.72227941e-01 
 2.94821750e-03  7.46803510e-01  6.69547128e-01  6.69547128e-01  6.69547128e-01  6.69547128e-01 
 2.94921750e-03  7.46863108e-01  6.66866898e-01  6.66866898e-01  6.66866898e-01  6.66866898e-01 
 2.95021750e-03  7.46922830e-01  6.64187504e-01  6.64187504e-01  6.64187504e-01  6.64187504e-01 
 2.95121750e-03  7.46982673e-01  6.61509194e-01  6.61509194e-01  6.61509194e-01  6.61509194e-01 
 2.95221750e-03  7.47042636e-01  6.58832220e-01  6.58832220e-01  6.58832220e-01  6.58832220e-01 
 2.95321750e-03  7.47102715e-01  6.56156831e-01  6.56156831e-01  6.56156831e-01  6.56156831e-01 
 2.95421750e-03  7.47162909e-01  6.53483280e-01  6.53483280e-01  6.53483280e-01  6.53483280e-01 
 2.95521750e-03  7.47223215e-01  6.50811816e-01  6.50811816e-01  6.50811816e-01  6.50811816e-01 
 2.95621750e-03  7.47283630e-01  6.48142691e-01  6.48142691e-01  6.48142691e-01  6.48142691e-01 
 2.95721750e-03  7.47344153e-01  6.45476155e-01  6.45476155e-01  6.45476155e-01  6.45476155e-01 
 2.95821750e-03  7.47404780e-01  6.42812459e-01  6.42812459e-01  6.42812459e-01  6.42812459e-01 
 2.95921750e-03  7.47465510e-01  6.40151856e-01  6.40151856e-01  6.40151856e-01  6.40151856e-01 
 2.96021750e-03  7.47526340e-01  6.37494595e-01  6.37494595e-01  6.37494595e-01  6.37494595e-01 
 2.96121750e-03  7.47587268e-01  6.34840927e-01  6.34840927e-01  6.34840927e-01  6.34840927e-01 
 2.96221750e-03  7.47648290e-01  6.32191104e-01  6.32191104e-01  6.32191104e-01  6.32191104e-01 
 2.96321750e-03  7.47709406e-01  6.29545377e-01  6.29545377e-01  6.29545377e-01  6.29545377e-01 
 2.96421750e-03  7.47770612e-01  6.26903996e-01  6.26903996e-01  6.26903996e-01  6.26903996e-01 
 2.96521750e-03  7.47831906e-01  6.24267212e-01  6.24267212e-01  6.24267212e-01  6.24267212e-01 
 2.96621750e-03  7.47893286e-01  6.21635276e-01  6.21635276e-01  6.21635276e-01  6.21635276e-01 
 2.96721750e-03  7.47954749e-01  6.19008438e-01  6.19008438e-01  6.19008438e-01  6.19008438e-01 
 2.96821750e-03  7.48016293e-01  6.16386950e-01  6.16386950e-01  6.16386950e-01  6.16386950e-01 
 2.96921750e-03  7.48077915e-01  6.13771060e-01  6.13771060e-01  6.13771060e-01  6.13771060e-01 
 2.97021750e-03  7.48139612e-01  6.11161019e-01  6.11161019e-01  6.11161019e-01  6.11161019e-01 
 2.97121750e-03  7.48201384e-01  6.08557077e-01  6.08557077e-01  6.08557077e-01  6.08557077e-01 
 2.97221750e-03  7.48263226e-01  6.05959484e-01  6.05959484e-01  6.05959484e-01  6.05959484e-01 
 2.97321750e-03  7.48325137e-01  6.03368489e-01  6.03368489e-01  6.03368489e-01  6.03368489e-01 
 2.97421750e-03  7.48387114e-01  6.00784340e-01  6.00784340e-01  6.00784340e-01  6.00784340e-01 
 2.97521750e-03  7.48449154e-01  5.98207288e-01  5.98207288e-01  5.98207288e-01  5.98207288e-01 
 2.97621750e-03  7.48511256e-01  5.95637579e-01  5.95637579e-01  5.95637579e-01  5.95637579e-01 
 2.97721750e-03  7.48573417e-01  5.93075464e-01  5.93075464e-01  5.93075464e-01  5.93075464e-01 
 2.97821750e-03  7.48635634e-01  5.90521188e-01  5.90521188e-01  5.90521188e-01  5.90521188e-01 
 2.97921750e-03  7.48697905e-01  5.87975000e-01  5.87975000e-01  5.87975000e-01  5.87975000e-01 
 2.98021750e-03  7.48760227e-01  5.85437146e-01  5.85437146e-01  5.85437146e-01  5.85437146e-01 
 2.98121750e-03  7.48822598e-01  5.82907873e-01  5.82907873e-01  5.82907873e-01  5.82907873e-01 
 2.98221750e-03  7.48885016e-01  5.80387426e-01  5.80387426e-01  5.80387426e-01  5.80387426e-01 
 2.98321750e-03  7.48947477e-01  5.77876051e-01  5.77876051e-01  5.77876051e-01  5.77876051e-01 
 2.98421750e-03  7.49009981e-01  5.75373992e-01  5.75373992e-01  5.75373992e-01  5.75373992e-01 
 2.98521750e-03  7.49072523e-01  5.72881493e-01  5.72881493e-01  5.72881493e-01  5.72881493e-01 
 2.98621750e-03  7.49135102e-01  5.70398798e-01  5.70398798e-01  5.70398798e-01  5.70398798e-01 
 2.98721750e-03  7.49197715e-01  5.67926148e-01  5.67926148e-01  5.67926148e-01  5.67926148e-01 
 2.98821750e-03  7.49260360e-01  5.65463785e-01  5.65463785e-01  5.65463785e-01  5.65463785e-01 
 2.98921750e-03  7.49323034e-01  5.63011950e-01  5.63011950e-01  5.63011950e-01  5.63011950e-01 
 2.99021750e-03  7.49385734e-01  5.60570882e-01  5.60570882e-01  5.60570882e-01  5.60570882e-01 
 2.99121750e-03  7.49448459e-01  5.58140819e-01  5.58140819e-01  5.58140819e-01  5.58140819e-01 
 2.99221750e-03  7.49511206e-01  5.55721999e-01  5.55721999e-01  5.55721999e-01  5.55721999e-01 
 2.99321750e-03  7.49573972e-01  5.53314657e-01  5.53314657e-01  5.53314657e-01  5.53314657e-01 
 2.99421750e-03  7.49636755e-01  5.50919028e-01  5.50919028e-01  5.50919028e-01  5.50919028e-01 
 2.99521750e-03  7.49699552e-01  5.48535344e-01  5.48535344e-01  5.48535344e-01  5.48535344e-01 
 2.99621750e-03  7.49762361e-01  5.46163838e-01  5.46163838e-01  5.46163838e-01  5.46163838e-01 
 2.99721750e-03  7.49825179e-01  5.43804738e-01  5.43804738e-01  5.43804738e-01  5.43804738e-01 
 2.99821750e-03  7.49888005e-01  5.41458273e-01  5.41458273e-01  5.41458273e-01  5.41458273e-01 
 2.99921750e-03  7.49950834e-01  5.39124668e-01  5.39124668e-01  5.39124668e-01  5.39124668e-01 
 3.00021750e-03  7.50013666e-01  5.36804146e-01  5.36804146e-01  5.36804146e-01  5.36804146e-01 
 3.00121750e-03  7.50076497e-01  5.34496929e-01  5.34496929e-01  5.34496929e-01  5.34496929e-01 
 3.00221750e-03  7.50139325e-01  5.32203236e-01  5.32203236e-01  5.32203236e-01  5.32203236e-01 
 3.00321750e-03  7.50202148e-01  5.29923282e-01  5.29923282e-01  5.29923282e-01  5.29923282e-01 
 3.00421750e-03  7.50264962e-01  5.27657282e-01  5.27657282e-01  5.27657282e-01  5.27657282e-01 
 3.00521750e-03  7.50327766e-01  5.25405445e-01  5.25405445e-01  5.25405445e-01  5.25405445e-01 
 3.00621750e-03  7.50390558e-01  5.23167979e-01  5.23167979e-01  5.23167979e-01  5.23167979e-01 
 3.00721750e-03  7.50453333e-01  5.20945087e-01  5.20945087e-01  5.20945087e-01  5.20945087e-01 
 3.00821750e-03  7.50516091e-01  5.18736970e-01  5.18736970e-01  5.18736970e-01  5.18736970e-01 
 3.00921750e-03  7.50578829e-01  5.16543824e-01  5.16543824e-01  5.16543824e-01  5.16543824e-01 
 3.01021750e-03  7.50641544e-01  5.14365843e-01  5.14365843e-01  5.14365843e-01  5.14365843e-01 
 3.01121750e-03  7.50704233e-01  5.12203214e-01  5.12203214e-01  5.12203214e-01  5.12203214e-01 
 3.01221750e-03  7.50766894e-01  5.10056121e-01  5.10056121e-01  5.10056121e-01  5.10056121e-01 
 3.01321750e-03  7.50829526e-01  5.07924744e-01  5.07924744e-01  5.07924744e-01  5.07924744e-01 
 3.01421750e-03  7.50892124e-01  5.05809257e-01  5.05809257e-01  5.05809257e-01  5.05809257e-01 
 3.01521750e-03  7.50954688e-01  5.03709830e-01  5.03709830e-01  5.03709830e-01  5.03709830e-01 
 3.01621750e-03  7.51017213e-01  5.01626627e-01  5.01626627e-01  5.01626627e-01  5.01626627e-01 
 3.01721750e-03  7.51079699e-01  4.99559807e-01  4.99559807e-01  4.99559807e-01  4.99559807e-01 
 3.01821750e-03  7.51142141e-01  4.97509522e-01  4.97509522e-01  4.97509522e-01  4.97509522e-01 
 3.01921750e-03  7.51204539e-01  4.95475920e-01  4.95475920e-01  4.95475920e-01  4.95475920e-01 
 3.02021750e-03  7.51266889e-01  4.93459141e-01  4.93459141e-01  4.93459141e-01  4.93459141e-01 
 3.02121750e-03  7.51329189e-01  4.91459319e-01  4.91459319e-01  4.91459319e-01  4.91459319e-01 
 3.02221750e-03  7.51391437e-01  4.89476584e-01  4.89476584e-01  4.89476584e-01  4.89476584e-01 
 3.02321750e-03  7.51453630e-01  4.87511054e-01  4.87511054e-01  4.87511054e-01  4.87511054e-01 
 3.02421750e-03  7.51515765e-01  4.85562846e-01  4.85562846e-01  4.85562846e-01  4.85562846e-01 
 3.02521750e-03  7.51577841e-01  4.83632064e-01  4.83632064e-01  4.83632064e-01  4.83632064e-01 
 3.02621750e-03  7.51639854e-01  4.81718810e-01  4.81718810e-01  4.81718810e-01  4.81718810e-01 
 3.02721750e-03  7.51701803e-01  4.79823174e-01  4.79823174e-01  4.79823174e-01  4.79823174e-01 
 3.02821750e-03  7.51763684e-01  4.77945241e-01  4.77945241e-01  4.77945241e-01  4.77945241e-01 
 3.02921750e-03  7.51825496e-01  4.76085088e-01  4.76085088e-01  4.76085088e-01  4.76085088e-01 
 3.03021750e-03  7.51887235e-01  4.74242783e-01  4.74242783e-01  4.74242783e-01  4.74242783e-01 
 3.03121750e-03  7.51948900e-01  4.72418388e-01  4.72418388e-01  4.72418388e-01  4.72418388e-01 
 3.03221750e-03  7.52010489e-01  4.70611954e-01  4.70611954e-01  4.70611954e-01  4.70611954e-01 
 3.03321750e-03  7.52071997e-01  4.68823526e-01  4.68823526e-01  4.68823526e-01  4.68823526e-01 
 3.03421750e-03  7.52133424e-01  4.67053139e-01  4.67053139e-01  4.67053139e-01  4.67053139e-01 
 3.03521750e-03  7.52194767e-01  4.65300824e-01  4.65300824e-01  4.65300824e-01  4.65300824e-01 
 3.03621750e-03  7.52256023e-01  4.63566597e-01  4.63566597e-01  4.63566597e-01  4.63566597e-01 
 3.03721750e-03  7.52317190e-01  4.61850473e-01  4.61850473e-01  4.61850473e-01  4.61850473e-01 
 3.03821750e-03  7.52378266e-01  4.60152452e-01  4.60152452e-01  4.60152452e-01  4.60152452e-01 
 3.03921750e-03  7.52439248e-01  4.58472532e-01  4.58472532e-01  4.58472532e-01  4.58472532e-01 
 3.04021750e-03  7.52500133e-01  4.56810698e-01  4.56810698e-01  4.56810698e-01  4.56810698e-01 
 3.04121750e-03  7.52560920e-01  4.55166929e-01  4.55166929e-01  4.55166929e-01  4.55166929e-01 
 3.04221750e-03  7.52621605e-01  4.53541196e-01  4.53541196e-01  4.53541196e-01  4.53541196e-01 
 3.04321750e-03  7.52682188e-01  4.51933464e-01  4.51933464e-01  4.51933464e-01  4.51933464e-01 
 3.04421750e-03  7.52742664e-01  4.50343686e-01  4.50343686e-01  4.50343686e-01  4.50343686e-01 
 3.04521750e-03  7.52803032e-01  4.48771811e-01  4.48771811e-01  4.48771811e-01  4.48771811e-01 
 3.04621750e-03  7.52863289e-01  4.47217780e-01  4.47217780e-01  4.47217780e-01  4.47217780e-01 
 3.04721750e-03  7.52923433e-01  4.45681527e-01  4.45681527e-01  4.45681527e-01  4.45681527e-01 
 3.04821750e-03  7.52983462e-01  4.44162977e-01  4.44162977e-01  4.44162977e-01  4.44162977e-01 
 3.04921750e-03  7.53043373e-01  4.42662050e-01  4.42662050e-01  4.42662050e-01  4.42662050e-01 
 3.05021750e-03  7.53103164e-01  4.41178659e-01  4.41178659e-01  4.41178659e-01  4.41178659e-01 
 3.05121750e-03  7.53162833e-01  4.39712712e-01  4.39712712e-01  4.39712712e-01  4.39712712e-01 
 3.05221750e-03  7.53222376e-01  4.38264109e-01  4.38264109e-01  4.38264109e-01  4.38264109e-01 
 3.05321750e-03  7.53281792e-01  4.36832745e-01  4.36832745e-01  4.36832745e-01  4.36832745e-01 
 3.05421750e-03  7.53341079e-01  4.35418510e-01  4.35418510e-01  4.35418510e-01  4.35418510e-01 
 3.05521750e-03  7.53400234e-01  4.34021287e-01  4.34021287e-01  4.34021287e-01  4.34021287e-01 
 3.05621750e-03  7.53459255e-01  4.32640955e-01  4.32640955e-01  4.32640955e-01  4.32640955e-01 
 3.05721750e-03  7.53518139e-01  4.31277389e-01  4.31277389e-01  4.31277389e-01  4.31277389e-01 
 3.05821750e-03  7.53576884e-01  4.29930458e-01  4.29930458e-01  4.29930458e-01  4.29930458e-01 
 3.05921750e-03  7.53635488e-01  4.28600029e-01  4.28600029e-01  4.28600029e-01  4.28600029e-01 
 3.06021750e-03  7.53693948e-01  4.27285963e-01  4.27285963e-01  4.27285963e-01  4.27285963e-01 
 3.06121750e-03  7.53752263e-01  4.25988117e-01  4.25988117e-01  4.25988117e-01  4.25988117e-01 
 3.06221750e-03  7.53810429e-01  4.24706347e-01  4.24706347e-01  4.24706347e-01  4.24706347e-01 
 3.06321750e-03  7.53868445e-01  4.23440503e-01  4.23440503e-01  4.23440503e-01  4.23440503e-01 
 3.06421750e-03  7.53926309e-01  4.22190435e-01  4.22190435e-01  4.22190435e-01  4.22190435e-01 
 3.06521750e-03  7.53984017e-01  4.20955988e-01  4.20955988e-01  4.20955988e-01  4.20955988e-01 
 3.06621750e-03  7.54041568e-01  4.19737006e-01  4.19737006e-01  4.19737006e-01  4.19737006e-01 
 3.06721750e-03  7.54098960e-01  4.18533331e-01  4.18533331e-01  4.18533331e-01  4.18533331e-01 
 3.06821750e-03  7.54156189e-01  4.17344803e-01  4.17344803e-01  4.17344803e-01  4.17344803e-01 
 3.06921750e-03  7.54213255e-01  4.16171259e-01  4.16171259e-01  4.16171259e-01  4.16171259e-01 
 3.07021750e-03  7.54270154e-01  4.15012536e-01  4.15012536e-01  4.15012536e-01  4.15012536e-01 
 3.07121750e-03  7.54326885e-01  4.13868470e-01  4.13868470e-01  4.13868470e-01  4.13868470e-01 
 3.07221750e-03  7.54383445e-01  4.12738896e-01  4.12738896e-01  4.12738896e-01  4.12738896e-01 
 3.07321750e-03  7.54439832e-01  4.11623648e-01  4.11623648e-01  4.11623648e-01  4.11623648e-01 
 3.07421750e-03  7.54496043e-01  4.10522559e-01  4.10522559e-01  4.10522559e-01  4.10522559e-01 
 3.07521750e-03  7.54552077e-01  4.09435463e-01  4.09435463e-01  4.09435463e-01  4.09435463e-01 
 3.07621750e-03  7.54607932e-01  4.08362192e-01  4.08362192e-01  4.08362192e-01  4.08362192e-01 
 3.07721750e-03  7.54663604e-01  4.07302580e-01  4.07302580e-01  4.07302580e-01  4.07302580e-01 
 3.07821750e-03  7.54719092e-01  4.06256459e-01  4.06256459e-01  4.06256459e-01  4.06256459e-01 
 3.07921750e-03  7.54774394e-01  4.05223664e-01  4.05223664e-01  4.05223664e-01  4.05223664e-01 
 3.08021750e-03  7.54829508e-01  4.04204029e-01  4.04204029e-01  4.04204029e-01  4.04204029e-01 
 3.08034250e-03  7.54836384e-01  4.04077511e-01  4.04077511e-01  4.04077511e-01  4.04077511e-01 
 3.08059250e-03  7.54850126e-01  4.03825031e-01  4.03825031e-01  4.03825031e-01  4.03825031e-01 
 3.08109250e-03  7.54877576e-01  4.03322514e-01  4.03322514e-01  4.03322514e-01  4.03322514e-01 
 3.08209250e-03  7.54932330e-01  4.02327107e-01  4.02327107e-01  4.02327107e-01  4.02327107e-01 
 3.08309250e-03  7.54986890e-01  4.01344388e-01  4.01344388e-01  4.01344388e-01  4.01344388e-01 
 3.08409250e-03  7.55041252e-01  4.00374193e-01  4.00374193e-01  4.00374193e-01  4.00374193e-01 
 3.08509250e-03  7.55095416e-01  3.99416360e-01  3.99416360e-01  3.99416360e-01  3.99416360e-01 
 3.08609250e-03  7.55149378e-01  3.98470730e-01  3.98470730e-01  3.98470730e-01  3.98470730e-01 
 3.08709250e-03  7.55203138e-01  3.97537143e-01  3.97537143e-01  3.97537143e-01  3.97537143e-01 
 3.08809250e-03  7.55256691e-01  3.96615442e-01  3.96615442e-01  3.96615442e-01  3.96615442e-01 
 3.08909250e-03  7.55310038e-01  3.95705470e-01  3.95705470e-01  3.95705470e-01  3.95705470e-01 
 3.09009250e-03  7.55363174e-01  3.94807073e-01  3.94807073e-01  3.94807073e-01  3.94807073e-01 
 3.09109250e-03  7.55416099e-01  3.93920098e-01  3.93920098e-01  3.93920098e-01  3.93920098e-01 
 3.09209250e-03  7.55468810e-01  3.93044393e-01  3.93044393e-01  3.93044393e-01  3.93044393e-01 
 3.09309250e-03  7.55521305e-01  3.92179810e-01  3.92179810e-01  3.92179810e-01  3.92179810e-01 
 3.09409250e-03  7.55573583e-01  3.91326199e-01  3.91326199e-01  3.91326199e-01  3.91326199e-01 
 3.09509250e-03  7.55625640e-01  3.90483415e-01  3.90483415e-01  3.90483415e-01  3.90483415e-01 
 3.09609250e-03  7.55677475e-01  3.89651314e-01  3.89651314e-01  3.89651314e-01  3.89651314e-01 
 3.09709250e-03  7.55729086e-01  3.88829754e-01  3.88829754e-01  3.88829754e-01  3.88829754e-01 
 3.09809250e-03  7.55780471e-01  3.88018594e-01  3.88018594e-01  3.88018594e-01  3.88018594e-01 
 3.09909250e-03  7.55831627e-01  3.87217696e-01  3.87217696e-01  3.87217696e-01  3.87217696e-01 
 3.10009250e-03  7.55882553e-01  3.86426923e-01  3.86426923e-01  3.86426923e-01  3.86426923e-01 
 3.10109250e-03  7.55933248e-01  3.85646141e-01  3.85646141e-01  3.85646141e-01  3.85646141e-01 
 3.10209250e-03  7.55983707e-01  3.84875217e-01  3.84875217e-01  3.84875217e-01  3.84875217e-01 
 3.10309250e-03  7.56033931e-01  3.84114022e-01  3.84114022e-01  3.84114022e-01  3.84114022e-01 
 3.10409250e-03  7.56083917e-01  3.83362426e-01  3.83362426e-01  3.83362426e-01  3.83362426e-01 
 3.10509250e-03  7.56133662e-01  3.82620303e-01  3.82620303e-01  3.82620303e-01  3.82620303e-01 
 3.10609250e-03  7.56183165e-01  3.81887528e-01  3.81887528e-01  3.81887528e-01  3.81887528e-01 
 3.10709250e-03  7.56232424e-01  3.81163979e-01  3.81163979e-01  3.81163979e-01  3.81163979e-01 
 3.10809250e-03  7.56281437e-01  3.80449536e-01  3.80449536e-01  3.80449536e-01  3.80449536e-01 
 3.10909250e-03  7.56330202e-01  3.79744081e-01  3.79744081e-01  3.79744081e-01  3.79744081e-01 
 3.11009250e-03  7.56378717e-01  3.79047496e-01  3.79047496e-01  3.79047496e-01  3.79047496e-01 
 3.11109250e-03  7.56426980e-01  3.78359667e-01  3.78359667e-01  3.78359667e-01  3.78359667e-01 
 3.11209250e-03  7.56474990e-01  3.77680482e-01  3.77680482e-01  3.77680482e-01  3.77680482e-01 
 3.11309250e-03  7.56522744e-01  3.77009830e-01  3.77009830e-01  3.77009830e-01  3.77009830e-01 
 3.11409250e-03  7.56570240e-01  3.76347603e-01  3.76347603e-01  3.76347603e-01  3.76347603e-01 
 3.11509250e-03  7.56617477e-01  3.75693693e-01  3.75693693e-01  3.75693693e-01  3.75693693e-01 
 3.11609250e-03  7.56664453e-01  3.75047996e-01  3.75047996e-01  3.75047996e-01  3.75047996e-01 
 3.11709250e-03  7.56711166e-01  3.74410410e-01  3.74410410e-01  3.74410410e-01  3.74410410e-01 
 3.11809250e-03  7.56757613e-01  3.73780832e-01  3.73780832e-01  3.73780832e-01  3.73780832e-01 
 3.11909250e-03  7.56803794e-01  3.73159165e-01  3.73159165e-01  3.73159165e-01  3.73159165e-01 
 3.12009250e-03  7.56849707e-01  3.72545309e-01  3.72545309e-01  3.72545309e-01  3.72545309e-01 
 3.12109250e-03  7.56895349e-01  3.71939171e-01  3.71939171e-01  3.71939171e-01  3.71939171e-01 
 3.12209250e-03  7.56940718e-01  3.71340655e-01  3.71340655e-01  3.71340655e-01  3.71340655e-01 
 3.12309250e-03  7.56985814e-01  3.70749670e-01  3.70749670e-01  3.70749670e-01  3.70749670e-01 
 3.12409250e-03  7.57030634e-01  3.70166126e-01  3.70166126e-01  3.70166126e-01  3.70166126e-01 
 3.12509250e-03  7.57075176e-01  3.69589933e-01  3.69589933e-01  3.69589933e-01  3.69589933e-01 
 3.12609250e-03  7.57119439e-01  3.69021006e-01  3.69021006e-01  3.69021006e-01  3.69021006e-01 
 3.12709250e-03  7.57163421e-01  3.68459258e-01  3.68459258e-01  3.68459258e-01  3.68459258e-01 
 3.12809250e-03  7.57207121e-01  3.67904606e-01  3.67904606e-01  3.67904606e-01  3.67904606e-01 
 3.12909250e-03  7.57250535e-01  3.67356967e-01  3.67356967e-01  3.67356967e-01  3.67356967e-01 
 3.13009250e-03  7.57293664e-01  3.66816262e-01  3.66816262e-01  3.66816262e-01  3.66816262e-01 
 3.13109250e-03  7.57336504e-01  3.66282411e-01  3.66282411e-01  3.66282411e-01  3.66282411e-01 
 3.13209250e-03  7.57379055e-01  3.65755338e-01  3.65755338e-01  3.65755338e-01  3.65755338e-01 
 3.13309250e-03  7.57421314e-01  3.65234965e-01  3.65234965e-01  3.65234965e-01  3.65234965e-01 
 3.13409250e-03  7.57463281e-01  3.64721218e-01  3.64721218e-01  3.64721218e-01  3.64721218e-01 
 3.13509250e-03  7.57504953e-01  3.64214026e-01  3.64214026e-01  3.64214026e-01  3.64214026e-01 
 3.13609250e-03  7.57546329e-01  3.63713315e-01  3.63713315e-01  3.63713315e-01  3.63713315e-01 
 3.13709250e-03  7.57587406e-01  3.63219016e-01  3.63219016e-01  3.63219016e-01  3.63219016e-01 
 3.13809250e-03  7.57628184e-01  3.62731061e-01  3.62731061e-01  3.62731061e-01  3.62731061e-01 
 3.13909250e-03  7.57668662e-01  3.62249381e-01  3.62249381e-01  3.62249381e-01  3.62249381e-01 
 3.14009250e-03  7.57708836e-01  3.61773911e-01  3.61773911e-01  3.61773911e-01  3.61773911e-01 
 3.14109250e-03  7.57748706e-01  3.61304585e-01  3.61304585e-01  3.61304585e-01  3.61304585e-01 
 3.14209250e-03  7.57788270e-01  3.60841341e-01  3.60841341e-01  3.60841341e-01  3.60841341e-01 
 3.14309250e-03  7.57827526e-01  3.60384117e-01  3.60384117e-01  3.60384117e-01  3.60384117e-01 
 3.14409250e-03  7.57866474e-01  3.59932850e-01  3.59932850e-01  3.59932850e-01  3.59932850e-01 
 3.14509250e-03  7.57905111e-01  3.59487482e-01  3.59487482e-01  3.59487482e-01  3.59487482e-01 
 3.14609250e-03  7.57943436e-01  3.59047953e-01  3.59047953e-01  3.59047953e-01  3.59047953e-01 
 3.14709250e-03  7.57981447e-01  3.58614208e-01  3.58614208e-01  3.58614208e-01  3.58614208e-01 
 3.14809250e-03  7.58019143e-01  3.58186188e-01  3.58186188e-01  3.58186188e-01  3.58186188e-01 
 3.14909250e-03  7.58056523e-01  3.57763840e-01  3.57763840e-01  3.57763840e-01  3.57763840e-01 
 3.15009250e-03  7.58093585e-01  3.57347108e-01  3.57347108e-01  3.57347108e-01  3.57347108e-01 
 3.15109250e-03  7.58130327e-01  3.56935941e-01  3.56935941e-01  3.56935941e-01  3.56935941e-01 
 3.15209250e-03  7.58166748e-01  3.56530286e-01  3.56530286e-01  3.56530286e-01  3.56530286e-01 
 3.15309250e-03  7.58202847e-01  3.56130093e-01  3.56130093e-01  3.56130093e-01  3.56130093e-01 
 3.15409250e-03  7.58238622e-01  3.55735311e-01  3.55735311e-01  3.55735311e-01  3.55735311e-01 
 3.15509250e-03  7.58274071e-01  3.55345893e-01  3.55345893e-01  3.55345893e-01  3.55345893e-01 
 3.15609250e-03  7.58309194e-01  3.54961789e-01  3.54961789e-01  3.54961789e-01  3.54961789e-01 
 3.15709250e-03  7.58343989e-01  3.54582954e-01  3.54582954e-01  3.54582954e-01  3.54582954e-01 
 3.15809250e-03  7.58378455e-01  3.54209342e-01  3.54209342e-01  3.54209342e-01  3.54209342e-01 
 3.15909250e-03  7.58412589e-01  3.53840907e-01  3.53840907e-01  3.53840907e-01  3.53840907e-01 
 3.16009250e-03  7.58446392e-01  3.53477606e-01  3.53477606e-01  3.53477606e-01  3.53477606e-01 
 3.16109250e-03  7.58479861e-01  3.53119395e-01  3.53119395e-01  3.53119395e-01  3.53119395e-01 
 3.16209250e-03  7.58512996e-01  3.52766233e-01  3.52766233e-01  3.52766233e-01  3.52766233e-01 
 3.16309250e-03  7.58545794e-01  3.52418078e-01  3.52418078e-01  3.52418078e-01  3.52418078e-01 
 3.16409250e-03  7.58578255e-01  3.52074889e-01  3.52074889e-01  3.52074889e-01  3.52074889e-01 
 3.16509250e-03  7.58610377e-01  3.51736627e-01  3.51736627e-01  3.51736627e-01  3.51736627e-01 
 3.16609250e-03  7.58642160e-01  3.51403253e-01  3.51403253e-01  3.51403253e-01  3.51403253e-01 
 3.16709250e-03  7.58673601e-01  3.51074729e-01  3.51074729e-01  3.51074729e-01  3.51074729e-01 
 3.16809250e-03  7.58704700e-01  3.50751018e-01  3.50751018e-01  3.50751018e-01  3.50751018e-01 
 3.16909250e-03  7.58735455e-01  3.50432083e-01  3.50432083e-01  3.50432083e-01  3.50432083e-01 
 3.17009250e-03  7.58765865e-01  3.50117889e-01  3.50117889e-01  3.50117889e-01  3.50117889e-01 
 3.17109250e-03  7.58795929e-01  3.49808400e-01  3.49808400e-01  3.49808400e-01  3.49808400e-01 
 3.17209250e-03  7.58825646e-01  3.49503051e-01  3.49503051e-01  3.49503051e-01  3.49503051e-01 
 3.17309250e-03  7.58855015e-01  3.49203386e-01  3.49203386e-01  3.49203386e-01  3.49203386e-01 
 3.17409250e-03  7.58884034e-01  3.48907332e-01  3.48907332e-01  3.48907332e-01  3.48907332e-01 
 3.17509250e-03  7.58912702e-01  3.48616811e-01  3.48616811e-01  3.48616811e-01  3.48616811e-01 
 3.17609250e-03  7.58941019e-01  3.48329900e-01  3.48329900e-01  3.48329900e-01  3.48329900e-01 
 3.17709250e-03  7.58968982e-01  3.48048402e-01  3.48048402e-01  3.48048402e-01  3.48048402e-01 
 3.17809250e-03  7.58996591e-01  3.47770510e-01  3.47770510e-01  3.47770510e-01  3.47770510e-01 
 3.17909250e-03  7.59023846e-01  3.47497917e-01  3.47497917e-01  3.47497917e-01  3.47497917e-01 
 3.18009250e-03  7.59050744e-01  3.47229338e-01  3.47229338e-01  3.47229338e-01  3.47229338e-01 
 3.18109250e-03  7.59077284e-01  3.46965134e-01  3.46965134e-01  3.46965134e-01  3.46965134e-01 
 3.18209250e-03  7.59103466e-01  3.46705300e-01  3.46705300e-01  3.46705300e-01  3.46705300e-01 
 3.18309250e-03  7.59129289e-01  3.46449431e-01  3.46449431e-01  3.46449431e-01  3.46449431e-01 
 3.18409250e-03  7.59154752e-01  3.46198613e-01  3.46198613e-01  3.46198613e-01  3.46198613e-01 
 3.18509250e-03  7.59179853e-01  3.45951383e-01  3.45951383e-01  3.45951383e-01  3.45951383e-01 
 3.18609250e-03  7.59204592e-01  3.45708751e-01  3.45708751e-01  3.45708751e-01  3.45708751e-01 
 3.18709250e-03  7.59228967e-01  3.45470372e-01  3.45470372e-01  3.45470372e-01  3.45470372e-01 
 3.18809250e-03  7.59252978e-01  3.45236203e-01  3.45236203e-01  3.45236203e-01  3.45236203e-01 
 3.18909250e-03  7.59276623e-01  3.45006527e-01  3.45006527e-01  3.45006527e-01  3.45006527e-01 
 3.19009250e-03  7.59299903e-01  3.44780713e-01  3.44780713e-01  3.44780713e-01  3.44780713e-01 
 3.19109250e-03  7.59322815e-01  3.44559032e-01  3.44559032e-01  3.44559032e-01  3.44559032e-01 
 3.19209250e-03  7.59345359e-01  3.44341203e-01  3.44341203e-01  3.44341203e-01  3.44341203e-01 
 3.19309250e-03  7.59367535e-01  3.44127750e-01  3.44127750e-01  3.44127750e-01  3.44127750e-01 
 3.19409250e-03  7.59389340e-01  3.43918638e-01  3.43918638e-01  3.43918638e-01  3.43918638e-01 
 3.19509250e-03  7.59410775e-01  3.43713330e-01  3.43713330e-01  3.43713330e-01  3.43713330e-01 
 3.19609250e-03  7.59431838e-01  3.43512052e-01  3.43512052e-01  3.43512052e-01  3.43512052e-01 
 3.19709250e-03  7.59452529e-01  3.43314572e-01  3.43314572e-01  3.43314572e-01  3.43314572e-01 
 3.19809250e-03  7.59472847e-01  3.43121534e-01  3.43121534e-01  3.43121534e-01  3.43121534e-01 
 3.19909250e-03  7.59492791e-01  3.42932063e-01  3.42932063e-01  3.42932063e-01  3.42932063e-01 
 3.20009250e-03  7.59512360e-01  3.42746756e-01  3.42746756e-01  3.42746756e-01  3.42746756e-01 
 3.20109250e-03  7.59531553e-01  3.42565405e-01  3.42565405e-01  3.42565405e-01  3.42565405e-01 
 3.20209250e-03  7.59550370e-01  3.42387981e-01  3.42387981e-01  3.42387981e-01  3.42387981e-01 
 3.20309250e-03  7.59568810e-01  3.42214470e-01  3.42214470e-01  3.42214470e-01  3.42214470e-01 
 3.20409250e-03  7.59586873e-01  3.42044855e-01  3.42044855e-01  3.42044855e-01  3.42044855e-01 
 3.20509250e-03  7.59604557e-01  3.41879121e-01  3.41879121e-01  3.41879121e-01  3.41879121e-01 
 3.20609250e-03  7.59621861e-01  3.41717251e-01  3.41717251e-01  3.41717251e-01  3.41717251e-01 
 3.20709250e-03  7.59638786e-01  3.41559375e-01  3.41559375e-01  3.41559375e-01  3.41559375e-01 
 3.20809250e-03  7.59655331e-01  3.41405051e-01  3.41405051e-01  3.41405051e-01  3.41405051e-01 
 3.20909250e-03  7.59671494e-01  3.41254813e-01  3.41254813e-01  3.41254813e-01  3.41254813e-01 
 3.21009250e-03  7.59687275e-01  3.41108131e-01  3.41108131e-01  3.41108131e-01  3.41108131e-01 
 3.21109250e-03  7.59702674e-01  3.40965481e-01  3.40965481e-01  3.40965481e-01  3.40965481e-01 
 3.21209250e-03  7.59717690e-01  3.40826497e-01  3.40826497e-01  3.40826497e-01  3.40826497e-01 
 3.21309250e-03  7.59732322e-01  3.40691171e-01  3.40691171e-01  3.40691171e-01  3.40691171e-01 
 3.21409250e-03  7.59746571e-01  3.40559808e-01  3.40559808e-01  3.40559808e-01  3.40559808e-01 
 3.21509250e-03  7.59760434e-01  3.40431998e-01  3.40431998e-01  3.40431998e-01  3.40431998e-01 
 3.21609250e-03  7.59773912e-01  3.40308012e-01  3.40308012e-01  3.40308012e-01  3.40308012e-01 
 3.21709250e-03  7.59787004e-01  3.40187751e-01  3.40187751e-01  3.40187751e-01  3.40187751e-01 
 3.21809250e-03  7.59799710e-01  3.40071200e-01  3.40071200e-01  3.40071200e-01  3.40071200e-01 
 3.21909250e-03  7.59812028e-01  3.39958348e-01  3.39958348e-01  3.39958348e-01  3.39958348e-01 
 3.22009250e-03  7.59823960e-01  3.39849187e-01  3.39849187e-01  3.39849187e-01  3.39849187e-01 
 3.22109250e-03  7.59835504e-01  3.39743705e-01  3.39743705e-01  3.39743705e-01  3.39743705e-01 
 3.22209250e-03  7.59846659e-01  3.39641894e-01  3.39641894e-01  3.39641894e-01  3.39641894e-01 
 3.22309250e-03  7.59857426e-01  3.39543801e-01  3.39543801e-01  3.39543801e-01  3.39543801e-01 
 3.22409250e-03  7.59867803e-01  3.39449302e-01  3.39449302e-01  3.39449302e-01  3.39449302e-01 
 3.22509250e-03  7.59877791e-01  3.39358398e-01  3.39358398e-01  3.39358398e-01  3.39358398e-01 
 3.22609250e-03  7.59887389e-01  3.39271182e-01  3.39271182e-01  3.39271182e-01  3.39271182e-01 
 3.22709250e-03  7.59896596e-01  3.39187596e-01  3.39187596e-01  3.39187596e-01  3.39187596e-01 
 3.22809250e-03  7.59905413e-01  3.39107631e-01  3.39107631e-01  3.39107631e-01  3.39107631e-01 
 3.22909250e-03  7.59913839e-01  3.39031315e-01  3.39031315e-01  3.39031315e-01  3.39031315e-01 
 3.23009250e-03  7.59921874e-01  3.38958571e-01  3.38958571e-01  3.38958571e-01  3.38958571e-01 
 3.23109250e-03  7.59929517e-01  3.38889400e-01  3.38889400e-01  3.38889400e-01  3.38889400e-01 
 3.23209250e-03  7.59936767e-01  3.38823854e-01  3.38823854e-01  3.38823854e-01  3.38823854e-01 
 3.23309250e-03  7.59943626e-01  3.38761900e-01  3.38761900e-01  3.38761900e-01  3.38761900e-01 
 3.23409250e-03  7.59950092e-01  3.38703529e-01  3.38703529e-01  3.38703529e-01  3.38703529e-01 
 3.23509250e-03  7.59956165e-01  3.38648739e-01  3.38648739e-01  3.38648739e-01  3.38648739e-01 
 3.23609250e-03  7.59961845e-01  3.38597522e-01  3.38597522e-01  3.38597522e-01  3.38597522e-01 
 3.23709250e-03  7.59967132e-01  3.38549876e-01  3.38549876e-01  3.38549876e-01  3.38549876e-01 
 3.23809250e-03  7.59972025e-01  3.38505797e-01  3.38505797e-01  3.38505797e-01  3.38505797e-01 
 3.23909250e-03  7.59976525e-01  3.38465279e-01  3.38465279e-01  3.38465279e-01  3.38465279e-01 
 3.24009250e-03  7.59980631e-01  3.38428321e-01  3.38428321e-01  3.38428321e-01  3.38428321e-01 
 3.24109250e-03  7.59984342e-01  3.38394918e-01  3.38394918e-01  3.38394918e-01  3.38394918e-01 
 3.24209250e-03  7.59987660e-01  3.38365073e-01  3.38365073e-01  3.38365073e-01  3.38365073e-01 
 3.24309250e-03  7.59990583e-01  3.38338768e-01  3.38338768e-01  3.38338768e-01  3.38338768e-01 
 3.24409250e-03  7.59993112e-01  3.38316016e-01  3.38316016e-01  3.38316016e-01  3.38316016e-01 
 3.24509250e-03  7.59995246e-01  3.38296811e-01  3.38296811e-01  3.38296811e-01  3.38296811e-01 
 3.24609250e-03  7.59996986e-01  3.38281149e-01  3.38281149e-01  3.38281149e-01  3.38281149e-01 
 3.24709250e-03  7.59998331e-01  3.38269031e-01  3.38269031e-01  3.38269031e-01  3.38269031e-01 
 3.24809250e-03  7.59999282e-01  3.38260455e-01  3.38260455e-01  3.38260455e-01  3.38260455e-01 
 3.24909250e-03  7.59999837e-01  3.38255419e-01  3.38255419e-01  3.38255419e-01  3.38255419e-01 
 3.25009250e-03  7.59999998e-01  3.38253925e-01  3.38253925e-01  3.38253925e-01  3.38253925e-01 
 3.25109250e-03  7.59999764e-01  3.38255971e-01  3.38255971e-01  3.38255971e-01  3.38255971e-01 
 3.25209250e-03  7.59999136e-01  3.38261558e-01  3.38261558e-01  3.38261558e-01  3.38261558e-01 
 3.25309250e-03  7.59998112e-01  3.38270687e-01  3.38270687e-01  3.38270687e-01  3.38270687e-01 
 3.25409250e-03  7.59996694e-01  3.38283357e-01  3.38283357e-01  3.38283357e-01  3.38283357e-01 
 3.25509250e-03  7.59994881e-01  3.38299570e-01  3.38299570e-01  3.38299570e-01  3.38299570e-01 
 3.25609250e-03  7.59992674e-01  3.38319329e-01  3.38319329e-01  3.38319329e-01  3.38319329e-01 
 3.25709250e-03  7.59990072e-01  3.38342633e-01  3.38342633e-01  3.38342633e-01  3.38342633e-01 
 3.25809250e-03  7.59987076e-01  3.38369486e-01  3.38369486e-01  3.38369486e-01  3.38369486e-01 
 3.25909250e-03  7.59983685e-01  3.38399889e-01  3.38399889e-01  3.38399889e-01  3.38399889e-01 
 3.26009250e-03  7.59979901e-01  3.38433845e-01  3.38433845e-01  3.38433845e-01  3.38433845e-01 
 3.26109250e-03  7.59975722e-01  3.38471357e-01  3.38471357e-01  3.38471357e-01  3.38471357e-01 
 3.26209250e-03  7.59971150e-01  3.38512429e-01  3.38512429e-01  3.38512429e-01  3.38512429e-01 
 3.26309250e-03  7.59966183e-01  3.38557074e-01  3.38557074e-01  3.38557074e-01  3.38557074e-01 
 3.26409250e-03  7.59960824e-01  3.38605264e-01  3.38605264e-01  3.38605264e-01  3.38605264e-01 
 3.26509250e-03  7.59955071e-01  3.38657051e-01  3.38657051e-01  3.38657051e-01  3.38657051e-01 
 3.26609250e-03  7.59948925e-01  3.38712401e-01  3.38712401e-01  3.38712401e-01  3.38712401e-01 
 3.26709250e-03  7.59942387e-01  3.38771330e-01  3.38771330e-01  3.38771330e-01  3.38771330e-01 
 3.26809250e-03  7.59935456e-01  3.38833822e-01  3.38833822e-01  3.38833822e-01  3.38833822e-01 
 3.26909250e-03  7.59928132e-01  3.38899924e-01  3.38899924e-01  3.38899924e-01  3.38899924e-01 
 3.27009250e-03  7.59920417e-01  3.38969623e-01  3.38969623e-01  3.38969623e-01  3.38969623e-01 
 3.27109250e-03  7.59912310e-01  3.39042925e-01  3.39042925e-01  3.39042925e-01  3.39042925e-01 
 3.27209250e-03  7.59903812e-01  3.39119835e-01  3.39119835e-01  3.39119835e-01  3.39119835e-01 
 3.27309250e-03  7.59894923e-01  3.39200360e-01  3.39200360e-01  3.39200360e-01  3.39200360e-01 
 3.27409250e-03  7.59885643e-01  3.39284508e-01  3.39284508e-01  3.39284508e-01  3.39284508e-01 
 3.27509250e-03  7.59875973e-01  3.39372286e-01  3.39372286e-01  3.39372286e-01  3.39372286e-01 
 3.27609250e-03  7.59865913e-01  3.39463701e-01  3.39463701e-01  3.39463701e-01  3.39463701e-01 
 3.27709250e-03  7.59855463e-01  3.39558762e-01  3.39558762e-01  3.39558762e-01  3.39558762e-01 
 3.27809250e-03  7.59844624e-01  3.39657476e-01  3.39657476e-01  3.39657476e-01  3.39657476e-01 
 3.27909250e-03  7.59833397e-01  3.39759854e-01  3.39759854e-01  3.39759854e-01  3.39759854e-01 
 3.28009250e-03  7.59821782e-01  3.39865903e-01  3.39865903e-01  3.39865903e-01  3.39865903e-01 
 3.28109250e-03  7.59809779e-01  3.39975633e-01  3.39975633e-01  3.39975633e-01  3.39975633e-01 
 3.28209250e-03  7.59797388e-01  3.40089054e-01  3.40089054e-01  3.40089054e-01  3.40089054e-01 
 3.28309250e-03  7.59784611e-01  3.40206177e-01  3.40206177e-01  3.40206177e-01  3.40206177e-01 
 3.28409250e-03  7.59771447e-01  3.40327010e-01  3.40327010e-01  3.40327010e-01  3.40327010e-01 
 3.28509250e-03  7.59757898e-01  3.40451566e-01  3.40451566e-01  3.40451566e-01  3.40451566e-01 
 3.28609250e-03  7.59743964e-01  3.40579951e-01  3.40579951e-01  3.40579951e-01  3.40579951e-01 
 3.28709250e-03  7.59729644e-01  3.40711893e-01  3.40711893e-01  3.40711893e-01  3.40711893e-01 
 3.28809250e-03  7.59714941e-01  3.40847788e-01  3.40847788e-01  3.40847788e-01  3.40847788e-01 
 3.28909250e-03  7.59699854e-01  3.40987247e-01  3.40987247e-01  3.40987247e-01  3.40987247e-01 
 3.29009250e-03  7.59684385e-01  3.41130586e-01  3.41130586e-01  3.41130586e-01  3.41130586e-01 
 3.29109250e-03  7.59668533e-01  3.41277725e-01  3.41277725e-01  3.41277725e-01  3.41277725e-01 
 3.29209250e-03  7.59652299e-01  3.41428672e-01  3.41428672e-01  3.41428672e-01  3.41428672e-01 
 3.29309250e-03  7.59635684e-01  3.41583442e-01  3.41583442e-01  3.41583442e-01  3.41583442e-01 
 3.29409250e-03  7.59618689e-01  3.41742048e-01  3.41742048e-01  3.41742048e-01  3.41742048e-01 
 3.29509250e-03  7.59601314e-01  3.41904506e-01  3.41904506e-01  3.41904506e-01  3.41904506e-01 
 3.29609250e-03  7.59583560e-01  3.42070831e-01  3.42070831e-01  3.42070831e-01  3.42070831e-01 
 3.29709250e-03  7.59565427e-01  3.42241038e-01  3.42241038e-01  3.42241038e-01  3.42241038e-01 
 3.29809250e-03  7.59546917e-01  3.42415142e-01  3.42415142e-01  3.42415142e-01  3.42415142e-01 
 3.29909250e-03  7.59528031e-01  3.42593344e-01  3.42593344e-01  3.42593344e-01  3.42593344e-01 
 3.30009250e-03  7.59508768e-01  3.42775118e-01  3.42775118e-01  3.42775118e-01  3.42775118e-01 
 3.30109250e-03  7.59489129e-01  3.42961010e-01  3.42961010e-01  3.42961010e-01  3.42961010e-01 
 3.30209250e-03  7.59469116e-01  3.43150877e-01  3.43150877e-01  3.43150877e-01  3.43150877e-01 
 3.30309250e-03  7.59448729e-01  3.43344943e-01  3.43344943e-01  3.43344943e-01  3.43344943e-01 
 3.30409250e-03  7.59427969e-01  3.43542586e-01  3.43542586e-01  3.43542586e-01  3.43542586e-01 
 3.30509250e-03  7.59406837e-01  3.43744452e-01  3.43744452e-01  3.43744452e-01  3.43744452e-01 
 3.30609250e-03  7.59385334e-01  3.43950369e-01  3.43950369e-01  3.43950369e-01  3.43950369e-01 
 3.30709250e-03  7.59363460e-01  3.44160347e-01  3.44160347e-01  3.44160347e-01  3.44160347e-01 
 3.30809250e-03  7.59341216e-01  3.44374407e-01  3.44374407e-01  3.44374407e-01  3.44374407e-01 
 3.30909250e-03  7.59318604e-01  3.44592570e-01  3.44592570e-01  3.44592570e-01  3.44592570e-01 
 3.31009250e-03  7.59295624e-01  3.44814858e-01  3.44814858e-01  3.44814858e-01  3.44814858e-01 
 3.31109250e-03  7.59272277e-01  3.45041292e-01  3.45041292e-01  3.45041292e-01  3.45041292e-01 
 3.31209250e-03  7.59248563e-01  3.45272201e-01  3.45272201e-01  3.45272201e-01  3.45272201e-01 
 3.31309250e-03  7.59224485e-01  3.45506701e-01  3.45506701e-01  3.45506701e-01  3.45506701e-01 
 3.31409250e-03  7.59200042e-01  3.45746029e-01  3.45746029e-01  3.45746029e-01  3.45746029e-01 
 3.31509250e-03  7.59175237e-01  3.45989304e-01  3.45989304e-01  3.45989304e-01  3.45989304e-01 
 3.31609250e-03  7.59150069e-01  3.46236479e-01  3.46236479e-01  3.46236479e-01  3.46236479e-01 
 3.31709250e-03  7.59124539e-01  3.46488274e-01  3.46488274e-01  3.46488274e-01  3.46488274e-01 
 3.31809250e-03  7.59098650e-01  3.46744775e-01  3.46744775e-01  3.46744775e-01  3.46744775e-01 
 3.31909250e-03  7.59072401e-01  3.47005264e-01  3.47005264e-01  3.47005264e-01  3.47005264e-01 
 3.32009250e-03  7.59045794e-01  3.47269707e-01  3.47269707e-01  3.47269707e-01  3.47269707e-01 
 3.32109250e-03  7.59018830e-01  3.47538924e-01  3.47538924e-01  3.47538924e-01  3.47538924e-01 
 3.32209250e-03  7.58991511e-01  3.47812582e-01  3.47812582e-01  3.47812582e-01  3.47812582e-01 
 3.32309250e-03  7.58963836e-01  3.48091135e-01  3.48091135e-01  3.48091135e-01  3.48091135e-01 
 3.32409250e-03  7.58935807e-01  3.48373757e-01  3.48373757e-01  3.48373757e-01  3.48373757e-01 
 3.32509250e-03  7.58907425e-01  3.48660876e-01  3.48660876e-01  3.48660876e-01  3.48660876e-01 
 3.32609250e-03  7.58878692e-01  3.48952542e-01  3.48952542e-01  3.48952542e-01  3.48952542e-01 
 3.32709250e-03  7.58849608e-01  3.49248785e-01  3.49248785e-01  3.49248785e-01  3.49248785e-01 
 3.32809250e-03  7.58820175e-01  3.49549636e-01  3.49549636e-01  3.49549636e-01  3.49549636e-01 
 3.32909250e-03  7.58790394e-01  3.49854597e-01  3.49854597e-01  3.49854597e-01  3.49854597e-01 
 3.33009250e-03  7.58760265e-01  3.50165279e-01  3.50165279e-01  3.50165279e-01  3.50165279e-01 
 3.33109250e-03  7.58729791e-01  3.50480177e-01  3.50480177e-01  3.50480177e-01  3.50480177e-01 
 3.33209250e-03  7.58698972e-01  3.50799213e-01  3.50799213e-01  3.50799213e-01  3.50799213e-01 
 3.33309250e-03  7.58667810e-01  3.51124176e-01  3.51124176e-01  3.51124176e-01  3.51124176e-01 
 3.33409250e-03  7.58636306e-01  3.51453416e-01  3.51453416e-01  3.51453416e-01  3.51453416e-01 
 3.33509250e-03  7.58604460e-01  3.51787484e-01  3.51787484e-01  3.51787484e-01  3.51787484e-01 
 3.33609250e-03  7.58572275e-01  3.52126446e-01  3.52126446e-01  3.52126446e-01  3.52126446e-01 
 3.33709250e-03  7.58539752e-01  3.52470340e-01  3.52470340e-01  3.52470340e-01  3.52470340e-01 
 3.33809250e-03  7.58506891e-01  3.52819205e-01  3.52819205e-01  3.52819205e-01  3.52819205e-01 
 3.33909250e-03  7.58473695e-01  3.53173080e-01  3.53173080e-01  3.53173080e-01  3.53173080e-01 
 3.34009250e-03  7.58440164e-01  3.53532008e-01  3.53532008e-01  3.53532008e-01  3.53532008e-01 
 3.34109250e-03  7.58406299e-01  3.53896031e-01  3.53896031e-01  3.53896031e-01  3.53896031e-01 
 3.34209250e-03  7.58372103e-01  3.54265191e-01  3.54265191e-01  3.54265191e-01  3.54265191e-01 
 3.34309250e-03  7.58337577e-01  3.54639534e-01  3.54639534e-01  3.54639534e-01  3.54639534e-01 
 3.34409250e-03  7.58302721e-01  3.55019104e-01  3.55019104e-01  3.55019104e-01  3.55019104e-01 
 3.34509250e-03  7.58267538e-01  3.55403947e-01  3.55403947e-01  3.55403947e-01  3.55403947e-01 
 3.34609250e-03  7.58232028e-01  3.55794109e-01  3.55794109e-01  3.55794109e-01  3.55794109e-01 
 3.34709250e-03  7.58196193e-01  3.56189639e-01  3.56189639e-01  3.56189639e-01  3.56189639e-01 
 3.34809250e-03  7.58160034e-01  3.56590586e-01  3.56590586e-01  3.56590586e-01  3.56590586e-01 
 3.34909250e-03  7.58123554e-01  3.56996069e-01  3.56996069e-01  3.56996069e-01  3.56996069e-01 
 3.35009250e-03  7.58086752e-01  3.57408897e-01  3.57408897e-01  3.57408897e-01  3.57408897e-01 
 3.35109250e-03  7.58049632e-01  3.57826435e-01  3.57826435e-01  3.57826435e-01  3.57826435e-01 
 3.35209250e-03  7.58012194e-01  3.58249550e-01  3.58249550e-01  3.58249550e-01  3.58249550e-01 
 3.35309250e-03  7.57974439e-01  3.58678347e-01  3.58678347e-01  3.58678347e-01  3.58678347e-01 
 3.35409250e-03  7.57936369e-01  3.59112876e-01  3.59112876e-01  3.59112876e-01  3.59112876e-01 
 3.35509250e-03  7.57897987e-01  3.59553193e-01  3.59553193e-01  3.59553193e-01  3.59553193e-01 
 3.35609250e-03  7.57859292e-01  3.59999355e-01  3.59999355e-01  3.59999355e-01  3.59999355e-01 
 3.35709250e-03  7.57820287e-01  3.60451420e-01  3.60451420e-01  3.60451420e-01  3.60451420e-01 
 3.35809250e-03  7.57780974e-01  3.60909450e-01  3.60909450e-01  3.60909450e-01  3.60909450e-01 
 3.35909250e-03  7.57741353e-01  3.61373504e-01  3.61373504e-01  3.61373504e-01  3.61373504e-01 
 3.36009250e-03  7.57701426e-01  3.61843645e-01  3.61843645e-01  3.61843645e-01  3.61843645e-01 
 3.36109250e-03  7.57661196e-01  3.62319936e-01  3.62319936e-01  3.62319936e-01  3.62319936e-01 
 3.36209250e-03  7.57620663e-01  3.62802443e-01  3.62802443e-01  3.62802443e-01  3.62802443e-01 
 3.36309250e-03  7.57579829e-01  3.63291231e-01  3.63291231e-01  3.63291231e-01  3.63291231e-01 
 3.36409250e-03  7.57538696e-01  3.63786369e-01  3.63786369e-01  3.63786369e-01  3.63786369e-01 
 3.36509250e-03  7.57497266e-01  3.64287924e-01  3.64287924e-01  3.64287924e-01  3.64287924e-01 
 3.36609250e-03  7.57455539e-01  3.64795967e-01  3.64795967e-01  3.64795967e-01  3.64795967e-01 
 3.36709250e-03  7.57413518e-01  3.65310570e-01  3.65310570e-01  3.65310570e-01  3.65310570e-01 
 3.36809250e-03  7.57371205e-01  3.65831806e-01  3.65831806e-01  3.65831806e-01  3.65831806e-01 
 3.36909250e-03  7.57328600e-01  3.66359748e-01  3.66359748e-01  3.66359748e-01  3.66359748e-01 
 3.37009250e-03  7.57285706e-01  3.66894474e-01  3.66894474e-01  3.66894474e-01  3.66894474e-01 
 3.37109250e-03  7.57242525e-01  3.67436061e-01  3.67436061e-01  3.67436061e-01  3.67436061e-01 
 3.37209250e-03  7.57199058e-01  3.67984587e-01  3.67984587e-01  3.67984587e-01  3.67984587e-01 
 3.37309250e-03  7.57155306e-01  3.68540133e-01  3.68540133e-01  3.68540133e-01  3.68540133e-01 
 3.37409250e-03  7.57111272e-01  3.69102782e-01  3.69102782e-01  3.69102782e-01  3.69102782e-01 
 3.37509250e-03  7.57066957e-01  3.69672617e-01  3.69672617e-01  3.69672617e-01  3.69672617e-01 
 3.37609250e-03  7.57022363e-01  3.70249723e-01  3.70249723e-01  3.70249723e-01  3.70249723e-01 
 3.37709250e-03  7.56977492e-01  3.70834188e-01  3.70834188e-01  3.70834188e-01  3.70834188e-01 
 3.37809250e-03  7.56932345e-01  3.71426100e-01  3.71426100e-01  3.71426100e-01  3.71426100e-01 
 3.37909250e-03  7.56886925e-01  3.72025549e-01  3.72025549e-01  3.72025549e-01  3.72025549e-01 
 3.38009250e-03  7.56841233e-01  3.72632628e-01  3.72632628e-01  3.72632628e-01  3.72632628e-01 
 3.38109250e-03  7.56795271e-01  3.73247431e-01  3.73247431e-01  3.73247431e-01  3.73247431e-01 
 3.38209250e-03  7.56749041e-01  3.73870053e-01  3.73870053e-01  3.73870053e-01  3.73870053e-01 
 3.38309250e-03  7.56702544e-01  3.74500591e-01  3.74500591e-01  3.74500591e-01  3.74500591e-01 
 3.38409250e-03  7.56655782e-01  3.75139145e-01  3.75139145e-01  3.75139145e-01  3.75139145e-01 
 3.38509250e-03  7.56608758e-01  3.75785817e-01  3.75785817e-01  3.75785817e-01  3.75785817e-01 
 3.38609250e-03  7.56561473e-01  3.76440708e-01  3.76440708e-01  3.76440708e-01  3.76440708e-01 
 3.38709250e-03  7.56513929e-01  3.77103924e-01  3.77103924e-01  3.77103924e-01  3.77103924e-01 
 3.38809250e-03  7.56466127e-01  3.77775571e-01  3.77775571e-01  3.77775571e-01  3.77775571e-01 
 3.38909250e-03  7.56418071e-01  3.78455758e-01  3.78455758e-01  3.78455758e-01  3.78455758e-01 
 3.39009250e-03  7.56369761e-01  3.79144596e-01  3.79144596e-01  3.79144596e-01  3.79144596e-01 
 3.39109250e-03  7.56321199e-01  3.79842197e-01  3.79842197e-01  3.79842197e-01  3.79842197e-01 
 3.39209250e-03  7.56272388e-01  3.80548675e-01  3.80548675e-01  3.80548675e-01  3.80548675e-01 
 3.39309250e-03  7.56223330e-01  3.81264147e-01  3.81264147e-01  3.81264147e-01  3.81264147e-01 
 3.39409250e-03  7.56174025e-01  3.81988732e-01  3.81988732e-01  3.81988732e-01  3.81988732e-01 
 3.39509250e-03  7.56124477e-01  3.82722550e-01  3.82722550e-01  3.82722550e-01  3.82722550e-01 
 3.39609250e-03  7.56074687e-01  3.83465722e-01  3.83465722e-01  3.83465722e-01  3.83465722e-01 
 3.39709250e-03  7.56024658e-01  3.84218375e-01  3.84218375e-01  3.84218375e-01  3.84218375e-01 
 3.39809250e-03  7.55974390e-01  3.84980633e-01  3.84980633e-01  3.84980633e-01  3.84980633e-01 
 3.39909250e-03  7.55923887e-01  3.85752625e-01  3.85752625e-01  3.85752625e-01  3.85752625e-01 
 3.40009250e-03  7.55873150e-01  3.86534482e-01  3.86534482e-01  3.86534482e-01  3.86534482e-01 
 3.40109250e-03  7.55822180e-01  3.87326336e-01  3.87326336e-01  3.87326336e-01  3.87326336e-01 
 3.40209250e-03  7.55770982e-01  3.88128322e-01  3.88128322e-01  3.88128322e-01  3.88128322e-01 
 3.40309250e-03  7.55719555e-01  3.88940575e-01  3.88940575e-01  3.88940575e-01  3.88940575e-01 
 3.40409250e-03  7.55667902e-01  3.89763235e-01  3.89763235e-01  3.89763235e-01  3.89763235e-01 
 3.40509250e-03  7.55616026e-01  3.90596440e-01  3.90596440e-01  3.90596440e-01  3.90596440e-01 
 3.40609250e-03  7.55563928e-01  3.91440334e-01  3.91440334e-01  3.91440334e-01  3.91440334e-01 
 3.40709250e-03  7.55511610e-01  3.92295060e-01  3.92295060e-01  3.92295060e-01  3.92295060e-01 
 3.40809250e-03  7.55459075e-01  3.93160764e-01  3.93160764e-01  3.93160764e-01  3.93160764e-01 
 3.40909250e-03  7.55406324e-01  3.94037594e-01  3.94037594e-01  3.94037594e-01  3.94037594e-01 
 3.41009250e-03  7.55353360e-01  3.94925698e-01  3.94925698e-01  3.94925698e-01  3.94925698e-01 
 3.41109250e-03  7.55300184e-01  3.95825229e-01  3.95825229e-01  3.95825229e-01  3.95825229e-01 
 3.41209250e-03  7.55246799e-01  3.96736339e-01  3.96736339e-01  3.96736339e-01  3.96736339e-01 
 3.41309250e-03  7.55193208e-01  3.97659182e-01  3.97659182e-01  3.97659182e-01  3.97659182e-01 
 3.41409250e-03  7.55139411e-01  3.98593914e-01  3.98593914e-01  3.98593914e-01  3.98593914e-01 
 3.41509250e-03  7.55085411e-01  3.99540692e-01  3.99540692e-01  3.99540692e-01  3.99540692e-01 
 3.41609250e-03  7.55031210e-01  4.00499675e-01  4.00499675e-01  4.00499675e-01  4.00499675e-01 
 3.41709250e-03  7.54976811e-01  4.01471023e-01  4.01471023e-01  4.01471023e-01  4.01471023e-01 
 3.41809250e-03  7.54922215e-01  4.02454897e-01  4.02454897e-01  4.02454897e-01  4.02454897e-01 
 3.41909250e-03  7.54867425e-01  4.03451460e-01  4.03451460e-01  4.03451460e-01  4.03451460e-01 
 3.42009250e-03  7.54812443e-01  4.04460874e-01  4.04460874e-01  4.04460874e-01  4.04460874e-01 
 3.42109250e-03  7.54757271e-01  4.05483304e-01  4.05483304e-01  4.05483304e-01  4.05483304e-01 
 3.42209250e-03  7.54701911e-01  4.06518914e-01  4.06518914e-01  4.06518914e-01  4.06518914e-01 
 3.42309250e-03  7.54646365e-01  4.07567870e-01  4.07567870e-01  4.07567870e-01  4.07567870e-01 
 3.42409250e-03  7.54590636e-01  4.08630338e-01  4.08630338e-01  4.08630338e-01  4.08630338e-01 
 3.42509250e-03  7.54534726e-01  4.09706484e-01  4.09706484e-01  4.09706484e-01  4.09706484e-01 
 3.42609250e-03  7.54478636e-01  4.10796475e-01  4.10796475e-01  4.10796475e-01  4.10796475e-01 
 3.42709250e-03  7.54422370e-01  4.11900477e-01  4.11900477e-01  4.11900477e-01  4.11900477e-01 
 3.42809250e-03  7.54365930e-01  4.13018655e-01  4.13018655e-01  4.13018655e-01  4.13018655e-01 
 3.42909250e-03  7.54309317e-01  4.14151176e-01  4.14151176e-01  4.14151176e-01  4.14151176e-01 
 3.43009250e-03  7.54252533e-01  4.15298206e-01  4.15298206e-01  4.15298206e-01  4.15298206e-01 
 3.43109250e-03  7.54195582e-01  4.16459908e-01  4.16459908e-01  4.16459908e-01  4.16459908e-01 
 3.43209250e-03  7.54138466e-01  4.17636446e-01  4.17636446e-01  4.17636446e-01  4.17636446e-01 
 3.43309250e-03  7.54081186e-01  4.18827983e-01  4.18827983e-01  4.18827983e-01  4.18827983e-01 
 3.43409250e-03  7.54023744e-01  4.20034679e-01  4.20034679e-01  4.20034679e-01  4.20034679e-01 
 3.43509250e-03  7.53966144e-01  4.21256694e-01  4.21256694e-01  4.21256694e-01  4.21256694e-01 
 3.43609250e-03  7.53908388e-01  4.22494185e-01  4.22494185e-01  4.22494185e-01  4.22494185e-01 
 3.43709250e-03  7.53850477e-01  4.23747308e-01  4.23747308e-01  4.23747308e-01  4.23747308e-01 
 3.43809250e-03  7.53792414e-01  4.25016215e-01  4.25016215e-01  4.25016215e-01  4.25016215e-01 
 3.43909250e-03  7.53734201e-01  4.26301056e-01  4.26301056e-01  4.26301056e-01  4.26301056e-01 
 3.44009250e-03  7.53675841e-01  4.27601980e-01  4.27601980e-01  4.27601980e-01  4.27601980e-01 
 3.44109250e-03  7.53617336e-01  4.28919130e-01  4.28919130e-01  4.28919130e-01  4.28919130e-01 
 3.44209250e-03  7.53558688e-01  4.30252647e-01  4.30252647e-01  4.30252647e-01  4.30252647e-01 
 3.44309250e-03  7.53499899e-01  4.31602667e-01  4.31602667e-01  4.31602667e-01  4.31602667e-01 
 3.44409250e-03  7.53440973e-01  4.32969326e-01  4.32969326e-01  4.32969326e-01  4.32969326e-01 
 3.44509250e-03  7.53381910e-01  4.34352750e-01  4.34352750e-01  4.34352750e-01  4.34352750e-01 
 3.44609250e-03  7.53322714e-01  4.35753065e-01  4.35753065e-01  4.35753065e-01  4.35753065e-01 
 3.44709250e-03  7.53263387e-01  4.37170389e-01  4.37170389e-01  4.37170389e-01  4.37170389e-01 
 3.44809250e-03  7.53203931e-01  4.38604838e-01  4.38604838e-01  4.38604838e-01  4.38604838e-01 
 3.44909250e-03  7.53144349e-01  4.40056521e-01  4.40056521e-01  4.40056521e-01  4.40056521e-01 
 3.45009250e-03  7.53084642e-01  4.41525541e-01  4.41525541e-01  4.41525541e-01  4.41525541e-01 
 3.45109250e-03  7.53024814e-01  4.43011996e-01  4.43011996e-01  4.43011996e-01  4.43011996e-01 
 3.45209250e-03  7.52964866e-01  4.44515977e-01  4.44515977e-01  4.44515977e-01  4.44515977e-01 
 3.45309250e-03  7.52904801e-01  4.46037570e-01  4.46037570e-01  4.46037570e-01  4.46037570e-01 
 3.45409250e-03  7.52844621e-01  4.47576854e-01  4.47576854e-01  4.47576854e-01  4.47576854e-01 
 3.45509250e-03  7.52784329e-01  4.49133900e-01  4.49133900e-01  4.49133900e-01  4.49133900e-01 
 3.45609250e-03  7.52723928e-01  4.50708775e-01  4.50708775e-01  4.50708775e-01  4.50708775e-01 
 3.45709250e-03  7.52663418e-01  4.52301534e-01  4.52301534e-01  4.52301534e-01  4.52301534e-01 
 3.45809250e-03  7.52602804e-01  4.53912230e-01  4.53912230e-01  4.53912230e-01  4.53912230e-01 
 3.45909250e-03  7.52542087e-01  4.55540905e-01  4.55540905e-01  4.55540905e-01  4.55540905e-01 
 3.46009250e-03  7.52481269e-01  4.57187594e-01  4.57187594e-01  4.57187594e-01  4.57187594e-01 
 3.46109250e-03  7.52420354e-01  4.58852325e-01  4.58852325e-01  4.58852325e-01  4.58852325e-01 
 3.46209250e-03  7.52359342e-01  4.60535118e-01  4.60535118e-01  4.60535118e-01  4.60535118e-01 
 3.46309250e-03  7.52298238e-01  4.62235984e-01  4.62235984e-01  4.62235984e-01  4.62235984e-01 
 3.46409250e-03  7.52237043e-01  4.63954926e-01  4.63954926e-01  4.63954926e-01  4.63954926e-01 
 3.46509250e-03  7.52175760e-01  4.65691941e-01  4.65691941e-01  4.65691941e-01  4.65691941e-01 
 3.46609250e-03  7.52114391e-01  4.67447015e-01  4.67447015e-01  4.67447015e-01  4.67447015e-01 
 3.46709250e-03  7.52052938e-01  4.69220127e-01  4.69220127e-01  4.69220127e-01  4.69220127e-01 
 3.46809250e-03  7.51991405e-01  4.71011249e-01  4.71011249e-01  4.71011249e-01  4.71011249e-01 
 3.46909250e-03  7.51929792e-01  4.72820342e-01  4.72820342e-01  4.72820342e-01  4.72820342e-01 
 3.47009250e-03  7.51868104e-01  4.74647362e-01  4.74647362e-01  4.74647362e-01  4.74647362e-01 
 3.47109250e-03  7.51806342e-01  4.76492254e-01  4.76492254e-01  4.76492254e-01  4.76492254e-01 
 3.47209250e-03  7.51744508e-01  4.78354958e-01  4.78354958e-01  4.78354958e-01  4.78354958e-01 
 3.47309250e-03  7.51682606e-01  4.80235402e-01  4.80235402e-01  4.80235402e-01  4.80235402e-01 
 3.47409250e-03  7.51620637e-01  4.82133510e-01  4.82133510e-01  4.82133510e-01  4.82133510e-01 
 3.47509250e-03  7.51558604e-01  4.84049197e-01  4.84049197e-01  4.84049197e-01  4.84049197e-01 
 3.47609250e-03  7.51496510e-01  4.85982370e-01  4.85982370e-01  4.85982370e-01  4.85982370e-01 
 3.47709250e-03  7.51434356e-01  4.87932928e-01  4.87932928e-01  4.87932928e-01  4.87932928e-01 
 3.47809250e-03  7.51372146e-01  4.89900764e-01  4.89900764e-01  4.89900764e-01  4.89900764e-01 
 3.47909250e-03  7.51309882e-01  4.91885764e-01  4.91885764e-01  4.91885764e-01  4.91885764e-01 
 3.48009250e-03  7.51247566e-01  4.93887805e-01  4.93887805e-01  4.93887805e-01  4.93887805e-01 
 3.48109250e-03  7.51185201e-01  4.95906760e-01  4.95906760e-01  4.95906760e-01  4.95906760e-01 
 3.48209250e-03  7.51122789e-01  4.97942493e-01  4.97942493e-01  4.97942493e-01  4.97942493e-01 
 3.48309250e-03  7.51060333e-01  4.99994863e-01  4.99994863e-01  4.99994863e-01  4.99994863e-01 
 3.48409250e-03  7.50997834e-01  5.02063723e-01  5.02063723e-01  5.02063723e-01  5.02063723e-01 
 3.48509250e-03  7.50935297e-01  5.04148920e-01  5.04148920e-01  5.04148920e-01  5.04148920e-01 
 3.48609250e-03  7.50872722e-01  5.06250295e-01  5.06250295e-01  5.06250295e-01  5.06250295e-01 
 3.48709250e-03  7.50810113e-01  5.08367682e-01  5.08367682e-01  5.08367682e-01  5.08367682e-01 
 3.48809250e-03  7.50747472e-01  5.10500914e-01  5.10500914e-01  5.10500914e-01  5.10500914e-01 
 3.48909250e-03  7.50684802e-01  5.12649814e-01  5.12649814e-01  5.12649814e-01  5.12649814e-01 
 3.49009250e-03  7.50622105e-01  5.14814204e-01  5.14814204e-01  5.14814204e-01  5.14814204e-01 
 3.49109250e-03  7.50559383e-01  5.16993899e-01  5.16993899e-01  5.16993899e-01  5.16993899e-01 
 3.49209250e-03  7.50496638e-01  5.19188711e-01  5.19188711e-01  5.19188711e-01  5.19188711e-01 
 3.49309250e-03  7.50433875e-01  5.21398447e-01  5.21398447e-01  5.21398447e-01  5.21398447e-01 
 3.49409250e-03  7.50371094e-01  5.23622911e-01  5.23622911e-01  5.23622911e-01  5.23622911e-01 
 3.49509250e-03  7.50308298e-01  5.25861902e-01  5.25861902e-01  5.25861902e-01  5.25861902e-01 
 3.49609250e-03  7.50245491e-01  5.28115218e-01  5.28115218e-01  5.28115218e-01  5.28115218e-01 
 3.49709250e-03  7.50182673e-01  5.30382650e-01  5.30382650e-01  5.30382650e-01  5.30382650e-01 
 3.49809250e-03  7.50119849e-01  5.32663989e-01  5.32663989e-01  5.32663989e-01  5.32663989e-01 
 3.49909250e-03  7.50057020e-01  5.34959020e-01  5.34959020e-01  5.34959020e-01  5.34959020e-01 
 3.50009250e-03  7.49994188e-01  5.37267530e-01  5.37267530e-01  5.37267530e-01  5.37267530e-01 
 3.50109250e-03  7.49931357e-01  5.39589298e-01  5.39589298e-01  5.39589298e-01  5.39589298e-01 
 3.50209250e-03  7.49868528e-01  5.41924104e-01  5.41924104e-01  5.41924104e-01  5.41924104e-01 
 3.50309250e-03  7.49805705e-01  5.44271724e-01  5.44271724e-01  5.44271724e-01  5.44271724e-01 
 3.50409250e-03  7.49742889e-01  5.46631934e-01  5.46631934e-01  5.46631934e-01  5.46631934e-01 
 3.50509250e-03  7.49680083e-01  5.49004505e-01  5.49004505e-01  5.49004505e-01  5.49004505e-01 
 3.50609250e-03  7.49617290e-01  5.51389209e-01  5.51389209e-01  5.51389209e-01  5.51389209e-01 
 3.50709250e-03  7.49554513e-01  5.53785814e-01  5.53785814e-01  5.53785814e-01  5.53785814e-01 
 3.50809250e-03  7.49491752e-01  5.56194087e-01  5.56194087e-01  5.56194087e-01  5.56194087e-01 
 3.50909250e-03  7.49429012e-01  5.58613796e-01  5.58613796e-01  5.58613796e-01  5.58613796e-01 
 3.51009250e-03  7.49366294e-01  5.61044703e-01  5.61044703e-01  5.61044703e-01  5.61044703e-01 
 3.51109250e-03  7.49303602e-01  5.63486573e-01  5.63486573e-01  5.63486573e-01  5.63486573e-01 
 3.51209250e-03  7.49240937e-01  5.65939167e-01  5.65939167e-01  5.65939167e-01  5.65939167e-01 
 3.51309250e-03  7.49178301e-01  5.68402247e-01  5.68402247e-01  5.68402247e-01  5.68402247e-01 
 3.51409250e-03  7.49115699e-01  5.70875571e-01  5.70875571e-01  5.70875571e-01  5.70875571e-01 
 3.51509250e-03  7.49053131e-01  5.73358899e-01  5.73358899e-01  5.73358899e-01  5.73358899e-01 
 3.51609250e-03  7.48990600e-01  5.75851990e-01  5.75851990e-01  5.75851990e-01  5.75851990e-01 
 3.51709250e-03  7.48928110e-01  5.78354599e-01  5.78354599e-01  5.78354599e-01  5.78354599e-01 
 3.51809250e-03  7.48865662e-01  5.80866485e-01  5.80866485e-01  5.80866485e-01  5.80866485e-01 
 3.51909250e-03  7.48803258e-01  5.83387401e-01  5.83387401e-01  5.83387401e-01  5.83387401e-01 
 3.52009250e-03  7.48740902e-01  5.85917105e-01  5.85917105e-01  5.85917105e-01  5.85917105e-01 
 3.52109250e-03  7.48678595e-01  5.88455349e-01  5.88455349e-01  5.88455349e-01  5.88455349e-01 
 3.52209250e-03  7.48616341e-01  5.91001889e-01  5.91001889e-01  5.91001889e-01  5.91001889e-01 
 3.52309250e-03  7.48554141e-01  5.93556477e-01  5.93556477e-01  5.93556477e-01  5.93556477e-01 
 3.52409250e-03  7.48491998e-01  5.96118867e-01  5.96118867e-01  5.96118867e-01  5.96118867e-01 
 3.52509250e-03  7.48429915e-01  5.98688811e-01  5.98688811e-01  5.98688811e-01  5.98688811e-01 
 3.52609250e-03  7.48367894e-01  6.01266062e-01  6.01266062e-01  6.01266062e-01  6.01266062e-01 
 3.52709250e-03  7.48305937e-01  6.03850371e-01  6.03850371e-01  6.03850371e-01  6.03850371e-01 
 3.52809250e-03  7.48244047e-01  6.06441490e-01  6.06441490e-01  6.06441490e-01  6.06441490e-01 
 3.52909250e-03  7.48182227e-01  6.09039170e-01  6.09039170e-01  6.09039170e-01  6.09039170e-01 
 3.53009250e-03  7.48120478e-01  6.11643163e-01  6.11643163e-01  6.11643163e-01  6.11643163e-01 
 3.53109250e-03  7.48058804e-01  6.14253218e-01  6.14253218e-01  6.14253218e-01  6.14253218e-01 
 3.53209250e-03  7.47997206e-01  6.16869087e-01  6.16869087e-01  6.16869087e-01  6.16869087e-01 
 3.53309250e-03  7.47935687e-01  6.19490520e-01  6.19490520e-01  6.19490520e-01  6.19490520e-01 
 3.53409250e-03  7.47874249e-01  6.22117266e-01  6.22117266e-01  6.22117266e-01  6.22117266e-01 
 3.53509250e-03  7.47812896e-01  6.24749075e-01  6.24749075e-01  6.24749075e-01  6.24749075e-01 
 3.53609250e-03  7.47751629e-01  6.27385699e-01  6.27385699e-01  6.27385699e-01  6.27385699e-01 
 3.53709250e-03  7.47690451e-01  6.30026885e-01  6.30026885e-01  6.30026885e-01  6.30026885e-01 
 3.53809250e-03  7.47629363e-01  6.32672384e-01  6.32672384e-01  6.32672384e-01  6.32672384e-01 
 3.53909250e-03  7.47568370e-01  6.35321945e-01  6.35321945e-01  6.35321945e-01  6.35321945e-01 
 3.54009250e-03  7.47507472e-01  6.37975317e-01  6.37975317e-01  6.37975317e-01  6.37975317e-01 
 3.54109250e-03  7.47446673e-01  6.40632250e-01  6.40632250e-01  6.40632250e-01  6.40632250e-01 
 3.54209250e-03  7.47385975e-01  6.43292493e-01  6.43292493e-01  6.43292493e-01  6.43292493e-01 
 3.54309250e-03  7.47325379e-01  6.45955796e-01  6.45955796e-01  6.45955796e-01  6.45955796e-01 
 3.54409250e-03  7.47264890e-01  6.48621907e-01  6.48621907e-01  6.48621907e-01  6.48621907e-01 
 3.54509250e-03  7.47204508e-01  6.51290576e-01  6.51290576e-01  6.51290576e-01  6.51290576e-01 
 3.54609250e-03  7.47144237e-01  6.53961552e-01  6.53961552e-01  6.53961552e-01  6.53961552e-01 
 3.54709250e-03  7.47084078e-01  6.56634584e-01  6.56634584e-01  6.56634584e-01  6.56634584e-01 
 3.54809250e-03  7.47024035e-01  6.59309423e-01  6.59309423e-01  6.59309423e-01  6.59309423e-01 
 3.54909250e-03  7.46964109e-01  6.61985817e-01  6.61985817e-01  6.61985817e-01  6.61985817e-01 
 3.55009250e-03  7.46904303e-01  6.64663516e-01  6.64663516e-01  6.64663516e-01  6.64663516e-01 
 3.55109250e-03  7.46844619e-01  6.67342270e-01  6.67342270e-01  6.67342270e-01  6.67342270e-01 
 3.55209250e-03  7.46785060e-01  6.70021829e-01  6.70021829e-01  6.70021829e-01  6.70021829e-01 
 3.55309250e-03  7.46725628e-01  6.72701943e-01  6.72701943e-01  6.72701943e-01  6.72701943e-01 
 3.55409250e-03  7.46666325e-01  6.75382362e-01  6.75382362e-01  6.75382362e-01  6.75382362e-01 
 3.55509250e-03  7.46607153e-01  6.78062837e-01  6.78062837e-01  6.78062837e-01  6.78062837e-01 
 3.55609250e-03  7.46548115e-01  6.80743118e-01  6.80743118e-01  6.80743118e-01  6.80743118e-01 
 3.55709250e-03  7.46489214e-01  6.83422958e-01  6.83422958e-01  6.83422958e-01  6.83422958e-01 
 3.55809250e-03  7.46430452e-01  6.86102107e-01  6.86102107e-01  6.86102107e-01  6.86102107e-01 
 3.55909250e-03  7.46371830e-01  6.88780316e-01  6.88780316e-01  6.88780316e-01  6.88780316e-01 
 3.56009250e-03  7.46313351e-01  6.91457339e-01  6.91457339e-01  6.91457339e-01  6.91457339e-01 
 3.56109250e-03  7.46255018e-01  6.94132927e-01  6.94132927e-01  6.94132927e-01  6.94132927e-01 
 3.56209250e-03  7.46196833e-01  6.96806833e-01  6.96806833e-01  6.96806833e-01  6.96806833e-01 
 3.56309250e-03  7.46138798e-01  6.99478812e-01  6.99478812e-01  6.99478812e-01  6.99478812e-01 
 3.56409250e-03  7.46080916e-01  7.02148615e-01  7.02148615e-01  7.02148615e-01  7.02148615e-01 
 3.56509250e-03  7.46023188e-01  7.04815999e-01  7.04815999e-01  7.04815999e-01  7.04815999e-01 
 3.56609250e-03  7.45965617e-01  7.07480718e-01  7.07480718e-01  7.07480718e-01  7.07480718e-01 
 3.56709250e-03  7.45908205e-01  7.10142527e-01  7.10142527e-01  7.10142527e-01  7.10142527e-01 
 3.56809250e-03  7.45850955e-01  7.12801182e-01  7.12801182e-01  7.12801182e-01  7.12801182e-01 
 3.56909250e-03  7.45793869e-01  7.15456440e-01  7.15456440e-01  7.15456440e-01  7.15456440e-01 
 3.57009250e-03  7.45736949e-01  7.18108060e-01  7.18108060e-01  7.18108060e-01  7.18108060e-01 
 3.57109250e-03  7.45680197e-01  7.20755798e-01  7.20755798e-01  7.20755798e-01  7.20755798e-01 
 3.57209250e-03  7.45623616e-01  7.23399413e-01  7.23399413e-01  7.23399413e-01  7.23399413e-01 
 3.57309250e-03  7.45567207e-01  7.26038666e-01  7.26038666e-01  7.26038666e-01  7.26038666e-01 
 3.57409250e-03  7.45510974e-01  7.28673317e-01  7.28673317e-01  7.28673317e-01  7.28673317e-01 
 3.57509250e-03  7.45454917e-01  7.31303128e-01  7.31303128e-01  7.31303128e-01  7.31303128e-01 
 3.57609250e-03  7.45399040e-01  7.33927860e-01  7.33927860e-01  7.33927860e-01  7.33927860e-01 
 3.57709250e-03  7.45343345e-01  7.36547278e-01  7.36547278e-01  7.36547278e-01  7.36547278e-01 
 3.57809250e-03  7.45287834e-01  7.39161146e-01  7.39161146e-01  7.39161146e-01  7.39161146e-01 
 3.57909250e-03  7.45232508e-01  7.41769228e-01  7.41769228e-01  7.41769228e-01  7.41769228e-01 
 3.58009250e-03  7.45177371e-01  7.44371292e-01  7.44371292e-01  7.44371292e-01  7.44371292e-01 
 3.58109250e-03  7.45122424e-01  7.46967105e-01  7.46967105e-01  7.46967105e-01  7.46967105e-01 
 3.58209250e-03  7.45067670e-01  7.49556436e-01  7.49556436e-01  7.49556436e-01  7.49556436e-01 
 3.58309250e-03  7.45013110e-01  7.52139055e-01  7.52139055e-01  7.52139055e-01  7.52139055e-01 
 3.58409250e-03  7.44958748e-01  7.54714733e-01  7.54714733e-01  7.54714733e-01  7.54714733e-01 
 3.58509250e-03  7.44904584e-01  7.57283244e-01  7.57283244e-01  7.57283244e-01  7.57283244e-01 
 3.58609250e-03  7.44850622e-01  7.59844360e-01  7.59844360e-01  7.59844360e-01  7.59844360e-01 
 3.58709250e-03  7.44796862e-01  7.62397858e-01  7.62397858e-01  7.62397858e-01  7.62397858e-01 
 3.58809250e-03  7.44743309e-01  7.64943514e-01  7.64943514e-01  7.64943514e-01  7.64943514e-01 
 3.58909250e-03  7.44689962e-01  7.67481106e-01  7.67481106e-01  7.67481106e-01  7.67481106e-01 
 3.59009250e-03  7.44636826e-01  7.70010416e-01  7.70010416e-01  7.70010416e-01  7.70010416e-01 
 3.59109250e-03  7.44583901e-01  7.72531223e-01  7.72531223e-01  7.72531223e-01  7.72531223e-01 
 3.59209250e-03  7.44531190e-01  7.75043311e-01  7.75043311e-01  7.75043311e-01  7.75043311e-01 
 3.59309250e-03  7.44478695e-01  7.77546466e-01  7.77546466e-01  7.77546466e-01  7.77546466e-01 
 3.59409250e-03  7.44426417e-01  7.80040473e-01  7.80040473e-01  7.80040473e-01  7.80040473e-01 
 3.59509250e-03  7.44374360e-01  7.82525122e-01  7.82525122e-01  7.82525122e-01  7.82525122e-01 
 3.59609250e-03  7.44322525e-01  7.85000202e-01  7.85000202e-01  7.85000202e-01  7.85000202e-01 
 3.59709250e-03  7.44270914e-01  7.87465505e-01  7.87465505e-01  7.87465505e-01  7.87465505e-01 
 3.59809250e-03  7.44219529e-01  7.89920825e-01  7.89920825e-01  7.89920825e-01  7.89920825e-01 
 3.59909250e-03  7.44168373e-01  7.92365959e-01  7.92365959e-01  7.92365959e-01  7.92365959e-01 
 3.60009250e-03  7.44117447e-01  7.94800704e-01  7.94800704e-01  7.94800704e-01  7.94800704e-01 
 3.60109250e-03  7.44066752e-01  7.97224861e-01  7.97224861e-01  7.97224861e-01  7.97224861e-01 
 3.60209250e-03  7.44016293e-01  7.99638232e-01  7.99638232e-01  7.99638232e-01  7.99638232e-01 
 3.60309250e-03  7.43966069e-01  8.02040620e-01  8.02040620e-01  8.02040620e-01  8.02040620e-01 
 3.60409250e-03  7.43916083e-01  8.04431833e-01  8.04431833e-01  8.04431833e-01  8.04431833e-01 
 3.60509250e-03  7.43866338e-01  8.06811680e-01  8.06811680e-01  8.06811680e-01  8.06811680e-01 
 3.60609250e-03  7.43816835e-01  8.09179980e-01  8.09179980e-01  8.09179980e-01  8.09179980e-01 
 3.60709250e-03  7.43767576e-01  8.11536521e-01  8.11536521e-01  8.11536521e-01  8.11536521e-01 
 3.60809250e-03  7.43718563e-01  8.13881143e-01  8.13881143e-01  8.13881143e-01  8.13881143e-01 
 3.60909250e-03  7.43669798e-01  8.16213790e-01  8.16213790e-01  8.16213790e-01  8.16213790e-01 
 3.61009250e-03  7.43621283e-01  8.18533902e-01  8.18533902e-01  8.18533902e-01  8.18533902e-01 
 3.61109250e-03  7.43573020e-01  8.20841858e-01  8.20841858e-01  8.20841858e-01  8.20841858e-01 
 3.61209250e-03  7.43525010e-01  8.23136799e-01  8.23136799e-01  8.23136799e-01  8.23136799e-01 
 3.61309250e-03  7.43477256e-01  8.25419084e-01  8.25419084e-01  8.25419084e-01  8.25419084e-01 
 3.61409250e-03  7.43429760e-01  8.27688747e-01  8.27688747e-01  8.27688747e-01  8.27688747e-01 
 3.61509250e-03  7.43382523e-01  8.29944654e-01  8.29944654e-01  8.29944654e-01  8.29944654e-01 
 3.61609250e-03  7.43335547e-01  8.32187488e-01  8.32187488e-01  8.32187488e-01  8.32187488e-01 
 3.61709250e-03  7.43288834e-01  8.34417333e-01  8.34417333e-01  8.34417333e-01  8.34417333e-01 
 3.61809250e-03  7.43242387e-01  8.36633204e-01  8.36633204e-01  8.36633204e-01  8.36633204e-01 
 3.61909250e-03  7.43196206e-01  8.38835232e-01  8.38835232e-01  8.38835232e-01  8.38835232e-01 
 3.62009250e-03  7.43150293e-01  8.41023326e-01  8.41023326e-01  8.41023326e-01  8.41023326e-01 
 3.62109250e-03  7.43104651e-01  8.43197335e-01  8.43197335e-01  8.43197335e-01  8.43197335e-01 
 3.62209250e-03  7.43059282e-01  8.45357109e-01  8.45357109e-01  8.45357109e-01  8.45357109e-01 
 3.62309250e-03  7.43014186e-01  8.47502505e-01  8.47502505e-01  8.47502505e-01  8.47502505e-01 
 3.62409250e-03  7.42969366e-01  8.49633382e-01  8.49633382e-01  8.49633382e-01  8.49633382e-01 
 3.62509250e-03  7.42924824e-01  8.51749601e-01  8.51749601e-01  8.51749601e-01  8.51749601e-01 
 3.62609250e-03  7.42880561e-01  8.53850321e-01  8.53850321e-01  8.53850321e-01  8.53850321e-01 
 3.62709250e-03  7.42836579e-01  8.55937440e-01  8.55937440e-01  8.55937440e-01  8.55937440e-01 
 3.62809250e-03  7.42792879e-01  8.58008229e-01  8.58008229e-01  8.58008229e-01  8.58008229e-01 
 3.62909250e-03  7.42749465e-01  8.60065152e-01  8.60065152e-01  8.60065152e-01  8.60065152e-01 
 3.63009250e-03  7.42706336e-01  8.62106218e-01  8.62106218e-01  8.62106218e-01  8.62106218e-01 
 3.63109250e-03  7.42663496e-01  8.64131751e-01  8.64131751e-01  8.64131751e-01  8.64131751e-01 
 3.63209250e-03  7.42620945e-01  8.66141747e-01  8.66141747e-01  8.66141747e-01  8.66141747e-01 
 3.63309250e-03  7.42578686e-01  8.68136093e-01  8.68136093e-01  8.68136093e-01  8.68136093e-01 
 3.63409250e-03  7.42536719e-01  8.70114675e-01  8.70114675e-01  8.70114675e-01  8.70114675e-01 
 3.63509250e-03  7.42495047e-01  8.72077384e-01  8.72077384e-01  8.72077384e-01  8.72077384e-01 
 3.63609250e-03  7.42453671e-01  8.74023186e-01  8.74023186e-01  8.74023186e-01  8.74023186e-01 
 3.63709250e-03  7.42412594e-01  8.75954655e-01  8.75954655e-01  8.75954655e-01  8.75954655e-01 
 3.63809250e-03  7.42371816e-01  8.77869262e-01  8.77869262e-01  8.77869262e-01  8.77869262e-01 
 3.63909250e-03  7.42331338e-01  8.79767458e-01  8.79767458e-01  8.79767458e-01  8.79767458e-01 
 3.64009250e-03  7.42291164e-01  8.81649295e-01  8.81649295e-01  8.81649295e-01  8.81649295e-01 
 3.64109250e-03  7.42251294e-01  8.83514684e-01  8.83514684e-01  8.83514684e-01  8.83514684e-01 
 3.64209250e-03  7.42211730e-01  8.85363535e-01  8.85363535e-01  8.85363535e-01  8.85363535e-01 
 3.64309250e-03  7.42172474e-01  8.87195764e-01  8.87195764e-01  8.87195764e-01  8.87195764e-01 
 3.64409250e-03  7.42133526e-01  8.89011293e-01  8.89011293e-01  8.89011293e-01  8.89011293e-01 
 3.64509250e-03  7.42094889e-01  8.90810044e-01  8.90810044e-01  8.90810044e-01  8.90810044e-01 
 3.64609250e-03  7.42056564e-01  8.92591944e-01  8.92591944e-01  8.92591944e-01  8.92591944e-01 
 3.64709250e-03  7.42018553e-01  8.94356922e-01  8.94356922e-01  8.94356922e-01  8.94356922e-01 
 3.64809250e-03  7.41980857e-01  8.96104912e-01  8.96104912e-01  8.96104912e-01  8.96104912e-01 
 3.64909250e-03  7.41943477e-01  8.97835849e-01  8.97835849e-01  8.97835849e-01  8.97835849e-01 
 3.65009250e-03  7.41906415e-01  8.99549671e-01  8.99549671e-01  8.99549671e-01  8.99549671e-01 
 3.65109250e-03  7.41869673e-01  9.01246320e-01  9.01246320e-01  9.01246320e-01  9.01246320e-01 
 3.65209250e-03  7.41833252e-01  9.02925740e-01  9.02925740e-01  9.02925740e-01  9.02925740e-01 
 3.65309250e-03  7.41797153e-01  9.04587880e-01  9.04587880e-01  9.04587880e-01  9.04587880e-01 
 3.65409250e-03  7.41761378e-01  9.06232688e-01  9.06232688e-01  9.06232688e-01  9.06232688e-01 
 3.65509250e-03  7.41725929e-01  9.07860119e-01  9.07860119e-01  9.07860119e-01  9.07860119e-01 
 3.65609250e-03  7.41690806e-01  9.09470128e-01  9.09470128e-01  9.09470128e-01  9.09470128e-01 
 3.65709250e-03  7.41656011e-01  9.11062675e-01  9.11062675e-01  9.11062675e-01  9.11062675e-01 
 3.65809250e-03  7.41621545e-01  9.12637720e-01  9.12637720e-01  9.12637720e-01  9.12637720e-01 
 3.65909250e-03  7.41587411e-01  9.14195228e-01  9.14195228e-01  9.14195228e-01  9.14195228e-01 
 3.66009250e-03  7.41553608e-01  9.15735166e-01  9.15735166e-01  9.15735166e-01  9.15735166e-01 
 3.66109250e-03  7.41520139e-01  9.17257505e-01  9.17257505e-01  9.17257505e-01  9.17257505e-01 
 3.66209250e-03  7.41487004e-01  9.18762215e-01  9.18762215e-01  9.18762215e-01  9.18762215e-01 
 3.66309250e-03  7.41454206e-01  9.20249271e-01  9.20249271e-01  9.20249271e-01  9.20249271e-01 
 3.66409250e-03  7.41421745e-01  9.21718652e-01  9.21718652e-01  9.21718652e-01  9.21718652e-01 
 3.66509250e-03  7.41389623e-01  9.23170337e-01  9.23170337e-01  9.23170337e-01  9.23170337e-01 
 3.66609250e-03  7.41357840e-01  9.24604308e-01  9.24604308e-01  9.24604308e-01  9.24604308e-01 
 3.66709250e-03  7.41326399e-01  9.26020550e-01  9.26020550e-01  9.26020550e-01  9.26020550e-01 
 3.66809250e-03  7.41295300e-01  9.27419050e-01  9.27419050e-01  9.27419050e-01  9.27419050e-01 
 3.66909250e-03  7.41264545e-01  9.28799796e-01  9.28799796e-01  9.28799796e-01  9.28799796e-01 
 3.67009250e-03  7.41234135e-01  9.30162781e-01  9.30162781e-01  9.30162781e-01  9.30162781e-01 
 3.67109250e-03  7.41204071e-01  9.31507998e-01  9.31507998e-01  9.31507998e-01  9.31507998e-01 
 3.67209250e-03  7.41174354e-01  9.32835442e-01  9.32835442e-01  9.32835442e-01  9.32835442e-01 
 3.67309250e-03  7.41144985e-01  9.34145113e-01  9.34145113e-01  9.34145113e-01  9.34145113e-01 
 3.67409250e-03  7.41115966e-01  9.35437008e-01  9.35437008e-01  9.35437008e-01  9.35437008e-01 
 3.67509250e-03  7.41087298e-01  9.36711132e-01  9.36711132e-01  9.36711132e-01  9.36711132e-01 
 3.67609250e-03  7.41058981e-01  9.37967485e-01  9.37967485e-01  9.37967485e-01  9.37967485e-01 
 3.67709250e-03  7.41031018e-01  9.39206076e-01  9.39206076e-01  9.39206076e-01  9.39206076e-01 
 3.67809250e-03  7.41003409e-01  9.40425963e-01  9.40425963e-01  9.40425963e-01  9.40425963e-01 
 3.67909250e-03  7.40976154e-01  9.41629887e-01  9.41629887e-01  9.41629887e-01  9.41629887e-01 
 3.68009250e-03  7.40949256e-01  9.42815363e-01  9.42815363e-01  9.42815363e-01  9.42815363e-01 
 3.68109250e-03  7.40922716e-01  9.43982980e-01  9.43982980e-01  9.43982980e-01  9.43982980e-01 
 3.68209250e-03  7.40896534e-01  9.45132891e-01  9.45132891e-01  9.45132891e-01  9.45132891e-01 
 3.68309250e-03  7.40870711e-01  9.46265112e-01  9.46265112e-01  9.46265112e-01  9.46265112e-01 
 3.68409250e-03  7.40845248e-01  9.47379656e-01  9.47379656e-01  9.47379656e-01  9.47379656e-01 
 3.68509250e-03  7.40820147e-01  9.48476539e-01  9.48476539e-01  9.48476539e-01  9.48476539e-01 
 3.68609250e-03  7.40795408e-01  9.49555782e-01  9.49555782e-01  9.49555782e-01  9.49555782e-01 
 3.68709250e-03  7.40771033e-01  9.50617405e-01  9.50617405e-01  9.50617405e-01  9.50617405e-01 
 3.68809250e-03  7.40747022e-01  9.51661430e-01  9.51661430e-01  9.51661430e-01  9.51661430e-01 
 3.68909250e-03  7.40723377e-01  9.52687880e-01  9.52687880e-01  9.52687880e-01  9.52687880e-01 
 3.69009250e-03  7.40700097e-01  9.53696779e-01  9.53696779e-01  9.53696779e-01  9.53696779e-01 
 3.69109250e-03  7.40677185e-01  9.54688152e-01  9.54688152e-01  9.54688152e-01  9.54688152e-01 
 3.69209250e-03  7.40654641e-01  9.55662024e-01  9.55662024e-01  9.55662024e-01  9.55662024e-01 
 3.69309250e-03  7.40632465e-01  9.56618424e-01  9.56618424e-01  9.56618424e-01  9.56618424e-01 
 3.69409250e-03  7.40610660e-01  9.57557378e-01  9.57557378e-01  9.57557378e-01  9.57557378e-01 
 3.69509250e-03  7.40589225e-01  9.58478915e-01  9.58478915e-01  9.58478915e-01  9.58478915e-01 
 3.69609250e-03  7.40568162e-01  9.59383064e-01  9.59383064e-01  9.59383064e-01  9.59383064e-01 
 3.69709250e-03  7.40547471e-01  9.60269854e-01  9.60269854e-01  9.60269854e-01  9.60269854e-01 
 3.69809250e-03  7.40527153e-01  9.61139317e-01  9.61139317e-01  9.61139317e-01  9.61139317e-01 
 3.69909250e-03  7.40507209e-01  9.61991482e-01  9.61991482e-01  9.61991482e-01  9.61991482e-01 
 3.70009250e-03  7.40487640e-01  9.62826381e-01  9.62826381e-01  9.62826381e-01  9.62826381e-01 
 3.70109250e-03  7.40468447e-01  9.63644046e-01  9.63644046e-01  9.63644046e-01  9.63644046e-01 
 3.70209250e-03  7.40449630e-01  9.64444509e-01  9.64444509e-01  9.64444509e-01  9.64444509e-01 
 3.70309250e-03  7.40431190e-01  9.65227802e-01  9.65227802e-01  9.65227802e-01  9.65227802e-01 
 3.70409250e-03  7.40413127e-01  9.65993958e-01  9.65993958e-01  9.65993958e-01  9.65993958e-01 
 3.70509250e-03  7.40395443e-01  9.66743009e-01  9.66743009e-01  9.66743009e-01  9.66743009e-01 
 3.70609250e-03  7.40378139e-01  9.67474988e-01  9.67474988e-01  9.67474988e-01  9.67474988e-01 
 3.70709250e-03  7.40361214e-01  9.68189928e-01  9.68189928e-01  9.68189928e-01  9.68189928e-01 
 3.70809250e-03  7.40344669e-01  9.68887863e-01  9.68887863e-01  9.68887863e-01  9.68887863e-01 
 3.70909250e-03  7.40328506e-01  9.69568825e-01  9.69568825e-01  9.69568825e-01  9.69568825e-01 
 3.71009250e-03  7.40312725e-01  9.70232846e-01  9.70232846e-01  9.70232846e-01  9.70232846e-01 
 3.71109250e-03  7.40297326e-01  9.70879961e-01  9.70879961e-01  9.70879961e-01  9.70879961e-01 
 3.71209250e-03  7.40282310e-01  9.71510201e-01  9.71510201e-01  9.71510201e-01  9.71510201e-01 
 3.71309250e-03  7.40267678e-01  9.72123598e-01  9.72123598e-01  9.72123598e-01  9.72123598e-01 
 3.71409250e-03  7.40253429e-01  9.72720185e-01  9.72720185e-01  9.72720185e-01  9.72720185e-01 
 3.71509250e-03  7.40239566e-01  9.73299994e-01  9.73299994e-01  9.73299994e-01  9.73299994e-01 
 3.71609250e-03  7.40226088e-01  9.73863056e-01  9.73863056e-01  9.73863056e-01  9.73863056e-01 
 3.71709250e-03  7.40212996e-01  9.74409401e-01  9.74409401e-01  9.74409401e-01  9.74409401e-01 
 3.71809250e-03  7.40200290e-01  9.74939062e-01  9.74939062e-01  9.74939062e-01  9.74939062e-01 
 3.71909250e-03  7.40187972e-01  9.75452067e-01  9.75452067e-01  9.75452067e-01  9.75452067e-01 
 3.72009250e-03  7.40176040e-01  9.75948446e-01  9.75948446e-01  9.75948446e-01  9.75948446e-01 
 3.72109250e-03  7.40164496e-01  9.76428229e-01  9.76428229e-01  9.76428229e-01  9.76428229e-01 
 3.72209250e-03  7.40153341e-01  9.76891235e-01  9.76891235e-01  9.76891235e-01  9.76891235e-01 
 3.72309250e-03  7.40142574e-01  9.77338094e-01  9.77338094e-01  9.77338094e-01  9.77338094e-01 
 3.72409250e-03  7.40132197e-01  9.77768282e-01  9.77768282e-01  9.77768282e-01  9.77768282e-01 
 3.72509250e-03  7.40122209e-01  9.78181954e-01  9.78181954e-01  9.78181954e-01  9.78181954e-01 
 3.72609250e-03  7.40112611e-01  9.78579167e-01  9.78579167e-01  9.78579167e-01  9.78579167e-01 
 3.72709250e-03  7.40103404e-01  9.78959944e-01  9.78959944e-01  9.78959944e-01  9.78959944e-01 
 3.72809250e-03  7.40094587e-01  9.79324310e-01  9.79324310e-01  9.79324310e-01  9.79324310e-01 
 3.72909250e-03  7.40086161e-01  9.79672288e-01  9.79672288e-01  9.79672288e-01  9.79672288e-01 
 3.73009250e-03  7.40078126e-01  9.80003900e-01  9.80003900e-01  9.80003900e-01  9.80003900e-01 
 3.73109250e-03  7.40070483e-01  9.80319167e-01  9.80319167e-01  9.80319167e-01  9.80319167e-01 
 3.73209250e-03  7.40063233e-01  9.80618112e-01  9.80618112e-01  9.80618112e-01  9.80618112e-01 
 3.73309250e-03  7.40056374e-01  9.80900753e-01  9.80900753e-01  9.80900753e-01  9.80900753e-01 
 3.73409250e-03  7.40049908e-01  9.81167109e-01  9.81167109e-01  9.81167109e-01  9.81167109e-01 
 3.73509250e-03  7.40043835e-01  9.81417199e-01  9.81417199e-01  9.81417199e-01  9.81417199e-01 
 3.73609250e-03  7.40038155e-01  9.81651039e-01  9.81651039e-01  9.81651039e-01  9.81651039e-01 
 3.73709250e-03  7.40032868e-01  9.81868645e-01  9.81868645e-01  9.81868645e-01  9.81868645e-01 
 3.73809250e-03  7.40027975e-01  9.82070033e-01  9.82070033e-01  9.82070033e-01  9.82070033e-01 
 3.73909250e-03  7.40023475e-01  9.82255216e-01  9.82255216e-01  9.82255216e-01  9.82255216e-01 
 3.74009250e-03  7.40019369e-01  9.82424208e-01  9.82424208e-01  9.82424208e-01  9.82424208e-01 
 3.74109250e-03  7.40015658e-01  9.82577019e-01  9.82577019e-01  9.82577019e-01  9.82577019e-01 
 3.74209250e-03  7.40012340e-01  9.82713660e-01  9.82713660e-01  9.82713660e-01  9.82713660e-01 
 3.74309250e-03  7.40009417e-01  9.82834142e-01  9.82834142e-01  9.82834142e-01  9.82834142e-01 
 3.74409250e-03  7.40006888e-01  9.82938473e-01  9.82938473e-01  9.82938473e-01  9.82938473e-01 
 3.74509250e-03  7.40004754e-01  9.83026659e-01  9.83026659e-01  9.83026659e-01  9.83026659e-01 
 3.74609250e-03  7.40003014e-01  9.83098703e-01  9.83098703e-01  9.83098703e-01  9.83098703e-01 
 3.74709250e-03  7.40001669e-01  9.83154625e-01  9.83154625e-01  9.83154625e-01  9.83154625e-01 
 3.74809250e-03  7.40000718e-01  9.83194414e-01  9.83194414e-01  9.83194414e-01  9.83194414e-01 
 3.74909250e-03  7.40000163e-01  9.83218077e-01  9.83218077e-01  9.83218077e-01  9.83218077e-01 
 3.75009250e-03  7.40000002e-01  9.83225617e-01  9.83225617e-01  9.83225617e-01  9.83225617e-01 
 3.75109250e-03  7.40000236e-01  9.83217034e-01  9.83217034e-01  9.83217034e-01  9.83217034e-01 
 3.75209250e-03  7.40000864e-01  9.83192327e-01  9.83192327e-01  9.83192327e-01  9.83192327e-01 
 3.75309250e-03  7.40001888e-01  9.83151495e-01  9.83151495e-01  9.83151495e-01  9.83151495e-01 
 3.75409250e-03  7.40003306e-01  9.83094535e-01  9.83094535e-01  9.83094535e-01  9.83094535e-01 
 3.75509250e-03  7.40005119e-01  9.83021443e-01  9.83021443e-01  9.83021443e-01  9.83021443e-01 
 3.75609250e-03  7.40007326e-01  9.82932215e-01  9.82932215e-01  9.82932215e-01  9.82932215e-01 
 3.75709250e-03  7.40009928e-01  9.82826843e-01  9.82826843e-01  9.82826843e-01  9.82826843e-01 
 3.75809250e-03  7.40012924e-01  9.82705321e-01  9.82705321e-01  9.82705321e-01  9.82705321e-01 
 3.75909250e-03  7.40016315e-01  9.82567641e-01  9.82567641e-01  9.82567641e-01  9.82567641e-01 
 3.76009250e-03  7.40020099e-01  9.82413792e-01  9.82413792e-01  9.82413792e-01  9.82413792e-01 
 3.76109250e-03  7.40024278e-01  9.82243764e-01  9.82243764e-01  9.82243764e-01  9.82243764e-01 
 3.76209250e-03  7.40028850e-01  9.82057546e-01  9.82057546e-01  9.82057546e-01  9.82057546e-01 
 3.76309250e-03  7.40033817e-01  9.81855125e-01  9.81855125e-01  9.81855125e-01  9.81855125e-01 
 3.76409250e-03  7.40039176e-01  9.81636487e-01  9.81636487e-01  9.81636487e-01  9.81636487e-01 
 3.76509250e-03  7.40044929e-01  9.81401617e-01  9.81401617e-01  9.81401617e-01  9.81401617e-01 
 3.76609250e-03  7.40051075e-01  9.81150500e-01  9.81150500e-01  9.81150500e-01  9.81150500e-01 
 3.76709250e-03  7.40057613e-01  9.80883118e-01  9.80883118e-01  9.80883118e-01  9.80883118e-01 
 3.76809250e-03  7.40064544e-01  9.80599454e-01  9.80599454e-01  9.80599454e-01  9.80599454e-01 
 3.76909250e-03  7.40071868e-01  9.80299489e-01  9.80299489e-01  9.80299489e-01  9.80299489e-01 
 3.77009250e-03  7.40079583e-01  9.79983203e-01  9.79983203e-01  9.79983203e-01  9.79983203e-01 
 3.77109250e-03  7.40087690e-01  9.79650575e-01  9.79650575e-01  9.79650575e-01  9.79650575e-01 
 3.77209250e-03  7.40096188e-01  9.79301585e-01  9.79301585e-01  9.79301585e-01  9.79301585e-01 
 3.77309250e-03  7.40105077e-01  9.78936209e-01  9.78936209e-01  9.78936209e-01  9.78936209e-01 
 3.77409250e-03  7.40114357e-01  9.78554425e-01  9.78554425e-01  9.78554425e-01  9.78554425e-01 
 3.77509250e-03  7.40124027e-01  9.78156208e-01  9.78156208e-01  9.78156208e-01  9.78156208e-01 
 3.77609250e-03  7.40134087e-01  9.77741534e-01  9.77741534e-01  9.77741534e-01  9.77741534e-01 
 3.77709250e-03  7.40144537e-01  9.77310376e-01  9.77310376e-01  9.77310376e-01  9.77310376e-01 
 3.77809250e-03  7.40155376e-01  9.76862513e-01  9.76862513e-01  9.76862513e-01  9.76862513e-01 
 3.77909250e-03  7.40166603e-01  9.76398483e-01  9.76398483e-01  9.76398483e-01  9.76398483e-01 
 3.78009250e-03  7.40178218e-01  9.75917740e-01  9.75917740e-01  9.75917740e-01  9.75917740e-01 
 3.78109250e-03  7.40190221e-01  9.75420378e-01  9.75420378e-01  9.75420378e-01  9.75420378e-01 
 3.78209250e-03  7.40202612e-01  9.74906395e-01  9.74906395e-01  9.74906395e-01  9.74906395e-01 
 3.78309250e-03  7.40215389e-01  9.74375762e-01  9.74375762e-01  9.74375762e-01  9.74375762e-01 
 3.78409250e-03  7.40228553e-01  9.73828448e-01  9.73828448e-01  9.73828448e-01  9.73828448e-01 
 3.78509250e-03  7.40242102e-01  9.73264422e-01  9.73264422e-01  9.73264422e-01  9.73264422e-01 
 3.78609250e-03  7.40256036e-01  9.72683340e-01  9.72683340e-01  9.72683340e-01  9.72683340e-01 
 3.78709250e-03  7.40270356e-01  9.72086078e-01  9.72086078e-01  9.72086078e-01  9.72086078e-01 
 3.78809250e-03  7.40285059e-01  9.71471772e-01  9.71471772e-01  9.71471772e-01  9.71471772e-01 
 3.78909250e-03  7.40300146e-01  9.70840584e-01  9.70840584e-01  9.70840584e-01  9.70840584e-01 
 3.79009250e-03  7.40315615e-01  9.70192529e-01  9.70192529e-01  9.70192529e-01  9.70192529e-01 
 3.79109250e-03  7.40331467e-01  9.69527574e-01  9.69527574e-01  9.69527574e-01  9.69527574e-01 
 3.79209250e-03  7.40347701e-01  9.68845684e-01  9.68845684e-01  9.68845684e-01  9.68845684e-01 
 3.79309250e-03  7.40364316e-01  9.68146827e-01  9.68146827e-01  9.68146827e-01  9.68146827e-01 
 3.79409250e-03  7.40381311e-01  9.67430517e-01  9.67430517e-01  9.67430517e-01  9.67430517e-01 
 3.79509250e-03  7.40398686e-01  9.66698027e-01  9.66698027e-01  9.66698027e-01  9.66698027e-01 
 3.79609250e-03  7.40416440e-01  9.65948130e-01  9.65948130e-01  9.65948130e-01  9.65948130e-01 
 3.79709250e-03  7.40434573e-01  9.65181070e-01  9.65181070e-01  9.65181070e-01  9.65181070e-01 
 3.79809250e-03  7.40453083e-01  9.64396882e-01  9.64396882e-01  9.64396882e-01  9.64396882e-01 
 3.79909250e-03  7.40471969e-01  9.63595532e-01  9.63595532e-01  9.63595532e-01  9.63595532e-01 
 3.80009250e-03  7.40491232e-01  9.62776986e-01  9.62776986e-01  9.62776986e-01  9.62776986e-01 
 3.80109250e-03  7.40510871e-01  9.61940633e-01  9.61940633e-01  9.61940633e-01  9.61940633e-01 
 3.80209250e-03  7.40530884e-01  9.61088113e-01  9.61088113e-01  9.61088113e-01  9.61088113e-01 
 3.80309250e-03  7.40551271e-01  9.60217866e-01  9.60217866e-01  9.60217866e-01  9.60217866e-01 
 3.80409250e-03  7.40572031e-01  9.59330215e-01  9.59330215e-01  9.59330215e-01  9.59330215e-01 
 3.80509250e-03  7.40593163e-01  9.58425216e-01  9.58425216e-01  9.58425216e-01  9.58425216e-01 
 3.80609250e-03  7.40614666e-01  9.57502839e-01  9.57502839e-01  9.57502839e-01  9.57502839e-01 
 3.80709250e-03  7.40636540e-01  9.56563051e-01  9.56563051e-01  9.56563051e-01  9.56563051e-01 
 3.80809250e-03  7.40658784e-01  9.55605825e-01  9.55605825e-01  9.55605825e-01  9.55605825e-01 
 3.80909250e-03  7.40681396e-01  9.54631133e-01  9.54631133e-01  9.54631133e-01  9.54631133e-01 
 3.81009250e-03  7.40704376e-01  9.53638949e-01  9.53638949e-01  9.53638949e-01  9.53638949e-01 
 3.81109250e-03  7.40727723e-01  9.52628483e-01  9.52628483e-01  9.52628483e-01  9.52628483e-01 
 3.81209250e-03  7.40751437e-01  9.51601908e-01  9.51601908e-01  9.51601908e-01  9.51601908e-01 
 3.81309250e-03  7.40775515e-01  9.50557195e-01  9.50557195e-01  9.50557195e-01  9.50557195e-01 
 3.81409250e-03  7.40799958e-01  9.49493968e-01  9.49493968e-01  9.49493968e-01  9.49493968e-01 
 3.81509250e-03  7.40824763e-01  9.48414664e-01  9.48414664e-01  9.48414664e-01  9.48414664e-01 
 3.81609250e-03  7.40849931e-01  9.47317122e-01  9.47317122e-01  9.47317122e-01  9.47317122e-01 
 3.81709250e-03  7.40875461e-01  9.46201811e-01  9.46201811e-01  9.46201811e-01  9.46201811e-01 
 3.81809250e-03  7.40901350e-01  9.45068833e-01  9.45068833e-01  9.45068833e-01  9.45068833e-01 
 3.81909250e-03  7.40927599e-01  9.43918172e-01  9.43918172e-01  9.43918172e-01  9.43918172e-01 
 3.82009250e-03  7.40954206e-01  9.42749809e-01  9.42749809e-01  9.42749809e-01  9.42749809e-01 
 3.82109250e-03  7.40981170e-01  9.41563730e-01  9.41563730e-01  9.41563730e-01  9.41563730e-01 
 3.82209250e-03  7.41008489e-01  9.40359921e-01  9.40359921e-01  9.40359921e-01  9.40359921e-01 
 3.82309250e-03  7.41036164e-01  9.39138374e-01  9.39138374e-01  9.39138374e-01  9.39138374e-01 
 3.82409250e-03  7.41064193e-01  9.37898110e-01  9.37898110e-01  9.37898110e-01  9.37898110e-01 
 3.82509250e-03  7.41092575e-01  9.36641909e-01  9.36641909e-01  9.36641909e-01  9.36641909e-01 
 3.82609250e-03  7.41121308e-01  9.35367227e-01  9.35367227e-01  9.35367227e-01  9.35367227e-01 
 3.82709250e-03  7.41150392e-01  9.34073633e-01  9.34073633e-01  9.34073633e-01  9.34073633e-01 
 3.82809250e-03  7.41179825e-01  9.32764167e-01  9.32764167e-01  9.32764167e-01  9.32764167e-01 
 3.82909250e-03  7.41209606e-01  9.31436192e-01  9.31436192e-01  9.31436192e-01  9.31436192e-01 
 3.83009250e-03  7.41239735e-01  9.30090305e-01  9.30090305e-01  9.30090305e-01  9.30090305e-01 
 3.83109250e-03  7.41270209e-01  9.28726663e-01  9.28726663e-01  9.28726663e-01  9.28726663e-01 
 3.83209250e-03  7.41301028e-01  9.27345272e-01  9.27345272e-01  9.27345272e-01  9.27345272e-01 
 3.83309250e-03  7.41332190e-01  9.25946135e-01  9.25946135e-01  9.25946135e-01  9.25946135e-01 
 3.83409250e-03  7.41363694e-01  9.24529264e-01  9.24529264e-01  9.24529264e-01  9.24529264e-01 
 3.83509250e-03  7.41395540e-01  9.23094670e-01  9.23094670e-01  9.23094670e-01  9.23094670e-01 
 3.83609250e-03  7.41427725e-01  9.21642370e-01  9.21642370e-01  9.21642370e-01  9.21642370e-01 
 3.83709250e-03  7.41460248e-01  9.20172381e-01  9.20172381e-01  9.20172381e-01  9.20172381e-01 
 3.83809250e-03  7.41493109e-01  9.18684723e-01  9.18684723e-01  9.18684723e-01  9.18684723e-01 
 3.83909250e-03  7.41526305e-01  9.17179419e-01  9.17179419e-01  9.17179419e-01  9.17179419e-01 
 3.84009250e-03  7.41559836e-01  9.15656493e-01  9.15656493e-01  9.15656493e-01  9.15656493e-01 
 3.84109250e-03  7.41593701e-01  9.14115974e-01  9.14115974e-01  9.14115974e-01  9.14115974e-01 
 3.84209250e-03  7.41627897e-01  9.12557892e-01  9.12557892e-01  9.12557892e-01  9.12557892e-01 
 3.84309250e-03  7.41662423e-01  9.10981162e-01  9.10981162e-01  9.10981162e-01  9.10981162e-01 
 3.84409250e-03  7.41697279e-01  9.09389034e-01  9.09389034e-01  9.09389034e-01  9.09389034e-01 
 3.84509250e-03  7.41732462e-01  9.07778625e-01  9.07778625e-01  9.07778625e-01  9.07778625e-01 
 3.84609250e-03  7.41767972e-01  9.06150635e-01  9.06150635e-01  9.06150635e-01  9.06150635e-01 
 3.84709250e-03  7.41803807e-01  9.04504161e-01  9.04504161e-01  9.04504161e-01  9.04504161e-01 
 3.84809250e-03  7.41839966e-01  9.02842462e-01  9.02842462e-01  9.02842462e-01  9.02842462e-01 
 3.84909250e-03  7.41876446e-01  9.01161556e-01  9.01161556e-01  9.01161556e-01  9.01161556e-01 
 3.85009250e-03  7.41913248e-01  8.99465343e-01  8.99465343e-01  8.99465343e-01  8.99465343e-01 
 3.85109250e-03  7.41950368e-01  8.97751149e-01  8.97751149e-01  8.97751149e-01  8.97751149e-01 
 3.85209250e-03  7.41987806e-01  8.96019685e-01  8.96019685e-01  8.96019685e-01  8.96019685e-01 
 3.85309250e-03  7.42025561e-01  8.94271179e-01  8.94271179e-01  8.94271179e-01  8.94271179e-01 
 3.85409250e-03  7.42063631e-01  8.92505694e-01  8.92505694e-01  8.92505694e-01  8.92505694e-01 
 3.85509250e-03  7.42102013e-01  8.90723293e-01  8.90723293e-01  8.90723293e-01  8.90723293e-01 
 3.85609250e-03  7.42140708e-01  8.88924045e-01  8.88924045e-01  8.88924045e-01  8.88924045e-01 
 3.85709250e-03  7.42179713e-01  8.87106969e-01  8.87106969e-01  8.87106969e-01  8.87106969e-01 
 3.85809250e-03  7.42219026e-01  8.85275173e-01  8.85275173e-01  8.85275173e-01  8.85275173e-01 
 3.85909250e-03  7.42258647e-01  8.83425985e-01  8.83425985e-01  8.83425985e-01  8.83425985e-01 
 3.86009250e-03  7.42298574e-01  8.81560104e-01  8.81560104e-01  8.81560104e-01  8.81560104e-01 
 3.86109250e-03  7.42338804e-01  8.79677778e-01  8.79677778e-01  8.79677778e-01  8.79677778e-01 
 3.86209250e-03  7.42379337e-01  8.77778107e-01  8.77778107e-01  8.77778107e-01  8.77778107e-01 
 3.86309250e-03  7.42420171e-01  8.75864023e-01  8.75864023e-01  8.75864023e-01  8.75864023e-01 
 3.86409250e-03  7.42461304e-01  8.73932081e-01  8.73932081e-01  8.73932081e-01  8.73932081e-01 
 3.86509250e-03  7.42502734e-01  8.71985709e-01  8.71985709e-01  8.71985709e-01  8.71985709e-01 
 3.86521750e-03  7.42507934e-01  8.71740545e-01  8.71740545e-01  8.71740545e-01  8.71740545e-01 
 3.86546750e-03  7.42518347e-01  8.71250394e-01  8.71250394e-01  8.71250394e-01  8.71250394e-01 
 3.86596750e-03  7.42539229e-01  8.70268031e-01  8.70268031e-01  8.70268031e-01  8.70268031e-01 
 3.86696750e-03  7.42581213e-01  8.68290880e-01  8.68290880e-01  8.68290880e-01  8.68290880e-01 
 3.86796750e-03  7.42623490e-01  8.66298027e-01  8.66298027e-01  8.66298027e-01  8.66298027e-01 
 3.86896750e-03  7.42666058e-01  8.64290403e-01  8.64290403e-01  8.64290403e-01  8.64290403e-01 
 3.86996750e-03  7.42708916e-01  8.62266452e-01  8.62266452e-01  8.62266452e-01  8.62266452e-01 
 3.87096750e-03  7.42752062e-01  8.60226939e-01  8.60226939e-01  8.60226939e-01  8.60226939e-01 
 3.87196750e-03  7.42795493e-01  8.58171319e-01  8.58171319e-01  8.58171319e-01  8.58171319e-01 
 3.87296750e-03  7.42839210e-01  8.56101230e-01  8.56101230e-01  8.56101230e-01  8.56101230e-01 
 3.87396750e-03  7.42883209e-01  8.54016188e-01  8.54016188e-01  8.54016188e-01  8.54016188e-01 
 3.87496750e-03  7.42927488e-01  8.51916198e-01  8.51916198e-01  8.51916198e-01  8.51916198e-01 
 3.87596750e-03  7.42972047e-01  8.49802088e-01  8.49802088e-01  8.49802088e-01  8.49802088e-01 
 3.87696750e-03  7.43016884e-01  8.47672004e-01  8.47672004e-01  8.47672004e-01  8.47672004e-01 
 3.87796750e-03  7.43061996e-01  8.45527892e-01  8.45527892e-01  8.45527892e-01  8.45527892e-01 
 3.87896750e-03  7.43107382e-01  8.43369488e-01  8.43369488e-01  8.43369488e-01  8.43369488e-01 
 3.87996750e-03  7.43153041e-01  8.41196829e-01  8.41196829e-01  8.41196829e-01  8.41196829e-01 
 3.88096750e-03  7.43198969e-01  8.39010060e-01  8.39010060e-01  8.39010060e-01  8.39010060e-01 
 3.88196750e-03  7.43245166e-01  8.36809333e-01  8.36809333e-01  8.36809333e-01  8.36809333e-01 
 3.88296750e-03  7.43291630e-01  8.34594802e-01  8.34594802e-01  8.34594802e-01  8.34594802e-01 
 3.88396750e-03  7.43338358e-01  8.32366620e-01  8.32366620e-01  8.32366620e-01  8.32366620e-01 
 3.88496750e-03  7.43385350e-01  8.30124946e-01  8.30124946e-01  8.30124946e-01  8.30124946e-01 
 3.88596750e-03  7.43432602e-01  8.27869940e-01  8.27869940e-01  8.27869940e-01  8.27869940e-01 
 3.88696750e-03  7.43480114e-01  8.25601765e-01  8.25601765e-01  8.25601765e-01  8.25601765e-01 
 3.88796750e-03  7.43527884e-01  8.23320588e-01  8.23320588e-01  8.23320588e-01  8.23320588e-01 
 3.88896750e-03  7.43575908e-01  8.21026576e-01  8.21026576e-01  8.21026576e-01  8.21026576e-01 
 3.88996750e-03  7.43624187e-01  8.18719900e-01  8.18719900e-01  8.18719900e-01  8.18719900e-01 
 3.89096750e-03  7.43672717e-01  8.16400736e-01  8.16400736e-01  8.16400736e-01  8.16400736e-01 
 3.89196750e-03  7.43721497e-01  8.14069258e-01  8.14069258e-01  8.14069258e-01  8.14069258e-01 
 3.89296750e-03  7.43770525e-01  8.11725646e-01  8.11725646e-01  8.11725646e-01  8.11725646e-01 
 3.89396750e-03  7.43819798e-01  8.09370081e-01  8.09370081e-01  8.09370081e-01  8.09370081e-01 
 3.89496750e-03  7.43869316e-01  8.07002747e-01  8.07002747e-01  8.07002747e-01  8.07002747e-01 
 3.89596750e-03  7.43919076e-01  8.04623830e-01  8.04623830e-01  8.04623830e-01  8.04623830e-01 
 3.89696750e-03  7.43969076e-01  8.02233518e-01  8.02233518e-01  8.02233518e-01  8.02233518e-01 
 3.89796750e-03  7.44019313e-01  7.99832002e-01  7.99832002e-01  7.99832002e-01  7.99832002e-01 
 3.89896750e-03  7.44069787e-01  7.97419475e-01  7.97419475e-01  7.97419475e-01  7.97419475e-01 
 3.89996750e-03  7.44120496e-01  7.94996133e-01  7.94996133e-01  7.94996133e-01  7.94996133e-01 
 3.90096750e-03  7.44171436e-01  7.92562172e-01  7.92562172e-01  7.92562172e-01  7.92562172e-01 
 3.90196750e-03  7.44222606e-01  7.90117793e-01  7.90117793e-01  7.90117793e-01  7.90117793e-01 
 3.90296750e-03  7.44274004e-01  7.87663197e-01  7.87663197e-01  7.87663197e-01  7.87663197e-01 
 3.90396750e-03  7.44325629e-01  7.85198587e-01  7.85198587e-01  7.85198587e-01  7.85198587e-01 
 3.90496750e-03  7.44377477e-01  7.82724170e-01  7.82724170e-01  7.82724170e-01  7.82724170e-01 
 3.90596750e-03  7.44429548e-01  7.80240152e-01  7.80240152e-01  7.80240152e-01  7.80240152e-01 
 3.90696750e-03  7.44481838e-01  7.77746744e-01  7.77746744e-01  7.77746744e-01  7.77746744e-01 
 3.90796750e-03  7.44534346e-01  7.75244156e-01  7.75244156e-01  7.75244156e-01  7.75244156e-01 
 3.90896750e-03  7.44587070e-01  7.72732602e-01  7.72732602e-01  7.72732602e-01  7.72732602e-01 
 3.90996750e-03  7.44640008e-01  7.70212297e-01  7.70212297e-01  7.70212297e-01  7.70212297e-01 
 3.91096750e-03  7.44693157e-01  7.67683457e-01  7.67683457e-01  7.67683457e-01  7.67683457e-01 
 3.91196750e-03  7.44746516e-01  7.65146300e-01  7.65146300e-01  7.65146300e-01  7.65146300e-01 
 3.91296750e-03  7.44800082e-01  7.62601046e-01  7.62601046e-01  7.62601046e-01  7.62601046e-01 
 3.91396750e-03  7.44853854e-01  7.60047918e-01  7.60047918e-01  7.60047918e-01  7.60047918e-01 
 3.91496750e-03  7.44907828e-01  7.57487136e-01  7.57487136e-01  7.57487136e-01  7.57487136e-01 
 3.91596750e-03  7.44962004e-01  7.54918927e-01  7.54918927e-01  7.54918927e-01  7.54918927e-01 
 3.91696750e-03  7.45016378e-01  7.52343516e-01  7.52343516e-01  7.52343516e-01  7.52343516e-01 
 3.91796750e-03  7.45070950e-01  7.49761129e-01  7.49761129e-01  7.49761129e-01  7.49761129e-01 
 3.91896750e-03  7.45125716e-01  7.47171996e-01  7.47171996e-01  7.47171996e-01  7.47171996e-01 
 3.91996750e-03  7.45180674e-01  7.44576347e-01  7.44576347e-01  7.44576347e-01  7.44576347e-01 
 3.92096750e-03  7.45235822e-01  7.41974412e-01  7.41974412e-01  7.41974412e-01  7.41974412e-01 
 3.92196750e-03  7.45291159e-01  7.39366423e-01  7.39366423e-01  7.39366423e-01  7.39366423e-01 
 3.92296750e-03  7.45346682e-01  7.36752615e-01  7.36752615e-01  7.36752615e-01  7.36752615e-01 
 3.92396750e-03  7.45402388e-01  7.34133221e-01  7.34133221e-01  7.34133221e-01  7.34133221e-01 
 3.92496750e-03  7.45458276e-01  7.31508478e-01  7.31508478e-01  7.31508478e-01  7.31508478e-01 
 3.92596750e-03  7.45514343e-01  7.28878621e-01  7.28878621e-01  7.28878621e-01  7.28878621e-01 
 3.92696750e-03  7.45570587e-01  7.26243889e-01  7.26243889e-01  7.26243889e-01  7.26243889e-01 
 3.92796750e-03  7.45627006e-01  7.23604519e-01  7.23604519e-01  7.23604519e-01  7.23604519e-01 
 3.92896750e-03  7.45683597e-01  7.20960752e-01  7.20960752e-01  7.20960752e-01  7.20960752e-01 
 3.92996750e-03  7.45740359e-01  7.18312827e-01  7.18312827e-01  7.18312827e-01  7.18312827e-01 
 3.93096750e-03  7.45797290e-01  7.15660986e-01  7.15660986e-01  7.15660986e-01  7.15660986e-01 
 3.93196750e-03  7.45854386e-01  7.13005470e-01  7.13005470e-01  7.13005470e-01  7.13005470e-01 
 3.93296750e-03  7.45911646e-01  7.10346523e-01  7.10346523e-01  7.10346523e-01  7.10346523e-01 
 3.93396750e-03  7.45969067e-01  7.07684386e-01  7.07684386e-01  7.07684386e-01  7.07684386e-01 
 3.93496750e-03  7.46026647e-01  7.05019305e-01  7.05019305e-01  7.05019305e-01  7.05019305e-01 
 3.93596750e-03  7.46084384e-01  7.02351524e-01  7.02351524e-01  7.02351524e-01  7.02351524e-01 
 3.93696750e-03  7.46142276e-01  6.99681288e-01  6.99681288e-01  6.99681288e-01  6.99681288e-01 
 3.93796750e-03  7.46200320e-01  6.97008843e-01  6.97008843e-01  6.97008843e-01  6.97008843e-01 
 3.93896750e-03  7.46258514e-01  6.94334435e-01  6.94334435e-01  6.94334435e-01  6.94334435e-01 
 3.93996750e-03  7.46316856e-01  6.91658311e-01  6.91658311e-01  6.91658311e-01  6.91658311e-01 
 3.94096750e-03  7.46375343e-01  6.88980718e-01  6.88980718e-01  6.88980718e-01  6.88980718e-01 
 3.94196750e-03  7.46433973e-01  6.86301903e-01  6.86301903e-01  6.86301903e-01  6.86301903e-01 
 3.94296750e-03  7.46492744e-01  6.83622116e-01  6.83622116e-01  6.83622116e-01  6.83622116e-01 
 3.94396750e-03  7.46551654e-01  6.80941603e-01  6.80941603e-01  6.80941603e-01  6.80941603e-01 
 3.94496750e-03  7.46610700e-01  6.78260615e-01  6.78260615e-01  6.78260615e-01  6.78260615e-01 
 3.94596750e-03  7.46669879e-01  6.75579400e-01  6.75579400e-01  6.75579400e-01  6.75579400e-01 
 3.94696750e-03  7.46729190e-01  6.72898207e-01  6.72898207e-01  6.72898207e-01  6.72898207e-01 
 3.94796750e-03  7.46788630e-01  6.70217286e-01  6.70217286e-01  6.70217286e-01  6.70217286e-01 
 3.94896750e-03  7.46848197e-01  6.67536887e-01  6.67536887e-01  6.67536887e-01  6.67536887e-01 
 3.94996750e-03  7.46907888e-01  6.64857260e-01  6.64857260e-01  6.64857260e-01  6.64857260e-01 
 3.95096750e-03  7.46967701e-01  6.62178656e-01  6.62178656e-01  6.62178656e-01  6.62178656e-01 
 3.95196750e-03  7.47027634e-01  6.59501324e-01  6.59501324e-01  6.59501324e-01  6.59501324e-01 
 3.95296750e-03  7.47087685e-01  6.56825516e-01  6.56825516e-01  6.56825516e-01  6.56825516e-01 
 3.95396750e-03  7.47147850e-01  6.54151482e-01  6.54151482e-01  6.54151482e-01  6.54151482e-01 
 3.95496750e-03  7.47208128e-01  6.51479472e-01  6.51479472e-01  6.51479472e-01  6.51479472e-01 
 3.95596750e-03  7.47268516e-01  6.48809739e-01  6.48809739e-01  6.48809739e-01  6.48809739e-01 
 3.95696750e-03  7.47329012e-01  6.46142532e-01  6.46142532e-01  6.46142532e-01  6.46142532e-01 
 3.95796750e-03  7.47389614e-01  6.43478103e-01  6.43478103e-01  6.43478103e-01  6.43478103e-01 
 3.95896750e-03  7.47450318e-01  6.40816703e-01  6.40816703e-01  6.40816703e-01  6.40816703e-01 
 3.95996750e-03  7.47511123e-01  6.38158583e-01  6.38158583e-01  6.38158583e-01  6.38158583e-01 
 3.96096750e-03  7.47572027e-01  6.35503993e-01  6.35503993e-01  6.35503993e-01  6.35503993e-01 
 3.96196750e-03  7.47633026e-01  6.32853186e-01  6.32853186e-01  6.32853186e-01  6.32853186e-01 
 3.96296750e-03  7.47694119e-01  6.30206411e-01  6.30206411e-01  6.30206411e-01  6.30206411e-01 
 3.96396750e-03  7.47755302e-01  6.27563920e-01  6.27563920e-01  6.27563920e-01  6.27563920e-01 
 3.96496750e-03  7.47816575e-01  6.24925963e-01  6.24925963e-01  6.24925963e-01  6.24925963e-01 
 3.96596750e-03  7.47877933e-01  6.22292792e-01  6.22292792e-01  6.22292792e-01  6.22292792e-01 
 3.96696750e-03  7.47939376e-01  6.19664656e-01  6.19664656e-01  6.19664656e-01  6.19664656e-01 
 3.96796750e-03  7.48000899e-01  6.17041807e-01  6.17041807e-01  6.17041807e-01  6.17041807e-01 
 3.96896750e-03  7.48062502e-01  6.14424494e-01  6.14424494e-01  6.14424494e-01  6.14424494e-01 
 3.96996750e-03  7.48124181e-01  6.11812967e-01  6.11812967e-01  6.11812967e-01  6.11812967e-01 
 3.97096750e-03  7.48185934e-01  6.09207477e-01  6.09207477e-01  6.09207477e-01  6.09207477e-01 
 3.97196750e-03  7.48247759e-01  6.06608273e-01  6.06608273e-01  6.06608273e-01  6.06608273e-01 
 3.97296750e-03  7.48309653e-01  6.04015605e-01  6.04015605e-01  6.04015605e-01  6.04015605e-01 
 3.97396750e-03  7.48371614e-01  6.01429722e-01  6.01429722e-01  6.01429722e-01  6.01429722e-01 
 3.97496750e-03  7.48433638e-01  5.98850872e-01  5.98850872e-01  5.98850872e-01  5.98850872e-01 
 3.97596750e-03  7.48495725e-01  5.96279304e-01  5.96279304e-01  5.96279304e-01  5.96279304e-01 
 3.97609250e-03  7.48503490e-01  5.95958399e-01  5.95958399e-01  5.95958399e-01  5.95958399e-01 
 3.97634250e-03  7.48519023e-01  5.95316900e-01  5.95316900e-01  5.95316900e-01  5.95316900e-01 
 3.97684250e-03  7.48550100e-01  5.94035348e-01  5.94035348e-01  5.94035348e-01  5.94035348e-01 
 3.97784250e-03  7.48612296e-01  5.91478105e-01  5.91478105e-01  5.91478105e-01  5.91478105e-01 
 3.97884250e-03  7.48674547e-01  5.88928857e-01  5.88928857e-01  5.88928857e-01  5.88928857e-01 
 3.97984250e-03  7.48736850e-01  5.86387849e-01  5.86387849e-01  5.86387849e-01  5.86387849e-01 
 3.98084250e-03  7.48799203e-01  5.83855329e-01  5.83855329e-01  5.83855329e-01  5.83855329e-01 
 3.98184250e-03  7.48861604e-01  5.81331543e-01  5.81331543e-01  5.81331543e-01  5.81331543e-01 
 3.98284250e-03  7.48924049e-01  5.78816738e-01  5.78816738e-01  5.78816738e-01  5.78816738e-01 
 3.98384250e-03  7.48986537e-01  5.76311157e-01  5.76311157e-01  5.76311157e-01  5.76311157e-01 
 3.98484250e-03  7.49049065e-01  5.73815044e-01  5.73815044e-01  5.73815044e-01  5.73815044e-01 
 3.98584250e-03  7.49111631e-01  5.71328644e-01  5.71328644e-01  5.71328644e-01  5.71328644e-01 
 3.98684250e-03  7.49174231e-01  5.68852199e-01  5.68852199e-01  5.68852199e-01  5.68852199e-01 
 3.98784250e-03  7.49236864e-01  5.66385950e-01  5.66385950e-01  5.66385950e-01  5.66385950e-01 
 3.98884250e-03  7.49299528e-01  5.63930139e-01  5.63930139e-01  5.63930139e-01  5.63930139e-01 
 3.98984250e-03  7.49362219e-01  5.61485005e-01  5.61485005e-01  5.61485005e-01  5.61485005e-01 
 3.99084250e-03  7.49424935e-01  5.59050788e-01  5.59050788e-01  5.59050788e-01  5.59050788e-01 
 3.99184250e-03  7.49487674e-01  5.56627724e-01  5.56627724e-01  5.56627724e-01  5.56627724e-01 
 3.99284250e-03  7.49550433e-01  5.54216050e-01  5.54216050e-01  5.54216050e-01  5.54216050e-01 
 3.99384250e-03  7.49613209e-01  5.51816001e-01  5.51816001e-01  5.51816001e-01  5.51816001e-01 
 3.99484250e-03  7.49676001e-01  5.49427811e-01  5.49427811e-01  5.49427811e-01  5.49427811e-01 
 3.99584250e-03  7.49738806e-01  5.47051711e-01  5.47051711e-01  5.47051711e-01  5.47051711e-01 
 3.99684250e-03  7.49801621e-01  5.44687932e-01  5.44687932e-01  5.44687932e-01  5.44687932e-01 
 3.99784250e-03  7.49864444e-01  5.42336703e-01  5.42336703e-01  5.42336703e-01  5.42336703e-01 
 3.99884250e-03  7.49927273e-01  5.39998248e-01  5.39998248e-01  5.39998248e-01  5.39998248e-01 
 3.99984250e-03  7.49990104e-01  5.37672794e-01  5.37672794e-01  5.37672794e-01  5.37672794e-01 
 4.00084250e-03  7.50052936e-01  5.35360562e-01  5.35360562e-01  5.35360562e-01  5.35360562e-01 
 4.00184250e-03  7.50115765e-01  5.33061772e-01  5.33061772e-01  5.33061772e-01  5.33061772e-01 
 4.00284250e-03  7.50178590e-01  5.30776641e-01  5.30776641e-01  5.30776641e-01  5.30776641e-01 
 4.00384250e-03  7.50241408e-01  5.28505383e-01  5.28505383e-01  5.28505383e-01  5.28505383e-01 
 4.00484250e-03  7.50304216e-01  5.26248211e-01  5.26248211e-01  5.26248211e-01  5.26248211e-01 
 4.00584250e-03  7.50367013e-01  5.24005331e-01  5.24005331e-01  5.24005331e-01  5.24005331e-01 
 4.00684250e-03  7.50429795e-01  5.21776950e-01  5.21776950e-01  5.21776950e-01  5.21776950e-01 
 4.00784250e-03  7.50492559e-01  5.19563270e-01  5.19563270e-01  5.19563270e-01  5.19563270e-01 
 4.00884250e-03  7.50555305e-01  5.17364487e-01  5.17364487e-01  5.17364487e-01  5.17364487e-01 
 4.00984250e-03  7.50618028e-01  5.15180797e-01  5.15180797e-01  5.15180797e-01  5.15180797e-01 
 4.01084250e-03  7.50680728e-01  5.13012389e-01  5.13012389e-01  5.13012389e-01  5.13012389e-01 
 4.01184250e-03  7.50743400e-01  5.10859448e-01  5.10859448e-01  5.10859448e-01  5.10859448e-01 
 4.01284250e-03  7.50806043e-01  5.08722157e-01  5.08722157e-01  5.08722157e-01  5.08722157e-01 
 4.01384250e-03  7.50868654e-01  5.06600692e-01  5.06600692e-01  5.06600692e-01  5.06600692e-01 
 4.01484250e-03  7.50931231e-01  5.04495223e-01  5.04495223e-01  5.04495223e-01  5.04495223e-01 
 4.01584250e-03  7.50993771e-01  5.02405917e-01  5.02405917e-01  5.02405917e-01  5.02405917e-01 
 4.01684250e-03  7.51056271e-01  5.00332935e-01  5.00332935e-01  5.00332935e-01  5.00332935e-01 
 4.01784250e-03  7.51118731e-01  4.98276431e-01  4.98276431e-01  4.98276431e-01  4.98276431e-01 
 4.01884250e-03  7.51181145e-01  4.96236556e-01  4.96236556e-01  4.96236556e-01  4.96236556e-01 
 4.01984250e-03  7.51243514e-01  4.94213453e-01  4.94213453e-01  4.94213453e-01  4.94213453e-01 
 4.02084250e-03  7.51305833e-01  4.92207257e-01  4.92207257e-01  4.92207257e-01  4.92207257e-01 
 4.02184250e-03  7.51368101e-01  4.90218100e-01  4.90218100e-01  4.90218100e-01  4.90218100e-01 
 4.02284250e-03  7.51430314e-01  4.88246104e-01  4.88246104e-01  4.88246104e-01  4.88246104e-01 
 4.02384250e-03  7.51492471e-01  4.86291387e-01  4.86291387e-01  4.86291387e-01  4.86291387e-01 
 4.02484250e-03  7.51554570e-01  4.84354058e-01  4.84354058e-01  4.84354058e-01  4.84354058e-01 
 4.02584250e-03  7.51616607e-01  4.82434220e-01  4.82434220e-01  4.82434220e-01  4.82434220e-01 
 4.02684250e-03  7.51678580e-01  4.80531967e-01  4.80531967e-01  4.80531967e-01  4.80531967e-01 
 4.02784250e-03  7.51740486e-01  4.78647386e-01  4.78647386e-01  4.78647386e-01  4.78647386e-01 
 4.02884250e-03  7.51802325e-01  4.76780557e-01  4.76780557e-01  4.76780557e-01  4.76780557e-01 
 4.02984250e-03  7.51864091e-01  4.74931552e-01  4.74931552e-01  4.74931552e-01  4.74931552e-01 
 4.03084250e-03  7.51925785e-01  4.73100434e-01  4.73100434e-01  4.73100434e-01  4.73100434e-01 
 4.03184250e-03  7.51987402e-01  4.71287259e-01  4.71287259e-01  4.71287259e-01  4.71287259e-01 
 4.03284250e-03  7.52048941e-01  4.69492073e-01  4.69492073e-01  4.69492073e-01  4.69492073e-01 
 4.03384250e-03  7.52110399e-01  4.67714918e-01  4.67714918e-01  4.67714918e-01  4.67714918e-01 
 4.03484250e-03  7.52171774e-01  4.65955823e-01  4.65955823e-01  4.65955823e-01  4.65955823e-01 
 4.03584250e-03  7.52233063e-01  4.64214811e-01  4.64214811e-01  4.64214811e-01  4.64214811e-01 
 4.03684250e-03  7.52294263e-01  4.62491898e-01  4.62491898e-01  4.62491898e-01  4.62491898e-01 
 4.03784250e-03  7.52355374e-01  4.60787089e-01  4.60787089e-01  4.60787089e-01  4.60787089e-01 
 4.03884250e-03  7.52416391e-01  4.59100381e-01  4.59100381e-01  4.59100381e-01  4.59100381e-01 
 4.03984250e-03  7.52477313e-01  4.57431767e-01  4.57431767e-01  4.57431767e-01  4.57431767e-01 
 4.04084250e-03  7.52538137e-01  4.55781227e-01  4.55781227e-01  4.55781227e-01  4.55781227e-01 
 4.04184250e-03  7.52598860e-01  4.54148734e-01  4.54148734e-01  4.54148734e-01  4.54148734e-01 
 4.04284250e-03  7.52659482e-01  4.52534257e-01  4.52534257e-01  4.52534257e-01  4.52534257e-01 
 4.04384250e-03  7.52719998e-01  4.50937752e-01  4.50937752e-01  4.50937752e-01  4.50937752e-01 
 4.04484250e-03  7.52780407e-01  4.49359170e-01  4.49359170e-01  4.49359170e-01  4.49359170e-01 
 4.04584250e-03  7.52840706e-01  4.47798455e-01  4.47798455e-01  4.47798455e-01  4.47798455e-01 
 4.04684250e-03  7.52900893e-01  4.46255543e-01  4.46255543e-01  4.46255543e-01  4.46255543e-01 
 4.04784250e-03  7.52960965e-01  4.44730363e-01  4.44730363e-01  4.44730363e-01  4.44730363e-01 
 4.04884250e-03  7.53020921e-01  4.43222837e-01  4.43222837e-01  4.43222837e-01  4.43222837e-01 
 4.04984250e-03  7.53080757e-01  4.41732882e-01  4.41732882e-01  4.41732882e-01  4.41732882e-01 
 4.05084250e-03  7.53140471e-01  4.40260405e-01  4.40260405e-01  4.40260405e-01  4.40260405e-01 
 4.05184250e-03  7.53200062e-01  4.38805309e-01  4.38805309e-01  4.38805309e-01  4.38805309e-01 
 4.05284250e-03  7.53259526e-01  4.37367493e-01  4.37367493e-01  4.37367493e-01  4.37367493e-01 
 4.05384250e-03  7.53318862e-01  4.35946848e-01  4.35946848e-01  4.35946848e-01  4.35946848e-01 
 4.05484250e-03  7.53378067e-01  4.34543259e-01  4.34543259e-01  4.34543259e-01  4.34543259e-01 
 4.05584250e-03  7.53437138e-01  4.33156608e-01  4.33156608e-01  4.33156608e-01  4.33156608e-01 
 4.05684250e-03  7.53496073e-01  4.31786769e-01  4.31786769e-01  4.31786769e-01  4.31786769e-01 
 4.05784250e-03  7.53554871e-01  4.30433616e-01  4.30433616e-01  4.30433616e-01  4.30433616e-01 
 4.05884250e-03  7.53613528e-01  4.29097015e-01  4.29097015e-01  4.29097015e-01  4.29097015e-01 
 4.05984250e-03  7.53672043e-01  4.27776829e-01  4.27776829e-01  4.27776829e-01  4.27776829e-01 
 4.06084250e-03  7.53730412e-01  4.26472918e-01  4.26472918e-01  4.26472918e-01  4.26472918e-01 
 4.06184250e-03  7.53788635e-01  4.25185136e-01  4.25185136e-01  4.25185136e-01  4.25185136e-01 
 4.06284250e-03  7.53846707e-01  4.23913338e-01  4.23913338e-01  4.23913338e-01  4.23913338e-01 
 4.06384250e-03  7.53904628e-01  4.22657372e-01  4.22657372e-01  4.22657372e-01  4.22657372e-01 
 4.06484250e-03  7.53962395e-01  4.21417085e-01  4.21417085e-01  4.21417085e-01  4.21417085e-01 
 4.06584250e-03  7.54020005e-01  4.20192322e-01  4.20192322e-01  4.20192322e-01  4.20192322e-01 
 4.06684250e-03  7.54077457e-01  4.18982926e-01  4.18982926e-01  4.18982926e-01  4.18982926e-01 
 4.06784250e-03  7.54134747e-01  4.17788736e-01  4.17788736e-01  4.17788736e-01  4.17788736e-01 
 4.06884250e-03  7.54191875e-01  4.16609592e-01  4.16609592e-01  4.16609592e-01  4.16609592e-01 
 4.06984250e-03  7.54248837e-01  4.15445330e-01  4.15445330e-01  4.15445330e-01  4.15445330e-01 
 4.07084250e-03  7.54305631e-01  4.14295788e-01  4.14295788e-01  4.14295788e-01  4.14295788e-01 
 4.07184250e-03  7.54362255e-01  4.13160799e-01  4.13160799e-01  4.13160799e-01  4.13160799e-01 
 4.07284250e-03  7.54418707e-01  4.12040198e-01  4.12040198e-01  4.12040198e-01  4.12040198e-01 
 4.07384250e-03  7.54474984e-01  4.10933819e-01  4.10933819e-01  4.10933819e-01  4.10933819e-01 
 4.07484250e-03  7.54531085e-01  4.09841495e-01  4.09841495e-01  4.09841495e-01  4.09841495e-01 
 4.07584250e-03  7.54587007e-01  4.08763059e-01  4.08763059e-01  4.08763059e-01  4.08763059e-01 
 4.07684250e-03  7.54642748e-01  4.07698344e-01  4.07698344e-01  4.07698344e-01  4.07698344e-01 
 4.07784250e-03  7.54698306e-01  4.06647184e-01  4.06647184e-01  4.06647184e-01  4.06647184e-01 
 4.07884250e-03  7.54753678e-01  4.05609411e-01  4.05609411e-01  4.05609411e-01  4.05609411e-01 
 4.07984250e-03  7.54808862e-01  4.04584860e-01  4.04584860e-01  4.04584860e-01  4.04584860e-01 
 4.08084250e-03  7.54863857e-01  4.03573366e-01  4.03573366e-01  4.03573366e-01  4.03573366e-01 
 4.08184250e-03  7.54918660e-01  4.02574762e-01  4.02574762e-01  4.02574762e-01  4.02574762e-01 
 4.08284250e-03  7.54973268e-01  4.01588887e-01  4.01588887e-01  4.01588887e-01  4.01588887e-01 
 4.08384250e-03  7.55027680e-01  4.00615576e-01  4.00615576e-01  4.00615576e-01  4.00615576e-01 
 4.08484250e-03  7.55081894e-01  3.99654668e-01  3.99654668e-01  3.99654668e-01  3.99654668e-01 
 4.08584250e-03  7.55135907e-01  3.98706002e-01  3.98706002e-01  3.98706002e-01  3.98706002e-01 
 4.08684250e-03  7.55189717e-01  3.97769420e-01  3.97769420e-01  3.97769420e-01  3.97769420e-01 
 4.08784250e-03  7.55243322e-01  3.96844762e-01  3.96844762e-01  3.96844762e-01  3.96844762e-01 
 4.08884250e-03  7.55296721e-01  3.95931872e-01  3.95931872e-01  3.95931872e-01  3.95931872e-01 
 4.08984250e-03  7.55349910e-01  3.95030596e-01  3.95030596e-01  3.95030596e-01  3.95030596e-01 
 4.09084250e-03  7.55402888e-01  3.94140779e-01  3.94140779e-01  3.94140779e-01  3.94140779e-01 
 4.09184250e-03  7.55455653e-01  3.93262271e-01  3.93262271e-01  3.93262271e-01  3.93262271e-01 
 4.09284250e-03  7.55508202e-01  3.92394921e-01  3.92394921e-01  3.92394921e-01  3.92394921e-01 
 4.09384250e-03  7.55560534e-01  3.91538581e-01  3.91538581e-01  3.91538581e-01  3.91538581e-01 
 4.09484250e-03  7.55612646e-01  3.90693104e-01  3.90693104e-01  3.90693104e-01  3.90693104e-01 
 4.09584250e-03  7.55664537e-01  3.89858346e-01  3.89858346e-01  3.89858346e-01  3.89858346e-01 
 4.09684250e-03  7.55716204e-01  3.89034164e-01  3.89034164e-01  3.89034164e-01  3.89034164e-01 
 4.09784250e-03  7.55767646e-01  3.88220417e-01  3.88220417e-01  3.88220417e-01  3.88220417e-01 
 4.09884250e-03  7.55818860e-01  3.87416966e-01  3.87416966e-01  3.87416966e-01  3.87416966e-01 
 4.09984250e-03  7.55869844e-01  3.86623674e-01  3.86623674e-01  3.86623674e-01  3.86623674e-01 
 4.10084250e-03  7.55920596e-01  3.85840407e-01  3.85840407e-01  3.85840407e-01  3.85840407e-01 
 4.10184250e-03  7.55971115e-01  3.85067031e-01  3.85067031e-01  3.85067031e-01  3.85067031e-01 
 4.10284250e-03  7.56021397e-01  3.84303416e-01  3.84303416e-01  3.84303416e-01  3.84303416e-01 
 4.10384250e-03  7.56071443e-01  3.83549432e-01  3.83549432e-01  3.83549432e-01  3.83549432e-01 
 4.10484250e-03  7.56121248e-01  3.82804952e-01  3.82804952e-01  3.82804952e-01  3.82804952e-01 
 4.10584250e-03  7.56170812e-01  3.82069852e-01  3.82069852e-01  3.82069852e-01  3.82069852e-01 
 4.10684250e-03  7.56220132e-01  3.81344008e-01  3.81344008e-01  3.81344008e-01  3.81344008e-01 
 4.10784250e-03  7.56269207e-01  3.80627300e-01  3.80627300e-01  3.80627300e-01  3.80627300e-01 
 4.10884250e-03  7.56318034e-01  3.79919608e-01  3.79919608e-01  3.79919608e-01  3.79919608e-01 
 4.10984250e-03  7.56366612e-01  3.79220817e-01  3.79220817e-01  3.79220817e-01  3.79220817e-01 
 4.11084250e-03  7.56414938e-01  3.78530809e-01  3.78530809e-01  3.78530809e-01  3.78530809e-01 
 4.11184250e-03  7.56463011e-01  3.77849474e-01  3.77849474e-01  3.77849474e-01  3.77849474e-01 
 4.11284250e-03  7.56510829e-01  3.77176699e-01  3.77176699e-01  3.77176699e-01  3.77176699e-01 
 4.11384250e-03  7.56558390e-01  3.76512375e-01  3.76512375e-01  3.76512375e-01  3.76512375e-01 
 4.11484250e-03  7.56605692e-01  3.75856396e-01  3.75856396e-01  3.75856396e-01  3.75856396e-01 
 4.11584250e-03  7.56652734e-01  3.75208656e-01  3.75208656e-01  3.75208656e-01  3.75208656e-01 
 4.11684250e-03  7.56699512e-01  3.74569052e-01  3.74569052e-01  3.74569052e-01  3.74569052e-01 
 4.11784250e-03  7.56746026e-01  3.73937481e-01  3.73937481e-01  3.73937481e-01  3.73937481e-01 
 4.11884250e-03  7.56792274e-01  3.73313845e-01  3.73313845e-01  3.73313845e-01  3.73313845e-01 
 4.11984250e-03  7.56838254e-01  3.72698046e-01  3.72698046e-01  3.72698046e-01  3.72698046e-01 
 4.12084250e-03  7.56883964e-01  3.72089987e-01  3.72089987e-01  3.72089987e-01  3.72089987e-01 
 4.12184250e-03  7.56929401e-01  3.71489574e-01  3.71489574e-01  3.71489574e-01  3.71489574e-01 
 4.12284250e-03  7.56974566e-01  3.70896715e-01  3.70896715e-01  3.70896715e-01  3.70896715e-01 
 4.12384250e-03  7.57019455e-01  3.70311319e-01  3.70311319e-01  3.70311319e-01  3.70311319e-01 
 4.12484250e-03  7.57064067e-01  3.69733297e-01  3.69733297e-01  3.69733297e-01  3.69733297e-01 
 4.12584250e-03  7.57108400e-01  3.69162561e-01  3.69162561e-01  3.69162561e-01  3.69162561e-01 
 4.12684250e-03  7.57152452e-01  3.68599026e-01  3.68599026e-01  3.68599026e-01  3.68599026e-01 
 4.12784250e-03  7.57196222e-01  3.68042608e-01  3.68042608e-01  3.68042608e-01  3.68042608e-01 
 4.12884250e-03  7.57239708e-01  3.67493224e-01  3.67493224e-01  3.67493224e-01  3.67493224e-01 
 4.12984250e-03  7.57282908e-01  3.66950793e-01  3.66950793e-01  3.66950793e-01  3.66950793e-01 
 4.13084250e-03  7.57325821e-01  3.66415236e-01  3.66415236e-01  3.66415236e-01  3.66415236e-01 
 4.13184250e-03  7.57368444e-01  3.65886475e-01  3.65886475e-01  3.65886475e-01  3.65886475e-01 
 4.13284250e-03  7.57410777e-01  3.65364434e-01  3.65364434e-01  3.65364434e-01  3.65364434e-01 
 4.13384250e-03  7.57452817e-01  3.64849038e-01  3.64849038e-01  3.64849038e-01  3.64849038e-01 
 4.13484250e-03  7.57494563e-01  3.64340213e-01  3.64340213e-01  3.64340213e-01  3.64340213e-01 
 4.13584250e-03  7.57536013e-01  3.63837889e-01  3.63837889e-01  3.63837889e-01  3.63837889e-01 
 4.13684250e-03  7.57577165e-01  3.63341994e-01  3.63341994e-01  3.63341994e-01  3.63341994e-01 
 4.13784250e-03  7.57618018e-01  3.62852459e-01  3.62852459e-01  3.62852459e-01  3.62852459e-01 
 4.13884250e-03  7.57658571e-01  3.62369216e-01  3.62369216e-01  3.62369216e-01  3.62369216e-01 
 4.13984250e-03  7.57698821e-01  3.61892200e-01  3.61892200e-01  3.61892200e-01  3.61892200e-01 
 4.14084250e-03  7.57738767e-01  3.61421344e-01  3.61421344e-01  3.61421344e-01  3.61421344e-01 
 4.14184250e-03  7.57778408e-01  3.60956586e-01  3.60956586e-01  3.60956586e-01  3.60956586e-01 
 4.14284250e-03  7.57817741e-01  3.60497862e-01  3.60497862e-01  3.60497862e-01  3.60497862e-01 
 4.14384250e-03  7.57856766e-01  3.60045111e-01  3.60045111e-01  3.60045111e-01  3.60045111e-01 
 4.14484250e-03  7.57895481e-01  3.59598274e-01  3.59598274e-01  3.59598274e-01  3.59598274e-01 
 4.14584250e-03  7.57933884e-01  3.59157291e-01  3.59157291e-01  3.59157291e-01  3.59157291e-01 
 4.14684250e-03  7.57971974e-01  3.58722105e-01  3.58722105e-01  3.58722105e-01  3.58722105e-01 
 4.14784250e-03  7.58009749e-01  3.58292659e-01  3.58292659e-01  3.58292659e-01  3.58292659e-01 
 4.14884250e-03  7.58047208e-01  3.57868898e-01  3.57868898e-01  3.57868898e-01  3.57868898e-01 
 4.14984250e-03  7.58084349e-01  3.57450767e-01  3.57450767e-01  3.57450767e-01  3.57450767e-01 
 4.15084250e-03  7.58121171e-01  3.57038214e-01  3.57038214e-01  3.57038214e-01  3.57038214e-01 
 4.15184250e-03  7.58157673e-01  3.56631186e-01  3.56631186e-01  3.56631186e-01  3.56631186e-01 
 4.15284250e-03  7.58193852e-01  3.56229632e-01  3.56229632e-01  3.56229632e-01  3.56229632e-01 
 4.15384250e-03  7.58229708e-01  3.55833502e-01  3.55833502e-01  3.55833502e-01  3.55833502e-01 
 4.15484250e-03  7.58265239e-01  3.55442747e-01  3.55442747e-01  3.55442747e-01  3.55442747e-01 
 4.15584250e-03  7.58300444e-01  3.55057319e-01  3.55057319e-01  3.55057319e-01  3.55057319e-01 
 4.15684250e-03  7.58335321e-01  3.54677172e-01  3.54677172e-01  3.54677172e-01  3.54677172e-01 
 4.15784250e-03  7.58369869e-01  3.54302258e-01  3.54302258e-01  3.54302258e-01  3.54302258e-01 
 4.15884250e-03  7.58404087e-01  3.53932533e-01  3.53932533e-01  3.53932533e-01  3.53932533e-01 
 4.15984250e-03  7.58437973e-01  3.53567952e-01  3.53567952e-01  3.53567952e-01  3.53567952e-01 
 4.16084250e-03  7.58471525e-01  3.53208473e-01  3.53208473e-01  3.53208473e-01  3.53208473e-01 
 4.16184250e-03  7.58504744e-01  3.52854053e-01  3.52854053e-01  3.52854053e-01  3.52854053e-01 
 4.16284250e-03  7.58537626e-01  3.52504650e-01  3.52504650e-01  3.52504650e-01  3.52504650e-01 
 4.16384250e-03  7.58570171e-01  3.52160223e-01  3.52160223e-01  3.52160223e-01  3.52160223e-01 
 4.16484250e-03  7.58602379e-01  3.51820733e-01  3.51820733e-01  3.51820733e-01  3.51820733e-01 
 4.16584250e-03  7.58634246e-01  3.51485503e-01  3.51485503e-01  3.51485503e-01  3.51485503e-01 
 4.16684250e-03  7.58665773e-01  3.51155769e-01  3.51155769e-01  3.51155769e-01  3.51155769e-01 
 4.16784250e-03  7.58696957e-01  3.50830881e-01  3.50830881e-01  3.50830881e-01  3.50830881e-01 
 4.16884250e-03  7.58727798e-01  3.50511356e-01  3.50511356e-01  3.50511356e-01  3.50511356e-01 
 4.16984250e-03  7.58758295e-01  3.50195999e-01  3.50195999e-01  3.50195999e-01  3.50195999e-01 
 4.17084250e-03  7.58788446e-01  3.49885333e-01  3.49885333e-01  3.49885333e-01  3.49885333e-01 
 4.17184250e-03  7.58818250e-01  3.49579351e-01  3.49579351e-01  3.49579351e-01  3.49579351e-01 
 4.17284250e-03  7.58847706e-01  3.49278015e-01  3.49278015e-01  3.49278015e-01  3.49278015e-01 
 4.17384250e-03  7.58876812e-01  3.48981292e-01  3.48981292e-01  3.48981292e-01  3.48981292e-01 
 4.17484250e-03  7.58905568e-01  3.48688661e-01  3.48688661e-01  3.48688661e-01  3.48688661e-01 
 4.17584250e-03  7.58933973e-01  3.48401542e-01  3.48401542e-01  3.48401542e-01  3.48401542e-01 
 4.17684250e-03  7.58962024e-01  3.48118486e-01  3.48118486e-01  3.48118486e-01  3.48118486e-01 
 4.17784250e-03  7.58989722e-01  3.47839897e-01  3.47839897e-01  3.47839897e-01  3.47839897e-01 
 4.17884250e-03  7.59017065e-01  3.47565769e-01  3.47565769e-01  3.47565769e-01  3.47565769e-01 
 4.17984250e-03  7.59044053e-01  3.47296071e-01  3.47296071e-01  3.47296071e-01  3.47296071e-01 
 4.18084250e-03  7.59070683e-01  3.47030371e-01  3.47030371e-01  3.47030371e-01  3.47030371e-01 
 4.18184250e-03  7.59096955e-01  3.46769838e-01  3.46769838e-01  3.46769838e-01  3.46769838e-01 
 4.18284250e-03  7.59122867e-01  3.46513276e-01  3.46513276e-01  3.46513276e-01  3.46513276e-01 
 4.18384250e-03  7.59148420e-01  3.46261017e-01  3.46261017e-01  3.46261017e-01  3.46261017e-01 
 4.18484250e-03  7.59173612e-01  3.46012700e-01  3.46012700e-01  3.46012700e-01  3.46012700e-01 
 4.18584250e-03  7.59198441e-01  3.45769348e-01  3.45769348e-01  3.45769348e-01  3.45769348e-01 
 4.18684250e-03  7.59222907e-01  3.45529581e-01  3.45529581e-01  3.45529581e-01  3.45529581e-01 
 4.18784250e-03  7.59247009e-01  3.45294666e-01  3.45294666e-01  3.45294666e-01  3.45294666e-01 
 4.18884250e-03  7.59270746e-01  3.45063336e-01  3.45063336e-01  3.45063336e-01  3.45063336e-01 
 4.18984250e-03  7.59294117e-01  3.44836768e-01  3.44836768e-01  3.44836768e-01  3.44836768e-01 
 4.19084250e-03  7.59317121e-01  3.44613781e-01  3.44613781e-01  3.44613781e-01  3.44613781e-01 
 4.19184250e-03  7.59339758e-01  3.44395197e-01  3.44395197e-01  3.44395197e-01  3.44395197e-01 
 4.19284250e-03  7.59362025e-01  3.44180730e-01  3.44180730e-01  3.44180730e-01  3.44180730e-01 
 4.19384250e-03  7.59383923e-01  3.43970601e-01  3.43970601e-01  3.43970601e-01  3.43970601e-01 
 4.19484250e-03  7.59405451e-01  3.43764035e-01  3.43764035e-01  3.43764035e-01  3.43764035e-01 
 4.19584250e-03  7.59426607e-01  3.43561751e-01  3.43561751e-01  3.43561751e-01  3.43561751e-01 
 4.19684250e-03  7.59447391e-01  3.43363503e-01  3.43363503e-01  3.43363503e-01  3.43363503e-01 
 4.19784250e-03  7.59467802e-01  3.43169259e-01  3.43169259e-01  3.43169259e-01  3.43169259e-01 
 4.19884250e-03  7.59487840e-01  3.42979001e-01  3.42979001e-01  3.42979001e-01  3.42979001e-01 
 4.19984250e-03  7.59507502e-01  3.42792712e-01  3.42792712e-01  3.42792712e-01  3.42792712e-01 
 4.20084250e-03  7.59526790e-01  3.42610565e-01  3.42610565e-01  3.42610565e-01  3.42610565e-01 
 4.20184250e-03  7.59545701e-01  3.42432158e-01  3.42432158e-01  3.42432158e-01  3.42432158e-01 
 4.20284250e-03  7.59564236e-01  3.42257486e-01  3.42257486e-01  3.42257486e-01  3.42257486e-01 
 4.20384250e-03  7.59582393e-01  3.42086893e-01  3.42086893e-01  3.42086893e-01  3.42086893e-01 
 4.20484250e-03  7.59600171e-01  3.41920351e-01  3.41920351e-01  3.41920351e-01  3.41920351e-01 
 4.20584250e-03  7.59617571e-01  3.41757362e-01  3.41757362e-01  3.41757362e-01  3.41757362e-01 
 4.20684250e-03  7.59634591e-01  3.41598376e-01  3.41598376e-01  3.41598376e-01  3.41598376e-01 
 4.20784250e-03  7.59651230e-01  3.41443373e-01  3.41443373e-01  3.41443373e-01  3.41443373e-01 
 4.20884250e-03  7.59667489e-01  3.41292053e-01  3.41292053e-01  3.41292053e-01  3.41292053e-01 
 4.20984250e-03  7.59683366e-01  3.41144413e-01  3.41144413e-01  3.41144413e-01  3.41144413e-01 
 4.21084250e-03  7.59698860e-01  3.41000699e-01  3.41000699e-01  3.41000699e-01  3.41000699e-01 
 4.21184250e-03  7.59713972e-01  3.40860887e-01  3.40860887e-01  3.40860887e-01  3.40860887e-01 
 4.21284250e-03  7.59728700e-01  3.40724622e-01  3.40724622e-01  3.40724622e-01  3.40724622e-01 
 4.21384250e-03  7.59743045e-01  3.40592222e-01  3.40592222e-01  3.40592222e-01  3.40592222e-01 
 4.21484250e-03  7.59757004e-01  3.40463573e-01  3.40463573e-01  3.40463573e-01  3.40463573e-01 
 4.21584250e-03  7.59770578e-01  3.40338659e-01  3.40338659e-01  3.40338659e-01  3.40338659e-01 
 4.21684250e-03  7.59783767e-01  3.40217553e-01  3.40217553e-01  3.40217553e-01  3.40217553e-01 
 4.21784250e-03  7.59796569e-01  3.40099993e-01  3.40099993e-01  3.40099993e-01  3.40099993e-01 
 4.21884250e-03  7.59808985e-01  3.39986214e-01  3.39986214e-01  3.39986214e-01  3.39986214e-01 
 4.21984250e-03  7.59821013e-01  3.39876202e-01  3.39876202e-01  3.39876202e-01  3.39876202e-01 
 4.22084250e-03  7.59832654e-01  3.39769733e-01  3.39769733e-01  3.39769733e-01  3.39769733e-01 
 4.22184250e-03  7.59843906e-01  3.39667003e-01  3.39667003e-01  3.39667003e-01  3.39667003e-01 
 4.22284250e-03  7.59854770e-01  3.39567940e-01  3.39567940e-01  3.39567940e-01  3.39567940e-01 
 4.22384250e-03  7.59865245e-01  3.39472531e-01  3.39472531e-01  3.39472531e-01  3.39472531e-01 
 4.22484250e-03  7.59875330e-01  3.39380769e-01  3.39380769e-01  3.39380769e-01  3.39380769e-01 
 4.22584250e-03  7.59885026e-01  3.39292645e-01  3.39292645e-01  3.39292645e-01  3.39292645e-01 
 4.22684250e-03  7.59894331e-01  3.39208153e-01  3.39208153e-01  3.39208153e-01  3.39208153e-01 
 4.22784250e-03  7.59903246e-01  3.39127321e-01  3.39127321e-01  3.39127321e-01  3.39127321e-01 
 4.22884250e-03  7.59911769e-01  3.39050031e-01  3.39050031e-01  3.39050031e-01  3.39050031e-01 
 4.22984250e-03  7.59919902e-01  3.38976387e-01  3.38976387e-01  3.38976387e-01  3.38976387e-01 
 4.23084250e-03  7.59927643e-01  3.38906347e-01  3.38906347e-01  3.38906347e-01  3.38906347e-01 
 4.23184250e-03  7.59934991e-01  3.38839929e-01  3.38839929e-01  3.38839929e-01  3.38839929e-01 
 4.23284250e-03  7.59941948e-01  3.38777053e-01  3.38777053e-01  3.38777053e-01  3.38777053e-01 
 4.23384250e-03  7.59948512e-01  3.38717786e-01  3.38717786e-01  3.38717786e-01  3.38717786e-01 
 4.23484250e-03  7.59954683e-01  3.38662101e-01  3.38662101e-01  3.38662101e-01  3.38662101e-01 
 4.23584250e-03  7.59960462e-01  3.38609992e-01  3.38609992e-01  3.38609992e-01  3.38609992e-01 
 4.23596750e-03  7.59961156e-01  3.38603746e-01  3.38603746e-01  3.38603746e-01  3.38603746e-01 
 4.23621750e-03  7.59962527e-01  3.38591388e-01  3.38591388e-01  3.38591388e-01  3.38591388e-01 
 4.23671750e-03  7.59965195e-01  3.38567340e-01  3.38567340e-01  3.38567340e-01  3.38567340e-01 
 4.23771750e-03  7.59970236e-01  3.38521909e-01  3.38521909e-01  3.38521909e-01  3.38521909e-01 
 4.23871750e-03  7.59974884e-01  3.38480056e-01  3.38480056e-01  3.38480056e-01  3.38480056e-01 
 4.23971750e-03  7.59979137e-01  3.38441764e-01  3.38441764e-01  3.38441764e-01  3.38441764e-01 
 4.24071750e-03  7.59982997e-01  3.38407028e-01  3.38407028e-01  3.38407028e-01  3.38407028e-01 
 4.24171750e-03  7.59986462e-01  3.38375851e-01  3.38375851e-01  3.38375851e-01  3.38375851e-01 
 4.24271750e-03  7.59989533e-01  3.38348215e-01  3.38348215e-01  3.38348215e-01  3.38348215e-01 
 4.24371750e-03  7.59992210e-01  3.38324133e-01  3.38324133e-01  3.38324133e-01  3.38324133e-01 
 4.24471750e-03  7.59994492e-01  3.38303597e-01  3.38303597e-01  3.38303597e-01  3.38303597e-01 
 4.24571750e-03  7.59996380e-01  3.38286607e-01  3.38286607e-01  3.38286607e-01  3.38286607e-01 
 4.24671750e-03  7.59997873e-01  3.38273160e-01  3.38273160e-01  3.38273160e-01  3.38273160e-01 
 4.24771750e-03  7.59998972e-01  3.38263256e-01  3.38263256e-01  3.38263256e-01  3.38263256e-01 
 4.24871750e-03  7.59999675e-01  3.38256892e-01  3.38256892e-01  3.38256892e-01  3.38256892e-01 
 4.24971750e-03  7.59999984e-01  3.38254070e-01  3.38254070e-01  3.38254070e-01  3.38254070e-01 
 4.25071750e-03  7.59999898e-01  3.38254789e-01  3.38254789e-01  3.38254789e-01  3.38254789e-01 
 4.25171750e-03  7.59999418e-01  3.38259048e-01  3.38259048e-01  3.38259048e-01  3.38259048e-01 
 4.25271750e-03  7.59998542e-01  3.38266848e-01  3.38266848e-01  3.38266848e-01  3.38266848e-01 
 4.25371750e-03  7.59997272e-01  3.38278190e-01  3.38278190e-01  3.38278190e-01  3.38278190e-01 
 4.25471750e-03  7.59995607e-01  3.38293075e-01  3.38293075e-01  3.38293075e-01  3.38293075e-01 
 4.25571750e-03  7.59993548e-01  3.38311504e-01  3.38311504e-01  3.38311504e-01  3.38311504e-01 
 4.25671750e-03  7.59991094e-01  3.38333478e-01  3.38333478e-01  3.38333478e-01  3.38333478e-01 
 4.25771750e-03  7.59988246e-01  3.38359004e-01  3.38359004e-01  3.38359004e-01  3.38359004e-01 
 4.25871750e-03  7.59985003e-01  3.38388076e-01  3.38388076e-01  3.38388076e-01  3.38388076e-01 
 4.25971750e-03  7.59981366e-01  3.38420701e-01  3.38420701e-01  3.38420701e-01  3.38420701e-01 
 4.26071750e-03  7.59977335e-01  3.38456873e-01  3.38456873e-01  3.38456873e-01  3.38456873e-01 
 4.26171750e-03  7.59972910e-01  3.38496619e-01  3.38496619e-01  3.38496619e-01  3.38496619e-01 
 4.26271750e-03  7.59968092e-01  3.38539918e-01  3.38539918e-01  3.38539918e-01  3.38539918e-01 
 4.26371750e-03  7.59962880e-01  3.38586771e-01  3.38586771e-01  3.38586771e-01  3.38586771e-01 
 4.26471750e-03  7.59957274e-01  3.38637202e-01  3.38637202e-01  3.38637202e-01  3.38637202e-01 
 4.26571750e-03  7.59951276e-01  3.38691208e-01  3.38691208e-01  3.38691208e-01  3.38691208e-01 
 4.26671750e-03  7.59944885e-01  3.38748792e-01  3.38748792e-01  3.38748792e-01  3.38748792e-01 
 4.26771750e-03  7.59938101e-01  3.38809959e-01  3.38809959e-01  3.38809959e-01  3.38809959e-01 
 4.26871750e-03  7.59930924e-01  3.38874715e-01  3.38874715e-01  3.38874715e-01  3.38874715e-01 
 4.26971750e-03  7.59923356e-01  3.38943064e-01  3.38943064e-01  3.38943064e-01  3.38943064e-01 
 4.27071750e-03  7.59915396e-01  3.39015014e-01  3.39015014e-01  3.39015014e-01  3.39015014e-01 
 4.27171750e-03  7.59907044e-01  3.39090570e-01  3.39090570e-01  3.39090570e-01  3.39090570e-01 
 4.27271750e-03  7.59898302e-01  3.39169739e-01  3.39169739e-01  3.39169739e-01  3.39169739e-01 
 4.27371750e-03  7.59889168e-01  3.39252527e-01  3.39252527e-01  3.39252527e-01  3.39252527e-01 
 4.27471750e-03  7.59879645e-01  3.39338943e-01  3.39338943e-01  3.39338943e-01  3.39338943e-01 
 4.27571750e-03  7.59869731e-01  3.39428993e-01  3.39428993e-01  3.39428993e-01  3.39428993e-01 
 4.27671750e-03  7.59859427e-01  3.39522686e-01  3.39522686e-01  3.39522686e-01  3.39522686e-01 
 4.27771750e-03  7.59848734e-01  3.39620030e-01  3.39620030e-01  3.39620030e-01  3.39620030e-01 
 4.27871750e-03  7.59837653e-01  3.39721032e-01  3.39721032e-01  3.39721032e-01  3.39721032e-01 
 4.27971750e-03  7.59826183e-01  3.39825704e-01  3.39825704e-01  3.39825704e-01  3.39825704e-01 
 4.28071750e-03  7.59814325e-01  3.39934120e-01  3.39934120e-01  3.39934120e-01  3.39934120e-01 
 4.28171750e-03  7.59802080e-01  3.40046090e-01  3.40046090e-01  3.40046090e-01  3.40046090e-01 
 4.28271750e-03  7.59789448e-01  3.40161821e-01  3.40161821e-01  3.40161821e-01  3.40161821e-01 
 4.28371750e-03  7.59776429e-01  3.40281262e-01  3.40281262e-01  3.40281262e-01  3.40281262e-01 
 4.28471750e-03  7.59763024e-01  3.40404508e-01  3.40404508e-01  3.40404508e-01  3.40404508e-01 
 4.28571750e-03  7.59749234e-01  3.40531312e-01  3.40531312e-01  3.40531312e-01  3.40531312e-01 
 4.28671750e-03  7.59735059e-01  3.40661937e-01  3.40661937e-01  3.40661937e-01  3.40661937e-01 
 4.28771750e-03  7.59720500e-01  3.40796319e-01  3.40796319e-01  3.40796319e-01  3.40796319e-01 
 4.28871750e-03  7.59705557e-01  3.40934465e-01  3.40934465e-01  3.40934465e-01  3.40934465e-01 
 4.28971750e-03  7.59690231e-01  3.41076389e-01  3.41076389e-01  3.41076389e-01  3.41076389e-01 
 4.29071750e-03  7.59674522e-01  3.41222103e-01  3.41222103e-01  3.41222103e-01  3.41222103e-01 
 4.29171750e-03  7.59658431e-01  3.41371620e-01  3.41371620e-01  3.41371620e-01  3.41371620e-01 
 4.29271750e-03  7.59641959e-01  3.41524954e-01  3.41524954e-01  3.41524954e-01  3.41524954e-01 
 4.29371750e-03  7.59625106e-01  3.41682120e-01  3.41682120e-01  3.41682120e-01  3.41682120e-01 
 4.29471750e-03  7.59607874e-01  3.41843132e-01  3.41843132e-01  3.41843132e-01  3.41843132e-01 
 4.29571750e-03  7.59590262e-01  3.42008005e-01  3.42008005e-01  3.42008005e-01  3.42008005e-01 
 4.29671750e-03  7.59572271e-01  3.42176754e-01  3.42176754e-01  3.42176754e-01  3.42176754e-01 
 4.29771750e-03  7.59553903e-01  3.42349395e-01  3.42349395e-01  3.42349395e-01  3.42349395e-01 
 4.29871750e-03  7.59535157e-01  3.42525945e-01  3.42525945e-01  3.42525945e-01  3.42525945e-01 
 4.29971750e-03  7.59516035e-01  3.42706419e-01  3.42706419e-01  3.42706419e-01  3.42706419e-01 
 4.30071750e-03  7.59496538e-01  3.42890835e-01  3.42890835e-01  3.42890835e-01  3.42890835e-01 
 4.30171750e-03  7.59476665e-01  3.43079211e-01  3.43079211e-01  3.43079211e-01  3.43079211e-01 
 4.30271750e-03  7.59456418e-01  3.43271565e-01  3.43271565e-01  3.43271565e-01  3.43271565e-01 
 4.30371750e-03  7.59435798e-01  3.43467914e-01  3.43467914e-01  3.43467914e-01  3.43467914e-01 
 4.30471750e-03  7.59414805e-01  3.43668278e-01  3.43668278e-01  3.43668278e-01  3.43668278e-01 
 4.30571750e-03  7.59393441e-01  3.43872917e-01  3.43872917e-01  3.43872917e-01  3.43872917e-01 
 4.30671750e-03  7.59371706e-01  3.44081136e-01  3.44081136e-01  3.44081136e-01  3.44081136e-01 
 4.30771750e-03  7.59349601e-01  3.44293913e-01  3.44293913e-01  3.44293913e-01  3.44293913e-01 
 4.30871750e-03  7.59327127e-01  3.44510285e-01  3.44510285e-01  3.44510285e-01  3.44510285e-01 
 4.30971750e-03  7.59304284e-01  3.44731294e-01  3.44731294e-01  3.44731294e-01  3.44731294e-01 
 4.31071750e-03  7.59281075e-01  3.44955901e-01  3.44955901e-01  3.44955901e-01  3.44955901e-01 
 4.31171750e-03  7.59257499e-01  3.45184927e-01  3.45184927e-01  3.45184927e-01  3.45184927e-01 
 4.31271750e-03  7.59233557e-01  3.45418462e-01  3.45418462e-01  3.45418462e-01  3.45418462e-01 
 4.31371750e-03  7.59209251e-01  3.45655588e-01  3.45655588e-01  3.45655588e-01  3.45655588e-01 
 4.31471750e-03  7.59184581e-01  3.45897234e-01  3.45897234e-01  3.45897234e-01  3.45897234e-01 
 4.31571750e-03  7.59159549e-01  3.46143150e-01  3.46143150e-01  3.46143150e-01  3.46143150e-01 
 4.31671750e-03  7.59134155e-01  3.46393344e-01  3.46393344e-01  3.46393344e-01  3.46393344e-01 
 4.31771750e-03  7.59108401e-01  3.46647845e-01  3.46647845e-01  3.46647845e-01  3.46647845e-01 
 4.31871750e-03  7.59082286e-01  3.46906678e-01  3.46906678e-01  3.46906678e-01  3.46906678e-01 
 4.31971750e-03  7.59055814e-01  3.47170267e-01  3.47170267e-01  3.47170267e-01  3.47170267e-01 
 4.32071750e-03  7.59028984e-01  3.47437871e-01  3.47437871e-01  3.47437871e-01  3.47437871e-01 
 4.32171750e-03  7.59001797e-01  3.47709876e-01  3.47709876e-01  3.47709876e-01  3.47709876e-01 
 4.32271750e-03  7.58974255e-01  3.47985889e-01  3.47985889e-01  3.47985889e-01  3.47985889e-01 
 4.32371750e-03  7.58946359e-01  3.48266782e-01  3.48266782e-01  3.48266782e-01  3.48266782e-01 
 4.32471750e-03  7.58918110e-01  3.48552663e-01  3.48552663e-01  3.48552663e-01  3.48552663e-01 
 4.32571750e-03  7.58889508e-01  3.48842156e-01  3.48842156e-01  3.48842156e-01  3.48842156e-01 
 4.32671750e-03  7.58860556e-01  3.49137141e-01  3.49137141e-01  3.49137141e-01  3.49137141e-01 
 4.32771750e-03  7.58831253e-01  3.49435768e-01  3.49435768e-01  3.49435768e-01  3.49435768e-01 
 4.32871750e-03  7.58801602e-01  3.49740007e-01  3.49740007e-01  3.49740007e-01  3.49740007e-01 
 4.32971750e-03  7.58771604e-01  3.50047895e-01  3.50047895e-01  3.50047895e-01  3.50047895e-01 
 4.33071750e-03  7.58741259e-01  3.50361523e-01  3.50361523e-01  3.50361523e-01  3.50361523e-01 
 4.33171750e-03  7.58710570e-01  3.50678806e-01  3.50678806e-01  3.50678806e-01  3.50678806e-01 
 4.33271750e-03  7.58679536e-01  3.51001369e-01  3.51001369e-01  3.51001369e-01  3.51001369e-01 
 4.33371750e-03  7.58648160e-01  3.51328762e-01  3.51328762e-01  3.51328762e-01  3.51328762e-01 
 4.33471750e-03  7.58616442e-01  3.51661620e-01  3.51661620e-01  3.51661620e-01  3.51661620e-01 
 4.33571750e-03  7.58584384e-01  3.51998764e-01  3.51998764e-01  3.51998764e-01  3.51998764e-01 
 4.33671750e-03  7.58551988e-01  3.52340135e-01  3.52340135e-01  3.52340135e-01  3.52340135e-01 
 4.33771750e-03  7.58519253e-01  3.52687088e-01  3.52687088e-01  3.52687088e-01  3.52687088e-01 
 4.33871750e-03  7.58486183e-01  3.53039769e-01  3.53039769e-01  3.53039769e-01  3.53039769e-01 
 4.33971750e-03  7.58452777e-01  3.53396821e-01  3.53396821e-01  3.53396821e-01  3.53396821e-01 
 4.34071750e-03  7.58419037e-01  3.53758923e-01  3.53758923e-01  3.53758923e-01  3.53758923e-01 
 4.34171750e-03  7.58384966e-01  3.54126151e-01  3.54126151e-01  3.54126151e-01  3.54126151e-01 
 4.34271750e-03  7.58350563e-01  3.54497761e-01  3.54497761e-01  3.54497761e-01  3.54497761e-01 
 4.34371750e-03  7.58315830e-01  3.54876123e-01  3.54876123e-01  3.54876123e-01  3.54876123e-01 
 4.34471750e-03  7.58280770e-01  3.55259016e-01  3.55259016e-01  3.55259016e-01  3.55259016e-01 
 4.34571750e-03  7.58245382e-01  3.55646322e-01  3.55646322e-01  3.55646322e-01  3.55646322e-01 
 4.34671750e-03  7.58209669e-01  3.56040654e-01  3.56040654e-01  3.56040654e-01  3.56040654e-01 
 4.34771750e-03  7.58173632e-01  3.56439599e-01  3.56439599e-01  3.56439599e-01  3.56439599e-01 
 4.34871750e-03  7.58137272e-01  3.56843951e-01  3.56843951e-01  3.56843951e-01  3.56843951e-01 
 4.34971750e-03  7.58100590e-01  3.57253805e-01  3.57253805e-01  3.57253805e-01  3.57253805e-01 
 4.35071750e-03  7.58063589e-01  3.57669210e-01  3.57669210e-01  3.57669210e-01  3.57669210e-01 
 4.35171750e-03  7.58026270e-01  3.58090217e-01  3.58090217e-01  3.58090217e-01  3.58090217e-01 
 4.35271750e-03  7.57988634e-01  3.58516880e-01  3.58516880e-01  3.58516880e-01  3.58516880e-01 
 4.35371750e-03  7.57950682e-01  3.58949253e-01  3.58949253e-01  3.58949253e-01  3.58949253e-01 
 4.35471750e-03  7.57912417e-01  3.59387392e-01  3.59387392e-01  3.59387392e-01  3.59387392e-01 
 4.35571750e-03  7.57873839e-01  3.59831355e-01  3.59831355e-01  3.59831355e-01  3.59831355e-01 
 4.35671750e-03  7.57834950e-01  3.60281200e-01  3.60281200e-01  3.60281200e-01  3.60281200e-01 
 4.35771750e-03  7.57795752e-01  3.60736986e-01  3.60736986e-01  3.60736986e-01  3.60736986e-01 
 4.35871750e-03  7.57756247e-01  3.61198774e-01  3.61198774e-01  3.61198774e-01  3.61198774e-01 
 4.35971750e-03  7.57716435e-01  3.61666625e-01  3.61666625e-01  3.61666625e-01  3.61666625e-01 
 4.36071750e-03  7.57676318e-01  3.62140602e-01  3.62140602e-01  3.62140602e-01  3.62140602e-01 
 4.36171750e-03  7.57635898e-01  3.62620770e-01  3.62620770e-01  3.62620770e-01  3.62620770e-01 
 4.36271750e-03  7.57595177e-01  3.63107195e-01  3.63107195e-01  3.63107195e-01  3.63107195e-01 
 4.36371750e-03  7.57554156e-01  3.63599944e-01  3.63599944e-01  3.63599944e-01  3.63599944e-01 
 4.36471750e-03  7.57512837e-01  3.64099084e-01  3.64099084e-01  3.64099084e-01  3.64099084e-01 
 4.36571750e-03  7.57471221e-01  3.64604686e-01  3.64604686e-01  3.64604686e-01  3.64604686e-01 
 4.36671750e-03  7.57429311e-01  3.65116821e-01  3.65116821e-01  3.65116821e-01  3.65116821e-01 
 4.36771750e-03  7.57387107e-01  3.65635560e-01  3.65635560e-01  3.65635560e-01  3.65635560e-01 
 4.36871750e-03  7.57344611e-01  3.66160979e-01  3.66160979e-01  3.66160979e-01  3.66160979e-01 
 4.36971750e-03  7.57301825e-01  3.66693152e-01  3.66693152e-01  3.66693152e-01  3.66693152e-01 
 4.37071750e-03  7.57258752e-01  3.67232157e-01  3.67232157e-01  3.67232157e-01  3.67232157e-01 
 4.37171750e-03  7.57215391e-01  3.67778071e-01  3.67778071e-01  3.67778071e-01  3.67778071e-01 
 4.37271750e-03  7.57171746e-01  3.68330975e-01  3.68330975e-01  3.68330975e-01  3.68330975e-01 
 4.37371750e-03  7.57127818e-01  3.68890951e-01  3.68890951e-01  3.68890951e-01  3.68890951e-01 
 4.37471750e-03  7.57083608e-01  3.69458081e-01  3.69458081e-01  3.69458081e-01  3.69458081e-01 
 4.37571750e-03  7.57039118e-01  3.70032451e-01  3.70032451e-01  3.70032451e-01  3.70032451e-01 
 4.37671750e-03  7.56994351e-01  3.70614146e-01  3.70614146e-01  3.70614146e-01  3.70614146e-01 
 4.37771750e-03  7.56949308e-01  3.71203254e-01  3.71203254e-01  3.71203254e-01  3.71203254e-01 
 4.37871750e-03  7.56903990e-01  3.71799866e-01  3.71799866e-01  3.71799866e-01  3.71799866e-01 
 4.37971750e-03  7.56858399e-01  3.72404074e-01  3.72404074e-01  3.72404074e-01  3.72404074e-01 
 4.38071750e-03  7.56812538e-01  3.73015969e-01  3.73015969e-01  3.73015969e-01  3.73015969e-01 
 4.38171750e-03  7.56766408e-01  3.73635647e-01  3.73635647e-01  3.73635647e-01  3.73635647e-01 
 4.38271750e-03  7.56720011e-01  3.74263205e-01  3.74263205e-01  3.74263205e-01  3.74263205e-01 
 4.38371750e-03  7.56673349e-01  3.74898742e-01  3.74898742e-01  3.74898742e-01  3.74898742e-01 
 4.38471750e-03  7.56626423e-01  3.75542357e-01  3.75542357e-01  3.75542357e-01  3.75542357e-01 
 4.38571750e-03  7.56579235e-01  3.76194154e-01  3.76194154e-01  3.76194154e-01  3.76194154e-01 
 4.38671750e-03  7.56531788e-01  3.76854235e-01  3.76854235e-01  3.76854235e-01  3.76854235e-01 
 4.38771750e-03  7.56484083e-01  3.77522708e-01  3.77522708e-01  3.77522708e-01  3.77522708e-01 
 4.38871750e-03  7.56436122e-01  3.78199680e-01  3.78199680e-01  3.78199680e-01  3.78199680e-01 
 4.38971750e-03  7.56387906e-01  3.78885261e-01  3.78885261e-01  3.78885261e-01  3.78885261e-01 
 4.39071750e-03  7.56339439e-01  3.79579562e-01  3.79579562e-01  3.79579562e-01  3.79579562e-01 
 4.39171750e-03  7.56290721e-01  3.80282698e-01  3.80282698e-01  3.80282698e-01  3.80282698e-01 
 4.39271750e-03  7.56241755e-01  3.80994784e-01  3.80994784e-01  3.80994784e-01  3.80994784e-01 
 4.39371750e-03  7.56192543e-01  3.81715937e-01  3.81715937e-01  3.81715937e-01  3.81715937e-01 
 4.39471750e-03  7.56143086e-01  3.82446278e-01  3.82446278e-01  3.82446278e-01  3.82446278e-01 
 4.39571750e-03  7.56093387e-01  3.83185928e-01  3.83185928e-01  3.83185928e-01  3.83185928e-01 
 4.39671750e-03  7.56043447e-01  3.83935011e-01  3.83935011e-01  3.83935011e-01  3.83935011e-01 
 4.39771750e-03  7.55993268e-01  3.84693652e-01  3.84693652e-01  3.84693652e-01  3.84693652e-01 
 4.39871750e-03  7.55942853e-01  3.85461979e-01  3.85461979e-01  3.85461979e-01  3.85461979e-01 
 4.39971750e-03  7.55892203e-01  3.86240121e-01  3.86240121e-01  3.86240121e-01  3.86240121e-01 
 4.40071750e-03  7.55841321e-01  3.87028211e-01  3.87028211e-01  3.87028211e-01  3.87028211e-01 
 4.40171750e-03  7.55790208e-01  3.87826381e-01  3.87826381e-01  3.87826381e-01  3.87826381e-01 
 4.40271750e-03  7.55738866e-01  3.88634768e-01  3.88634768e-01  3.88634768e-01  3.88634768e-01 
 4.40371750e-03  7.55687298e-01  3.89453509e-01  3.89453509e-01  3.89453509e-01  3.89453509e-01 
 4.40471750e-03  7.55635506e-01  3.90282743e-01  3.90282743e-01  3.90282743e-01  3.90282743e-01 
 4.40571750e-03  7.55583490e-01  3.91122612e-01  3.91122612e-01  3.91122612e-01  3.91122612e-01 
 4.40671750e-03  7.55531255e-01  3.91973259e-01  3.91973259e-01  3.91973259e-01  3.91973259e-01 
 4.40771750e-03  7.55478801e-01  3.92834829e-01  3.92834829e-01  3.92834829e-01  3.92834829e-01 
 4.40871750e-03  7.55426131e-01  3.93707469e-01  3.93707469e-01  3.93707469e-01  3.93707469e-01 
 4.40971750e-03  7.55373246e-01  3.94591328e-01  3.94591328e-01  3.94591328e-01  3.94591328e-01 
 4.41071750e-03  7.55320150e-01  3.95486557e-01  3.95486557e-01  3.95486557e-01  3.95486557e-01 
 4.41171750e-03  7.55266843e-01  3.96393306e-01  3.96393306e-01  3.96393306e-01  3.96393306e-01 
 4.41271750e-03  7.55213329e-01  3.97311731e-01  3.97311731e-01  3.97311731e-01  3.97311731e-01 
 4.41371750e-03  7.55159608e-01  3.98241986e-01  3.98241986e-01  3.98241986e-01  3.98241986e-01 
 4.41471750e-03  7.55105684e-01  3.99184228e-01  3.99184228e-01  3.99184228e-01  3.99184228e-01 
 4.41571750e-03  7.55051559e-01  4.00138616e-01  4.00138616e-01  4.00138616e-01  4.00138616e-01 
 4.41671750e-03  7.54997234e-01  4.01105308e-01  4.01105308e-01  4.01105308e-01  4.01105308e-01 
 4.41771750e-03  7.54942711e-01  4.02084466e-01  4.02084466e-01  4.02084466e-01  4.02084466e-01 
 4.41871750e-03  7.54887994e-01  4.03076252e-01  4.03076252e-01  4.03076252e-01  4.03076252e-01 
 4.41971750e-03  7.54833084e-01  4.04080827e-01  4.04080827e-01  4.04080827e-01  4.04080827e-01 
 4.42071750e-03  7.54777982e-01  4.05098357e-01  4.05098357e-01  4.05098357e-01  4.05098357e-01 
 4.42171750e-03  7.54722693e-01  4.06129005e-01  4.06129005e-01  4.06129005e-01  4.06129005e-01 
 4.42271750e-03  7.54667216e-01  4.07172937e-01  4.07172937e-01  4.07172937e-01  4.07172937e-01 
 4.42371750e-03  7.54611556e-01  4.08230319e-01  4.08230319e-01  4.08230319e-01  4.08230319e-01 
 4.42471750e-03  7.54555713e-01  4.09301316e-01  4.09301316e-01  4.09301316e-01  4.09301316e-01 
 4.42571750e-03  7.54499691e-01  4.10386096e-01  4.10386096e-01  4.10386096e-01  4.10386096e-01 
 4.42671750e-03  7.54443491e-01  4.11484824e-01  4.11484824e-01  4.11484824e-01  4.11484824e-01 
 4.42771750e-03  7.54387115e-01  4.12597666e-01  4.12597666e-01  4.12597666e-01  4.12597666e-01 
 4.42871750e-03  7.54330567e-01  4.13724790e-01  4.13724790e-01  4.13724790e-01  4.13724790e-01 
 4.42971750e-03  7.54273847e-01  4.14866359e-01  4.14866359e-01  4.14866359e-01  4.14866359e-01 
 4.43071750e-03  7.54216959e-01  4.16022540e-01  4.16022540e-01  4.16022540e-01  4.16022540e-01 
 4.43171750e-03  7.54159904e-01  4.17193495e-01  4.17193495e-01  4.17193495e-01  4.17193495e-01 
 4.43271750e-03  7.54102685e-01  4.18379389e-01  4.18379389e-01  4.18379389e-01  4.18379389e-01 
 4.43371750e-03  7.54045304e-01  4.19580381e-01  4.19580381e-01  4.19580381e-01  4.19580381e-01 
 4.43471750e-03  7.53987763e-01  4.20796633e-01  4.20796633e-01  4.20796633e-01  4.20796633e-01 
 4.43571750e-03  7.53930065e-01  4.22028302e-01  4.22028302e-01  4.22028302e-01  4.22028302e-01 
 4.43671750e-03  7.53872211e-01  4.23275545e-01  4.23275545e-01  4.23275545e-01  4.23275545e-01 
 4.43771750e-03  7.53814205e-01  4.24538515e-01  4.24538515e-01  4.24538515e-01  4.24538515e-01 
 4.43871750e-03  7.53756048e-01  4.25817364e-01  4.25817364e-01  4.25817364e-01  4.25817364e-01 
 4.43971750e-03  7.53697743e-01  4.27112240e-01  4.27112240e-01  4.27112240e-01  4.27112240e-01 
 4.44071750e-03  7.53639292e-01  4.28423288e-01  4.28423288e-01  4.28423288e-01  4.28423288e-01 
 4.44171750e-03  7.53580698e-01  4.29750651e-01  4.29750651e-01  4.29750651e-01  4.29750651e-01 
 4.44271750e-03  7.53521961e-01  4.31094467e-01  4.31094467e-01  4.31094467e-01  4.31094467e-01 
 4.44371750e-03  7.53463086e-01  4.32454871e-01  4.32454871e-01  4.32454871e-01  4.32454871e-01 
 4.44471750e-03  7.53404074e-01  4.33831993e-01  4.33831993e-01  4.33831993e-01  4.33831993e-01 
 4.44571750e-03  7.53344928e-01  4.35225960e-01  4.35225960e-01  4.35225960e-01  4.35225960e-01 
 4.44671750e-03  7.53285650e-01  4.36636892e-01  4.36636892e-01  4.36636892e-01  4.36636892e-01 
 4.44771750e-03  7.53226242e-01  4.38064906e-01  4.38064906e-01  4.38064906e-01  4.38064906e-01 
 4.44871750e-03  7.53166707e-01  4.39510114e-01  4.39510114e-01  4.39510114e-01  4.39510114e-01 
 4.44971750e-03  7.53107046e-01  4.40972620e-01  4.40972620e-01  4.40972620e-01  4.40972620e-01 
 4.45071750e-03  7.53047263e-01  4.42452526e-01  4.42452526e-01  4.42452526e-01  4.42452526e-01 
 4.45171750e-03  7.52987360e-01  4.43949924e-01  4.43949924e-01  4.43949924e-01  4.43949924e-01 
 4.45271750e-03  7.52927339e-01  4.45464904e-01  4.45464904e-01  4.45464904e-01  4.45464904e-01 
 4.45371750e-03  7.52867202e-01  4.46997545e-01  4.46997545e-01  4.46997545e-01  4.46997545e-01 
 4.45471750e-03  7.52806952e-01  4.48547922e-01  4.48547922e-01  4.48547922e-01  4.48547922e-01 
 4.45571750e-03  7.52746591e-01  4.50116104e-01  4.50116104e-01  4.50116104e-01  4.50116104e-01 
 4.45671750e-03  7.52686122e-01  4.51702150e-01  4.51702150e-01  4.51702150e-01  4.51702150e-01 
 4.45771750e-03  7.52625546e-01  4.53306114e-01  4.53306114e-01  4.53306114e-01  4.53306114e-01 
 4.45871750e-03  7.52564868e-01  4.54928042e-01  4.54928042e-01  4.54928042e-01  4.54928042e-01 
 4.45971750e-03  7.52504087e-01  4.56567973e-01  4.56567973e-01  4.56567973e-01  4.56567973e-01 
 4.46071750e-03  7.52443208e-01  4.58225935e-01  4.58225935e-01  4.58225935e-01  4.58225935e-01 
 4.46171750e-03  7.52382233e-01  4.59901953e-01  4.59901953e-01  4.59901953e-01  4.59901953e-01 
 4.46271750e-03  7.52321163e-01  4.61596040e-01  4.61596040e-01  4.61596040e-01  4.61596040e-01 
 4.46371750e-03  7.52260002e-01  4.63308204e-01  4.63308204e-01  4.63308204e-01  4.63308204e-01 
 4.46471750e-03  7.52198751e-01  4.65038443e-01  4.65038443e-01  4.65038443e-01  4.65038443e-01 
 4.46571750e-03  7.52137414e-01  4.66786747e-01  4.66786747e-01  4.66786747e-01  4.66786747e-01 
 4.46671750e-03  7.52075993e-01  4.68553098e-01  4.68553098e-01  4.68553098e-01  4.68553098e-01 
 4.46771750e-03  7.52014489e-01  4.70337470e-01  4.70337470e-01  4.70337470e-01  4.70337470e-01 
 4.46871750e-03  7.51952906e-01  4.72139829e-01  4.72139829e-01  4.72139829e-01  4.72139829e-01 
 4.46971750e-03  7.51891246e-01  4.73960132e-01  4.73960132e-01  4.73960132e-01  4.73960132e-01 
 4.47071750e-03  7.51829511e-01  4.75798329e-01  4.75798329e-01  4.75798329e-01  4.75798329e-01 
 4.47171750e-03  7.51767704e-01  4.77654361e-01  4.77654361e-01  4.77654361e-01  4.77654361e-01 
 4.47271750e-03  7.51705827e-01  4.79528161e-01  4.79528161e-01  4.79528161e-01  4.79528161e-01 
 4.47371750e-03  7.51643883e-01  4.81419655e-01  4.81419655e-01  4.81419655e-01  4.81419655e-01 
 4.47471750e-03  7.51581874e-01  4.83328760e-01  4.83328760e-01  4.83328760e-01  4.83328760e-01 
 4.47571750e-03  7.51519802e-01  4.85255387e-01  4.85255387e-01  4.85255387e-01  4.85255387e-01 
 4.47671750e-03  7.51457671e-01  4.87199438e-01  4.87199438e-01  4.87199438e-01  4.87199438e-01 
 4.47771750e-03  7.51395481e-01  4.89160808e-01  4.89160808e-01  4.89160808e-01  4.89160808e-01 
 4.47871750e-03  7.51333237e-01  4.91139385e-01  4.91139385e-01  4.91139385e-01  4.91139385e-01 
 4.47971750e-03  7.51270940e-01  4.93135051e-01  4.93135051e-01  4.93135051e-01  4.93135051e-01 
 4.48071750e-03  7.51208593e-01  4.95147678e-01  4.95147678e-01  4.95147678e-01  4.95147678e-01 
 4.48171750e-03  7.51146199e-01  4.97177135e-01  4.97177135e-01  4.97177135e-01  4.97177135e-01 
 4.48271750e-03  7.51083759e-01  4.99223284e-01  4.99223284e-01  4.99223284e-01  4.99223284e-01 
 4.48371750e-03  7.51021276e-01  5.01285978e-01  5.01285978e-01  5.01285978e-01  5.01285978e-01 
 4.48471750e-03  7.50958753e-01  5.03365067e-01  5.03365067e-01  5.03365067e-01  5.03365067e-01 
 4.48571750e-03  7.50896192e-01  5.05460394e-01  5.05460394e-01  5.05460394e-01  5.05460394e-01 
 4.48671750e-03  7.50833596e-01  5.07571796e-01  5.07571796e-01  5.07571796e-01  5.07571796e-01 
 4.48771750e-03  7.50770966e-01  5.09699106e-01  5.09699106e-01  5.09699106e-01  5.09699106e-01 
 4.48871750e-03  7.50708307e-01  5.11842152e-01  5.11842152e-01  5.11842152e-01  5.11842152e-01 
 4.48971750e-03  7.50645619e-01  5.14000754e-01  5.14000754e-01  5.14000754e-01  5.14000754e-01 
 4.49071750e-03  7.50582906e-01  5.16174731e-01  5.16174731e-01  5.16174731e-01  5.16174731e-01 
 4.49171750e-03  7.50520170e-01  5.18363897e-01  5.18363897e-01  5.18363897e-01  5.18363897e-01 
 4.49271750e-03  7.50457413e-01  5.20568059e-01  5.20568059e-01  5.20568059e-01  5.20568059e-01 
 4.49371750e-03  7.50394639e-01  5.22787024e-01  5.22787024e-01  5.22787024e-01  5.22787024e-01 
 4.49471750e-03  7.50331848e-01  5.25020591e-01  5.25020591e-01  5.25020591e-01  5.25020591e-01 
 4.49571750e-03  7.50269045e-01  5.27268559e-01  5.27268559e-01  5.27268559e-01  5.27268559e-01 
 4.49671750e-03  7.50206231e-01  5.29530722e-01  5.29530722e-01  5.29530722e-01  5.29530722e-01 
 4.49771750e-03  7.50143409e-01  5.31806870e-01  5.31806870e-01  5.31806870e-01  5.31806870e-01 
 4.49871750e-03  7.50080581e-01  5.34096792e-01  5.34096792e-01  5.34096792e-01  5.34096792e-01 
 4.49971750e-03  7.50017750e-01  5.36400273e-01  5.36400273e-01  5.36400273e-01  5.36400273e-01 
 4.50071750e-03  7.49954918e-01  5.38717095e-01  5.38717095e-01  5.38717095e-01  5.38717095e-01 
 4.50171750e-03  7.49892088e-01  5.41047038e-01  5.41047038e-01  5.41047038e-01  5.41047038e-01 
 4.50271750e-03  7.49829263e-01  5.43389879e-01  5.43389879e-01  5.43389879e-01  5.43389879e-01 
 4.50371750e-03  7.49766444e-01  5.45745394e-01  5.45745394e-01  5.45745394e-01  5.45745394e-01 
 4.50471750e-03  7.49703634e-01  5.48113357e-01  5.48113357e-01  5.48113357e-01  5.48113357e-01 
 4.50571750e-03  7.49640836e-01  5.50493538e-01  5.50493538e-01  5.50493538e-01  5.50493538e-01 
 4.50671750e-03  7.49578052e-01  5.52885707e-01  5.52885707e-01  5.52885707e-01  5.52885707e-01 
 4.50771750e-03  7.49515285e-01  5.55289632e-01  5.55289632e-01  5.55289632e-01  5.55289632e-01 
 4.50871750e-03  7.49452537e-01  5.57705080e-01  5.57705080e-01  5.57705080e-01  5.57705080e-01 
 4.50971750e-03  7.49389811e-01  5.60131816e-01  5.60131816e-01  5.60131816e-01  5.60131816e-01 
 4.51071750e-03  7.49327108e-01  5.62569602e-01  5.62569602e-01  5.62569602e-01  5.62569602e-01 
 4.51171750e-03  7.49264433e-01  5.65018203e-01  5.65018203e-01  5.65018203e-01  5.65018203e-01 
 4.51271750e-03  7.49201786e-01  5.67477378e-01  5.67477378e-01  5.67477378e-01  5.67477378e-01 
 4.51371750e-03  7.49139171e-01  5.69946889e-01  5.69946889e-01  5.69946889e-01  5.69946889e-01 
 4.51471750e-03  7.49076590e-01  5.72426494e-01  5.72426494e-01  5.72426494e-01  5.72426494e-01 
 4.51571750e-03  7.49014045e-01  5.74915952e-01  5.74915952e-01  5.74915952e-01  5.74915952e-01 
 4.51671750e-03  7.48951539e-01  5.77415021e-01  5.77415021e-01  5.77415021e-01  5.77415021e-01 
 4.51771750e-03  7.48889075e-01  5.79923456e-01  5.79923456e-01  5.79923456e-01  5.79923456e-01 
 4.51871750e-03  7.48826654e-01  5.82441015e-01  5.82441015e-01  5.82441015e-01  5.82441015e-01 
 4.51971750e-03  7.48764280e-01  5.84967452e-01  5.84967452e-01  5.84967452e-01  5.84967452e-01 
 4.52071750e-03  7.48701954e-01  5.87502522e-01  5.87502522e-01  5.87502522e-01  5.87502522e-01 
 4.52171750e-03  7.48639680e-01  5.90045980e-01  5.90045980e-01  5.90045980e-01  5.90045980e-01 
 4.52271750e-03  7.48577459e-01  5.92597579e-01  5.92597579e-01  5.92597579e-01  5.92597579e-01 
 4.52371750e-03  7.48515295e-01  5.95157072e-01  5.95157072e-01  5.95157072e-01  5.95157072e-01 
 4.52471750e-03  7.48453189e-01  5.97724212e-01  5.97724212e-01  5.97724212e-01  5.97724212e-01 
 4.52571750e-03  7.48391145e-01  6.00298752e-01  6.00298752e-01  6.00298752e-01  6.00298752e-01 
 4.52671750e-03  7.48329163e-01  6.02880444e-01  6.02880444e-01  6.02880444e-01  6.02880444e-01 
 4.52771750e-03  7.48267248e-01  6.05469038e-01  6.05469038e-01  6.05469038e-01  6.05469038e-01 
 4.52871750e-03  7.48205401e-01  6.08064287e-01  6.08064287e-01  6.08064287e-01  6.08064287e-01 
 4.52971750e-03  7.48143625e-01  6.10665942e-01  6.10665942e-01  6.10665942e-01  6.10665942e-01 
 4.53071750e-03  7.48081923e-01  6.13273753e-01  6.13273753e-01  6.13273753e-01  6.13273753e-01 
 4.53171750e-03  7.48020296e-01  6.15887471e-01  6.15887471e-01  6.15887471e-01  6.15887471e-01 
 4.53271750e-03  7.47958747e-01  6.18506846e-01  6.18506846e-01  6.18506846e-01  6.18506846e-01 
 4.53371750e-03  7.47897279e-01  6.21131629e-01  6.21131629e-01  6.21131629e-01  6.21131629e-01 
 4.53471750e-03  7.47835894e-01  6.23761569e-01  6.23761569e-01  6.23761569e-01  6.23761569e-01 
 4.53571750e-03  7.47774594e-01  6.26396417e-01  6.26396417e-01  6.26396417e-01  6.26396417e-01 
 4.53671750e-03  7.47713382e-01  6.29035921e-01  6.29035921e-01  6.29035921e-01  6.29035921e-01 
 4.53771750e-03  7.47652260e-01  6.31679832e-01  6.31679832e-01  6.31679832e-01  6.31679832e-01 
 4.53871750e-03  7.47591231e-01  6.34327899e-01  6.34327899e-01  6.34327899e-01  6.34327899e-01 
 4.53971750e-03  7.47530297e-01  6.36979872e-01  6.36979872e-01  6.36979872e-01  6.36979872e-01 
 4.54071750e-03  7.47469461e-01  6.39635499e-01  6.39635499e-01  6.39635499e-01  6.39635499e-01 
 4.54171750e-03  7.47408725e-01  6.42294530e-01  6.42294530e-01  6.42294530e-01  6.42294530e-01 
 4.54271750e-03  7.47348090e-01  6.44956715e-01  6.44956715e-01  6.44956715e-01  6.44956715e-01 
 4.54371750e-03  7.47287561e-01  6.47621802e-01  6.47621802e-01  6.47621802e-01  6.47621802e-01 
 4.54471750e-03  7.47227139e-01  6.50289541e-01  6.50289541e-01  6.50289541e-01  6.50289541e-01 
 4.54571750e-03  7.47166826e-01  6.52959681e-01  6.52959681e-01  6.52959681e-01  6.52959681e-01 
 4.54671750e-03  7.47106625e-01  6.55631972e-01  6.55631972e-01  6.55631972e-01  6.55631972e-01 
 4.54771750e-03  7.47046538e-01  6.58306163e-01  6.58306163e-01  6.58306163e-01  6.58306163e-01 
 4.54871750e-03  7.46986567e-01  6.60982003e-01  6.60982003e-01  6.60982003e-01  6.60982003e-01 
 4.54971750e-03  7.46926716e-01  6.63659242e-01  6.63659242e-01  6.63659242e-01  6.63659242e-01 
 4.55071750e-03  7.46866986e-01  6.66337629e-01  6.66337629e-01  6.66337629e-01  6.66337629e-01 
 4.55171750e-03  7.46807380e-01  6.69016916e-01  6.69016916e-01  6.69016916e-01  6.69016916e-01 
 4.55271750e-03  7.46747900e-01  6.71696851e-01  6.71696851e-01  6.71696851e-01  6.71696851e-01 
 4.55371750e-03  7.46688548e-01  6.74377185e-01  6.74377185e-01  6.74377185e-01  6.74377185e-01 
 4.55471750e-03  7.46629327e-01  6.77057668e-01  6.77057668e-01  6.77057668e-01  6.77057668e-01 
 4.55571750e-03  7.46570239e-01  6.79738051e-01  6.79738051e-01  6.79738051e-01  6.79738051e-01 
 4.55671750e-03  7.46511286e-01  6.82418086e-01  6.82418086e-01  6.82418086e-01  6.82418086e-01 
 4.55771750e-03  7.46452471e-01  6.85097523e-01  6.85097523e-01  6.85097523e-01  6.85097523e-01 
 4.55871750e-03  7.46393796e-01  6.87776113e-01  6.87776113e-01  6.87776113e-01  6.87776113e-01 
 4.55971750e-03  7.46335264e-01  6.90453610e-01  6.90453610e-01  6.90453610e-01  6.90453610e-01 
 4.56071750e-03  7.46276876e-01  6.93129765e-01  6.93129765e-01  6.93129765e-01  6.93129765e-01 
 4.56171750e-03  7.46218635e-01  6.95804331e-01  6.95804331e-01  6.95804331e-01  6.95804331e-01 
 4.56271750e-03  7.46160544e-01  6.98477061e-01  6.98477061e-01  6.98477061e-01  6.98477061e-01 
 4.56371750e-03  7.46102604e-01  7.01147709e-01  7.01147709e-01  7.01147709e-01  7.01147709e-01 
 4.56471750e-03  7.46044817e-01  7.03816029e-01  7.03816029e-01  7.03816029e-01  7.03816029e-01 
 4.56571750e-03  7.45987188e-01  7.06481776e-01  7.06481776e-01  7.06481776e-01  7.06481776e-01 
 4.56671750e-03  7.45929716e-01  7.09144705e-01  7.09144705e-01  7.09144705e-01  7.09144705e-01 
 4.56771750e-03  7.45872405e-01  7.11804571e-01  7.11804571e-01  7.11804571e-01  7.11804571e-01 
 4.56871750e-03  7.45815257e-01  7.14461132e-01  7.14461132e-01  7.14461132e-01  7.14461132e-01 
 4.56971750e-03  7.45758274e-01  7.17114144e-01  7.17114144e-01  7.17114144e-01  7.17114144e-01 
 4.57071750e-03  7.45701459e-01  7.19763366e-01  7.19763366e-01  7.19763366e-01  7.19763366e-01 
 4.57171750e-03  7.45644814e-01  7.22408556e-01  7.22408556e-01  7.22408556e-01  7.22408556e-01 
 4.57271750e-03  7.45588340e-01  7.25049473e-01  7.25049473e-01  7.25049473e-01  7.25049473e-01 
 4.57371750e-03  7.45532041e-01  7.27685878e-01  7.27685878e-01  7.27685878e-01  7.27685878e-01 
 4.57471750e-03  7.45475918e-01  7.30317531e-01  7.30317531e-01  7.30317531e-01  7.30317531e-01 
 4.57571750e-03  7.45419973e-01  7.32944196e-01  7.32944196e-01  7.32944196e-01  7.32944196e-01 
 4.57671750e-03  7.45364209e-01  7.35565634e-01  7.35565634e-01  7.35565634e-01  7.35565634e-01 
 4.57771750e-03  7.45308629e-01  7.38181611e-01  7.38181611e-01  7.38181611e-01  7.38181611e-01 
 4.57871750e-03  7.45253233e-01  7.40791890e-01  7.40791890e-01  7.40791890e-01  7.40791890e-01 
 4.57971750e-03  7.45198025e-01  7.43396238e-01  7.43396238e-01  7.43396238e-01  7.43396238e-01 
 4.58071750e-03  7.45143007e-01  7.45994422e-01  7.45994422e-01  7.45994422e-01  7.45994422e-01 
 4.58171750e-03  7.45088180e-01  7.48586211e-01  7.48586211e-01  7.48586211e-01  7.48586211e-01 
 4.58271750e-03  7.45033547e-01  7.51171374e-01  7.51171374e-01  7.51171374e-01  7.51171374e-01 
 4.58371750e-03  7.44979111e-01  7.53749682e-01  7.53749682e-01  7.53749682e-01  7.53749682e-01 
 4.58471750e-03  7.44924872e-01  7.56320907e-01  7.56320907e-01  7.56320907e-01  7.56320907e-01 
 4.58571750e-03  7.44870834e-01  7.58884822e-01  7.58884822e-01  7.58884822e-01  7.58884822e-01 
 4.58671750e-03  7.44816998e-01  7.61441203e-01  7.61441203e-01  7.61441203e-01  7.61441203e-01 
 4.58771750e-03  7.44763367e-01  7.63989826e-01  7.63989826e-01  7.63989826e-01  7.63989826e-01 
 4.58871750e-03  7.44709943e-01  7.66530468e-01  7.66530468e-01  7.66530468e-01  7.66530468e-01 
 4.58971750e-03  7.44656727e-01  7.69062909e-01  7.69062909e-01  7.69062909e-01  7.69062909e-01 
 4.59071750e-03  7.44603723e-01  7.71586930e-01  7.71586930e-01  7.71586930e-01  7.71586930e-01 
 4.59171750e-03  7.44550931e-01  7.74102314e-01  7.74102314e-01  7.74102314e-01  7.74102314e-01 
 4.59271750e-03  7.44498355e-01  7.76608844e-01  7.76608844e-01  7.76608844e-01  7.76608844e-01 
 4.59371750e-03  7.44445996e-01  7.79106306e-01  7.79106306e-01  7.79106306e-01  7.79106306e-01 
 4.59471750e-03  7.44393856e-01  7.81594489e-01  7.81594489e-01  7.81594489e-01  7.81594489e-01 
 4.59571750e-03  7.44341937e-01  7.84073181e-01  7.84073181e-01  7.84073181e-01  7.84073181e-01 
 4.59671750e-03  7.44290242e-01  7.86542175e-01  7.86542175e-01  7.86542175e-01  7.86542175e-01 
 4.59771750e-03  7.44238772e-01  7.89001263e-01  7.89001263e-01  7.89001263e-01  7.89001263e-01 
 4.59871750e-03  7.44187530e-01  7.91450240e-01  7.91450240e-01  7.91450240e-01  7.91450240e-01 
 4.59971750e-03  7.44136517e-01  7.93888905e-01  7.93888905e-01  7.93888905e-01  7.93888905e-01 
 4.60071750e-03  7.44085735e-01  7.96316830e-01  7.96316830e-01  7.96316830e-01  7.96316830e-01 
 4.60171750e-03  7.44035187e-01  7.98734465e-01  7.98734465e-01  7.98734465e-01  7.98734465e-01 
 4.60271750e-03  7.43984875e-01  8.01141027e-01  8.01141027e-01  8.01141027e-01  8.01141027e-01 
 4.60371750e-03  7.43934800e-01  8.03536452e-01  8.03536452e-01  8.03536452e-01  8.03536452e-01 
 4.60471750e-03  7.43884964e-01  8.05920582e-01  8.05920582e-01  8.05920582e-01  8.05920582e-01 
 4.60571750e-03  7.43835370e-01  8.08293221e-01  8.08293221e-01  8.08293221e-01  8.08293221e-01 
 4.60671750e-03  7.43786019e-01  8.10654201e-01  8.10654201e-01  8.10654201e-01  8.10654201e-01 
 4.60771750e-03  7.43736914e-01  8.13003319e-01  8.13003319e-01  8.13003319e-01  8.13003319e-01 
 4.60871750e-03  7.43688056e-01  8.15340395e-01  8.15340395e-01  8.15340395e-01  8.15340395e-01 
 4.60971750e-03  7.43639447e-01  8.17665251e-01  8.17665251e-01  8.17665251e-01  8.17665251e-01 
 4.61071750e-03  7.43591089e-01  8.19977906e-01  8.19977906e-01  8.19977906e-01  8.19977906e-01 
 4.61171750e-03  7.43542984e-01  8.22277854e-01  8.22277854e-01  8.22277854e-01  8.22277854e-01 
 4.61271750e-03  7.43495134e-01  8.24565032e-01  8.24565032e-01  8.24565032e-01  8.24565032e-01 
 4.61371750e-03  7.43447541e-01  8.26838984e-01  8.26838984e-01  8.26838984e-01  8.26838984e-01 
 4.61471750e-03  7.43400206e-01  8.29100434e-01  8.29100434e-01  8.29100434e-01  8.29100434e-01 
 4.61571750e-03  7.43353132e-01  8.31348409e-01  8.31348409e-01  8.31348409e-01  8.31348409e-01 
 4.61671750e-03  7.43306321e-01  8.33582924e-01  8.33582924e-01  8.33582924e-01  8.33582924e-01 
 4.61771750e-03  7.43259773e-01  8.35803871e-01  8.35803871e-01  8.35803871e-01  8.35803871e-01 
 4.61871750e-03  7.43213492e-01  8.38011092e-01  8.38011092e-01  8.38011092e-01  8.38011092e-01 
 4.61971750e-03  7.43167479e-01  8.40204433e-01  8.40204433e-01  8.40204433e-01  8.40204433e-01 
 4.62071750e-03  7.43121735e-01  8.42383742e-01  8.42383742e-01  8.42383742e-01  8.42383742e-01 
 4.62171750e-03  7.43076263e-01  8.44548871e-01  8.44548871e-01  8.44548871e-01  8.44548871e-01 
 4.62271750e-03  7.43031065e-01  8.46699065e-01  8.46699065e-01  8.46699065e-01  8.46699065e-01 
 4.62371750e-03  7.42986141e-01  8.48835937e-01  8.48835937e-01  8.48835937e-01  8.48835937e-01 
 4.62471750e-03  7.42941494e-01  8.50957755e-01  8.50957755e-01  8.50957755e-01  8.50957755e-01 
 4.62571750e-03  7.42897126e-01  8.53064738e-01  8.53064738e-01  8.53064738e-01  8.53064738e-01 
 4.62671750e-03  7.42853039e-01  8.55156848e-01  8.55156848e-01  8.55156848e-01  8.55156848e-01 
 4.62771750e-03  7.42809233e-01  8.57233207e-01  8.57233207e-01  8.57233207e-01  8.57233207e-01 
 4.62871750e-03  7.42765712e-01  8.59295836e-01  8.59295836e-01  8.59295836e-01  8.59295836e-01 
 4.62971750e-03  7.42722476e-01  8.61342658e-01  8.61342658e-01  8.61342658e-01  8.61342658e-01 
 4.63071750e-03  7.42679527e-01  8.63373988e-01  8.63373988e-01  8.63373988e-01  8.63373988e-01 
 4.63171750e-03  7.42636868e-01  8.65389825e-01  8.65389825e-01  8.65389825e-01  8.65389825e-01 
 4.63271750e-03  7.42594499e-01  8.67390055e-01  8.67390055e-01  8.67390055e-01  8.67390055e-01 
 4.63371750e-03  7.42552422e-01  8.69373676e-01  8.69373676e-01  8.69373676e-01  8.69373676e-01 
 4.63471750e-03  7.42510639e-01  8.71343125e-01  8.71343125e-01  8.71343125e-01  8.71343125e-01 
 4.63571750e-03  7.42469152e-01  8.73295984e-01  8.73295984e-01  8.73295984e-01  8.73295984e-01 
 4.63671750e-03  7.42427963e-01  8.75232670e-01  8.75232670e-01  8.75232670e-01  8.75232670e-01 
 4.63771750e-03  7.42387072e-01  8.77153220e-01  8.77153220e-01  8.77153220e-01  8.77153220e-01 
 4.63871750e-03  7.42346482e-01  8.79057538e-01  8.79057538e-01  8.79057538e-01  8.79057538e-01 
 4.63971750e-03  7.42306194e-01  8.80945527e-01  8.80945527e-01  8.80945527e-01  8.80945527e-01 
 4.64071750e-03  7.42266210e-01  8.82817097e-01  8.82817097e-01  8.82817097e-01  8.82817097e-01 
 4.64171750e-03  7.42226531e-01  8.84672159e-01  8.84672159e-01  8.84672159e-01  8.84672159e-01 
 4.64271750e-03  7.42187159e-01  8.86510631e-01  8.86510631e-01  8.86510631e-01  8.86510631e-01 
 4.64371750e-03  7.42148095e-01  8.88332431e-01  8.88332431e-01  8.88332431e-01  8.88332431e-01 
 4.64471750e-03  7.42109341e-01  8.90137483e-01  8.90137483e-01  8.90137483e-01  8.90137483e-01 
 4.64571750e-03  7.42070899e-01  8.91925710e-01  8.91925710e-01  8.91925710e-01  8.91925710e-01 
 4.64671750e-03  7.42032770e-01  8.93697043e-01  8.93697043e-01  8.93697043e-01  8.93697043e-01 
 4.64771750e-03  7.41994956e-01  8.95451411e-01  8.95451411e-01  8.95451411e-01  8.95451411e-01 
 4.64871750e-03  7.41957457e-01  8.97188750e-01  8.97188750e-01  8.97188750e-01  8.97188750e-01 
 4.64971750e-03  7.41920276e-01  8.98908997e-01  8.98908997e-01  8.98908997e-01  8.98908997e-01 
 4.65071750e-03  7.41883414e-01  9.00612093e-01  9.00612093e-01  9.00612093e-01  9.00612093e-01 
 4.65171750e-03  7.41846872e-01  9.02297980e-01  9.02297980e-01  9.02297980e-01  9.02297980e-01 
 4.65271750e-03  7.41810652e-01  9.03966606e-01  9.03966606e-01  9.03966606e-01  9.03966606e-01 
 4.65371750e-03  7.41774756e-01  9.05617919e-01  9.05617919e-01  9.05617919e-01  9.05617919e-01 
 4.65471750e-03  7.41739184e-01  9.07251872e-01  9.07251872e-01  9.07251872e-01  9.07251872e-01 
 4.65571750e-03  7.41703939e-01  9.08868419e-01  9.08868419e-01  9.08868419e-01  9.08868419e-01 
 4.65671750e-03  7.41669021e-01  9.10467519e-01  9.10467519e-01  9.10467519e-01  9.10467519e-01 
 4.65771750e-03  7.41634431e-01  9.12049131e-01  9.12049131e-01  9.12049131e-01  9.12049131e-01 
 4.65871750e-03  7.41600172e-01  9.13613220e-01  9.13613220e-01  9.13613220e-01  9.13613220e-01 
 4.65971750e-03  7.41566245e-01  9.15159751e-01  9.15159751e-01  9.15159751e-01  9.15159751e-01 
 4.66071750e-03  7.41532651e-01  9.16688692e-01  9.16688692e-01  9.16688692e-01  9.16688692e-01 
 4.66171750e-03  7.41499390e-01  9.18198918e-01  9.18198918e-01  9.18198918e-01  9.18198918e-01 
 4.66271750e-03  7.41466466e-01  9.19693564e-01  9.19693564e-01  9.19693564e-01  9.19693564e-01 
 4.66371750e-03  7.41433878e-01  9.21169725e-01  9.21169725e-01  9.21169725e-01  9.21169725e-01 
 4.66471750e-03  7.41401629e-01  9.22628036e-01  9.22628036e-01  9.22628036e-01  9.22628036e-01 
 4.66571750e-03  7.41369719e-01  9.24068646e-01  9.24068646e-01  9.24068646e-01  9.24068646e-01 
 4.66671750e-03  7.41338149e-01  9.25491538e-01  9.25491538e-01  9.25491538e-01  9.25491538e-01 
 4.66771750e-03  7.41306922e-01  9.26896692e-01  9.26896692e-01  9.26896692e-01  9.26896692e-01 
 4.66871750e-03  7.41276038e-01  9.28284097e-01  9.28284097e-01  9.28284097e-01  9.28284097e-01 
 4.66971750e-03  7.41245498e-01  9.29653743e-01  9.29653743e-01  9.29653743e-01  9.29653743e-01 
 4.67071750e-03  7.41215304e-01  9.31005624e-01  9.31005624e-01  9.31005624e-01  9.31005624e-01 
 4.67171750e-03  7.41185457e-01  9.32339734e-01  9.32339734e-01  9.32339734e-01  9.32339734e-01 
 4.67271750e-03  7.41155957e-01  9.33656069e-01  9.33656069e-01  9.33656069e-01  9.33656069e-01 
 4.67371750e-03  7.41126807e-01  9.34954630e-01  9.34954630e-01  9.34954630e-01  9.34954630e-01 
 4.67471750e-03  7.41098007e-01  9.36235418e-01  9.36235418e-01  9.36235418e-01  9.36235418e-01 
 4.67571750e-03  7.41069559e-01  9.37498435e-01  9.37498435e-01  9.37498435e-01  9.37498435e-01 
 4.67671750e-03  7.41041463e-01  9.38743686e-01  9.38743686e-01  9.38743686e-01  9.38743686e-01 
 4.67771750e-03  7.41013720e-01  9.39971178e-01  9.39971178e-01  9.39971178e-01  9.39971178e-01 
 4.67871750e-03  7.40986333e-01  9.41180919e-01  9.41180919e-01  9.41180919e-01  9.41180919e-01 
 4.67971750e-03  7.40959301e-01  9.42372919e-01  9.42372919e-01  9.42372919e-01  9.42372919e-01 
 4.68071750e-03  7.40932627e-01  9.43547191e-01  9.43547191e-01  9.43547191e-01  9.43547191e-01 
 4.68171750e-03  7.40906310e-01  9.44703747e-01  9.44703747e-01  9.44703747e-01  9.44703747e-01 
 4.68271750e-03  7.40880352e-01  9.45842602e-01  9.45842602e-01  9.45842602e-01  9.45842602e-01 
 4.68371750e-03  7.40854754e-01  9.46963773e-01  9.46963773e-01  9.46963773e-01  9.46963773e-01 
 4.68471750e-03  7.40829518e-01  9.48067276e-01  9.48067276e-01  9.48067276e-01  9.48067276e-01 
 4.68571750e-03  7.40804643e-01  9.49153132e-01  9.49153132e-01  9.49153132e-01  9.49153132e-01 
 4.68671750e-03  7.40780131e-01  9.50221360e-01  9.50221360e-01  9.50221360e-01  9.50221360e-01 
 4.68771750e-03  7.40755984e-01  9.51271981e-01  9.51271981e-01  9.51271981e-01  9.51271981e-01 
 4.68871750e-03  7.40732201e-01  9.52305019e-01  9.52305019e-01  9.52305019e-01  9.52305019e-01 
 4.68971750e-03  7.40708784e-01  9.53320497e-01  9.53320497e-01  9.53320497e-01  9.53320497e-01 
 4.69071750e-03  7.40685734e-01  9.54318439e-01  9.54318439e-01  9.54318439e-01  9.54318439e-01 
 4.69171750e-03  7.40663052e-01  9.55298871e-01  9.55298871e-01  9.55298871e-01  9.55298871e-01 
 4.69271750e-03  7.40640738e-01  9.56261820e-01  9.56261820e-01  9.56261820e-01  9.56261820e-01 
 4.69371750e-03  7.40618794e-01  9.57207313e-01  9.57207313e-01  9.57207313e-01  9.57207313e-01 
 4.69471750e-03  7.40597220e-01  9.58135378e-01  9.58135378e-01  9.58135378e-01  9.58135378e-01 
 4.69571750e-03  7.40576017e-01  9.59046044e-01  9.59046044e-01  9.59046044e-01  9.59046044e-01 
 4.69671750e-03  7.40555186e-01  9.59939340e-01  9.59939340e-01  9.59939340e-01  9.59939340e-01 
 4.69771750e-03  7.40534729e-01  9.60815297e-01  9.60815297e-01  9.60815297e-01  9.60815297e-01 
 4.69871750e-03  7.40514645e-01  9.61673945e-01  9.61673945e-01  9.61673945e-01  9.61673945e-01 
 4.69971750e-03  7.40494935e-01  9.62515316e-01  9.62515316e-01  9.62515316e-01  9.62515316e-01 
 4.70071750e-03  7.40475600e-01  9.63339440e-01  9.63339440e-01  9.63339440e-01  9.63339440e-01 
 4.70171750e-03  7.40456642e-01  9.64146350e-01  9.64146350e-01  9.64146350e-01  9.64146350e-01 
 4.70271750e-03  7.40438060e-01  9.64936077e-01  9.64936077e-01  9.64936077e-01  9.64936077e-01 
 4.70371750e-03  7.40419856e-01  9.65708656e-01  9.65708656e-01  9.65708656e-01  9.65708656e-01 
 4.70471750e-03  7.40402030e-01  9.66464117e-01  9.66464117e-01  9.66464117e-01  9.66464117e-01 
 4.70571750e-03  7.40384583e-01  9.67202494e-01  9.67202494e-01  9.67202494e-01  9.67202494e-01 
 4.70671750e-03  7.40367516e-01  9.67923820e-01  9.67923820e-01  9.67923820e-01  9.67923820e-01 
 4.70771750e-03  7.40350829e-01  9.68628128e-01  9.68628128e-01  9.68628128e-01  9.68628128e-01 
 4.70871750e-03  7.40334523e-01  9.69315451e-01  9.69315451e-01  9.69315451e-01  9.69315451e-01 
 4.70971750e-03  7.40318598e-01  9.69985821e-01  9.69985821e-01  9.69985821e-01  9.69985821e-01 
 4.71071750e-03  7.40303055e-01  9.70639272e-01  9.70639272e-01  9.70639272e-01  9.70639272e-01 
 4.71171750e-03  7.40287896e-01  9.71275836e-01  9.71275836e-01  9.71275836e-01  9.71275836e-01 
 4.71271750e-03  7.40273120e-01  9.71895546e-01  9.71895546e-01  9.71895546e-01  9.71895546e-01 
 4.71371750e-03  7.40258727e-01  9.72498433e-01  9.72498433e-01  9.72498433e-01  9.72498433e-01 
 4.71471750e-03  7.40244720e-01  9.73084530e-01  9.73084530e-01  9.73084530e-01  9.73084530e-01 
 4.71571750e-03  7.40231097e-01  9.73653868e-01  9.73653868e-01  9.73653868e-01  9.73653868e-01 
 4.71671750e-03  7.40217860e-01  9.74206479e-01  9.74206479e-01  9.74206479e-01  9.74206479e-01 
 4.71771750e-03  7.40205010e-01  9.74742392e-01  9.74742392e-01  9.74742392e-01  9.74742392e-01 
 4.71871750e-03  7.40192546e-01  9.75261640e-01  9.75261640e-01  9.75261640e-01  9.75261640e-01 
 4.71971750e-03  7.40180469e-01  9.75764250e-01  9.75764250e-01  9.75764250e-01  9.75764250e-01 
 4.72071750e-03  7.40168780e-01  9.76250253e-01  9.76250253e-01  9.76250253e-01  9.76250253e-01 
 4.72171750e-03  7.40157479e-01  9.76719678e-01  9.76719678e-01  9.76719678e-01  9.76719678e-01 
 4.72271750e-03  7.40146566e-01  9.77172551e-01  9.77172551e-01  9.77172551e-01  9.77172551e-01 
 4.72371750e-03  7.40136043e-01  9.77608902e-01  9.77608902e-01  9.77608902e-01  9.77608902e-01 
 4.72471750e-03  7.40125909e-01  9.78028756e-01  9.78028756e-01  9.78028756e-01  9.78028756e-01 
 4.72571750e-03  7.40116165e-01  9.78432139e-01  9.78432139e-01  9.78432139e-01  9.78432139e-01 
 4.72671750e-03  7.40106811e-01  9.78819077e-01  9.78819077e-01  9.78819077e-01  9.78819077e-01 
 4.72771750e-03  7.40097847e-01  9.79189595e-01  9.79189595e-01  9.79189595e-01  9.79189595e-01 
 4.72871750e-03  7.40089275e-01  9.79543715e-01  9.79543715e-01  9.79543715e-01  9.79543715e-01 
 4.72971750e-03  7.40081093e-01  9.79881462e-01  9.79881462e-01  9.79881462e-01  9.79881462e-01 
 4.73071750e-03  7.40073304e-01  9.80202856e-01  9.80202856e-01  9.80202856e-01  9.80202856e-01 
 4.73171750e-03  7.40065906e-01  9.80507919e-01  9.80507919e-01  9.80507919e-01  9.80507919e-01 
 4.73271750e-03  7.40058900e-01  9.80796672e-01  9.80796672e-01  9.80796672e-01  9.80796672e-01 
 4.73371750e-03  7.40052287e-01  9.81069133e-01  9.81069133e-01  9.81069133e-01  9.81069133e-01 
 4.73471750e-03  7.40046066e-01  9.81325320e-01  9.81325320e-01  9.81325320e-01  9.81325320e-01 
 4.73571750e-03  7.40040239e-01  9.81565252e-01  9.81565252e-01  9.81565252e-01  9.81565252e-01 
 4.73671750e-03  7.40034805e-01  9.81788944e-01  9.81788944e-01  9.81788944e-01  9.81788944e-01 
 4.73771750e-03  7.40029764e-01  9.81996413e-01  9.81996413e-01  9.81996413e-01  9.81996413e-01 
 4.73871750e-03  7.40025116e-01  9.82187671e-01  9.82187671e-01  9.82187671e-01  9.82187671e-01 
 4.73971750e-03  7.40020863e-01  9.82362733e-01  9.82362733e-01  9.82362733e-01  9.82362733e-01 
 4.74071750e-03  7.40017003e-01  9.82521610e-01  9.82521610e-01  9.82521610e-01  9.82521610e-01 
 4.74171750e-03  7.40013538e-01  9.82664314e-01  9.82664314e-01  9.82664314e-01  9.82664314e-01 
 4.74271750e-03  7.40010467e-01  9.82790855e-01  9.82790855e-01  9.82790855e-01  9.82790855e-01 
 4.74371750e-03  7.40007790e-01  9.82901241e-01  9.82901241e-01  9.82901241e-01  9.82901241e-01 
 4.74471750e-03  7.40005508e-01  9.82995481e-01  9.82995481e-01  9.82995481e-01  9.82995481e-01 
 4.74571750e-03  7.40003620e-01  9.83073581e-01  9.83073581e-01  9.83073581e-01  9.83073581e-01 
 4.74671750e-03  7.40002127e-01  9.83135547e-01  9.83135547e-01  9.83135547e-01  9.83135547e-01 
 4.74771750e-03  7.40001028e-01  9.83181383e-01  9.83181383e-01  9.83181383e-01  9.83181383e-01 
 4.74871750e-03  7.40000325e-01  9.83211093e-01  9.83211093e-01  9.83211093e-01  9.83211093e-01 
 4.74971750e-03  7.40000016e-01  9.83224679e-01  9.83224679e-01  9.83224679e-01  9.83224679e-01 
 4.75071750e-03  7.40000102e-01  9.83222142e-01  9.83222142e-01  9.83222142e-01  9.83222142e-01 
 4.75171750e-03  7.40000582e-01  9.83203481e-01  9.83203481e-01  9.83203481e-01  9.83203481e-01 
 4.75271750e-03  7.40001458e-01  9.83168697e-01  9.83168697e-01  9.83168697e-01  9.83168697e-01 
 4.75371750e-03  7.40002728e-01  9.83117785e-01  9.83117785e-01  9.83117785e-01  9.83117785e-01 
 4.75471750e-03  7.40004393e-01  9.83050743e-01  9.83050743e-01  9.83050743e-01  9.83050743e-01 
 4.75571750e-03  7.40006452e-01  9.82967567e-01  9.82967567e-01  9.82967567e-01  9.82967567e-01 
 4.75671750e-03  7.40008906e-01  9.82868250e-01  9.82868250e-01  9.82868250e-01  9.82868250e-01 
 4.75771750e-03  7.40011754e-01  9.82752785e-01  9.82752785e-01  9.82752785e-01  9.82752785e-01 
 4.75871750e-03  7.40014997e-01  9.82621165e-01  9.82621165e-01  9.82621165e-01  9.82621165e-01 
 4.75971750e-03  7.40018634e-01  9.82473381e-01  9.82473381e-01  9.82473381e-01  9.82473381e-01 
 4.76071750e-03  7.40022665e-01  9.82309421e-01  9.82309421e-01  9.82309421e-01  9.82309421e-01 
 4.76171750e-03  7.40027090e-01  9.82129276e-01  9.82129276e-01  9.82129276e-01  9.82129276e-01 
 4.76271750e-03  7.40031908e-01  9.81932933e-01  9.81932933e-01  9.81932933e-01  9.81932933e-01 
 4.76371750e-03  7.40037120e-01  9.81720378e-01  9.81720378e-01  9.81720378e-01  9.81720378e-01 
 4.76471750e-03  7.40042726e-01  9.81491597e-01  9.81491597e-01  9.81491597e-01  9.81491597e-01 
 4.76571750e-03  7.40048724e-01  9.81246574e-01  9.81246574e-01  9.81246574e-01  9.81246574e-01 
 4.76671750e-03  7.40055115e-01  9.80985293e-01  9.80985293e-01  9.80985293e-01  9.80985293e-01 
 4.76771750e-03  7.40061899e-01  9.80707737e-01  9.80707737e-01  9.80707737e-01  9.80707737e-01 
 4.76871750e-03  7.40069076e-01  9.80413887e-01  9.80413887e-01  9.80413887e-01  9.80413887e-01 
 4.76971750e-03  7.40076644e-01  9.80103724e-01  9.80103724e-01  9.80103724e-01  9.80103724e-01 
 4.77071750e-03  7.40084604e-01  9.79777227e-01  9.79777227e-01  9.79777227e-01  9.79777227e-01 
 4.77171750e-03  7.40092956e-01  9.79434375e-01  9.79434375e-01  9.79434375e-01  9.79434375e-01 
 4.77271750e-03  7.40101698e-01  9.79075147e-01  9.79075147e-01  9.79075147e-01  9.79075147e-01 
 4.77371750e-03  7.40110832e-01  9.78699519e-01  9.78699519e-01  9.78699519e-01  9.78699519e-01 
 4.77471750e-03  7.40120355e-01  9.78307467e-01  9.78307467e-01  9.78307467e-01  9.78307467e-01 
 4.77571750e-03  7.40130269e-01  9.77898967e-01  9.77898967e-01  9.77898967e-01  9.77898967e-01 
 4.77671750e-03  7.40140573e-01  9.77473994e-01  9.77473994e-01  9.77473994e-01  9.77473994e-01 
 4.77771750e-03  7.40151266e-01  9.77032521e-01  9.77032521e-01  9.77032521e-01  9.77032521e-01 
 4.77871750e-03  7.40162347e-01  9.76574521e-01  9.76574521e-01  9.76574521e-01  9.76574521e-01 
 4.77971750e-03  7.40173817e-01  9.76099968e-01  9.76099968e-01  9.76099968e-01  9.76099968e-01 
 4.78071750e-03  7.40185675e-01  9.75608833e-01  9.75608833e-01  9.75608833e-01  9.75608833e-01 
 4.78171750e-03  7.40197920e-01  9.75101088e-01  9.75101088e-01  9.75101088e-01  9.75101088e-01 
 4.78271750e-03  7.40210552e-01  9.74576702e-01  9.74576702e-01  9.74576702e-01  9.74576702e-01 
 4.78371750e-03  7.40223571e-01  9.74035370e-01  9.74035370e-01  9.74035370e-01  9.74035370e-01 
 4.78471750e-03  7.40236976e-01  9.73477568e-01  9.73477568e-01  9.73477568e-01  9.73477568e-01 
 4.78571750e-03  7.40250766e-01  9.72903378e-01  9.72903378e-01  9.72903378e-01  9.72903378e-01 
 4.78671750e-03  7.40264941e-01  9.72312165e-01  9.72312165e-01  9.72312165e-01  9.72312165e-01 
 4.78771750e-03  7.40279500e-01  9.71704120e-01  9.71704120e-01  9.71704120e-01  9.71704120e-01 
 4.78871750e-03  7.40294443e-01  9.71079252e-01  9.71079252e-01  9.71079252e-01  9.71079252e-01 
 4.78971750e-03  7.40309769e-01  9.70437528e-01  9.70437528e-01  9.70437528e-01  9.70437528e-01 
 4.79071750e-03  7.40325478e-01  9.69778915e-01  9.69778915e-01  9.69778915e-01  9.69778915e-01 
 4.79171750e-03  7.40341569e-01  9.69102969e-01  9.69102969e-01  9.69102969e-01  9.69102969e-01 
 4.79271750e-03  7.40358041e-01  9.68410842e-01  9.68410842e-01  9.68410842e-01  9.68410842e-01 
 4.79371750e-03  7.40374894e-01  9.67700971e-01  9.67700971e-01  9.67700971e-01  9.67700971e-01 
 4.79471750e-03  7.40392126e-01  9.66974862e-01  9.66974862e-01  9.66974862e-01  9.66974862e-01 
 4.79571750e-03  7.40409738e-01  9.66231365e-01  9.66231365e-01  9.66231365e-01  9.66231365e-01 
 4.79671750e-03  7.40427729e-01  9.65470721e-01  9.65470721e-01  9.65470721e-01  9.65470721e-01 
 4.79771750e-03  7.40446097e-01  9.64692961e-01  9.64692961e-01  9.64692961e-01  9.64692961e-01 
 4.79871750e-03  7.40464843e-01  9.63898052e-01  9.63898052e-01  9.63898052e-01  9.63898052e-01 
 4.79971750e-03  7.40483965e-01  9.63085958e-01  9.63085958e-01  9.63085958e-01  9.63085958e-01 
 4.80071750e-03  7.40503462e-01  9.62256649e-01  9.62256649e-01  9.62256649e-01  9.62256649e-01 
 4.80171750e-03  7.40523335e-01  9.61410092e-01  9.61410092e-01  9.61410092e-01  9.61410092e-01 
 4.80271750e-03  7.40543582e-01  9.60545646e-01  9.60545646e-01  9.60545646e-01  9.60545646e-01 
 4.80371750e-03  7.40564202e-01  9.59665040e-01  9.59665040e-01  9.59665040e-01  9.59665040e-01 
 4.80471750e-03  7.40585195e-01  9.58766634e-01  9.58766634e-01  9.58766634e-01  9.58766634e-01 
 4.80571750e-03  7.40606559e-01  9.57850772e-01  9.57850772e-01  9.57850772e-01  9.57850772e-01 
 4.80671750e-03  7.40628294e-01  9.56917514e-01  9.56917514e-01  9.56917514e-01  9.56917514e-01 
 4.80771750e-03  7.40650399e-01  9.55966830e-01  9.55966830e-01  9.55966830e-01  9.55966830e-01 
 4.80871750e-03  7.40672873e-01  9.54998691e-01  9.54998691e-01  9.54998691e-01  9.54998691e-01 
 4.80971750e-03  7.40695716e-01  9.54013070e-01  9.54013070e-01  9.54013070e-01  9.54013070e-01 
 4.81071750e-03  7.40718925e-01  9.53009939e-01  9.53009939e-01  9.53009939e-01  9.53009939e-01 
 4.81171750e-03  7.40742501e-01  9.51989273e-01  9.51989273e-01  9.51989273e-01  9.51989273e-01 
 4.81271750e-03  7.40766443e-01  9.50951049e-01  9.50951049e-01  9.50951049e-01  9.50951049e-01 
 4.81371750e-03  7.40790749e-01  9.49895243e-01  9.49895243e-01  9.49895243e-01  9.49895243e-01 
 4.81471750e-03  7.40815419e-01  9.48821832e-01  9.48821832e-01  9.48821832e-01  9.48821832e-01 
 4.81571750e-03  7.40840451e-01  9.47730796e-01  9.47730796e-01  9.47730796e-01  9.47730796e-01 
 4.81671750e-03  7.40865845e-01  9.46621258e-01  9.46621258e-01  9.46621258e-01  9.46621258e-01 
 4.81771750e-03  7.40891599e-01  9.45495668e-01  9.45495668e-01  9.45495668e-01  9.45495668e-01 
 4.81871750e-03  7.40917714e-01  9.44351757e-01  9.44351757e-01  9.44351757e-01  9.44351757e-01 
 4.81971750e-03  7.40944186e-01  9.43190026e-01  9.43190026e-01  9.43190026e-01  9.43190026e-01 
 4.82071750e-03  7.40971016e-01  9.42010587e-01  9.42010587e-01  9.42010587e-01  9.42010587e-01 
 4.82171750e-03  7.40998203e-01  9.40812493e-01  9.40812493e-01  9.40812493e-01  9.40812493e-01 
 4.82271750e-03  7.41025745e-01  9.39598422e-01  9.39598422e-01  9.39598422e-01  9.39598422e-01 
 4.82371750e-03  7.41053641e-01  9.38365908e-01  9.38365908e-01  9.38365908e-01  9.38365908e-01 
 4.82471750e-03  7.41081890e-01  9.37114530e-01  9.37114530e-01  9.37114530e-01  9.37114530e-01 
 4.82571750e-03  7.41110492e-01  9.35847232e-01  9.35847232e-01  9.35847232e-01  9.35847232e-01 
 4.82671750e-03  7.41139444e-01  9.34561447e-01  9.34561447e-01  9.34561447e-01  9.34561447e-01 
 4.82771750e-03  7.41168747e-01  9.33257755e-01  9.33257755e-01  9.33257755e-01  9.33257755e-01 
 4.82871750e-03  7.41198398e-01  9.31936301e-01  9.31936301e-01  9.31936301e-01  9.31936301e-01 
 4.82971750e-03  7.41228396e-01  9.30597085e-01  9.30597085e-01  9.30597085e-01  9.30597085e-01 
 4.83071750e-03  7.41258741e-01  9.29239063e-01  9.29239063e-01  9.29239063e-01  9.29239063e-01 
 4.83171750e-03  7.41289430e-01  9.27865247e-01  9.27865247e-01  9.27865247e-01  9.27865247e-01 
 4.83271750e-03  7.41320464e-01  9.26472906e-01  9.26472906e-01  9.26472906e-01  9.26472906e-01 
 4.83371750e-03  7.41351840e-01  9.25062674e-01  9.25062674e-01  9.25062674e-01  9.25062674e-01 
 4.83471750e-03  7.41383558e-01  9.23634719e-01  9.23634719e-01  9.23634719e-01  9.23634719e-01 
 4.83571750e-03  7.41415616e-01  9.22189056e-01  9.22189056e-01  9.22189056e-01  9.22189056e-01 
 4.83671750e-03  7.41448012e-01  9.20725698e-01  9.20725698e-01  9.20725698e-01  9.20725698e-01 
 4.83771750e-03  7.41480747e-01  9.19244664e-01  9.19244664e-01  9.19244664e-01  9.19244664e-01 
 4.83871750e-03  7.41513817e-01  9.17745974e-01  9.17745974e-01  9.17745974e-01  9.17745974e-01 
 4.83971750e-03  7.41547223e-01  9.16229653e-01  9.16229653e-01  9.16229653e-01  9.16229653e-01 
 4.84071750e-03  7.41580963e-01  9.14695729e-01  9.14695729e-01  9.14695729e-01  9.14695729e-01 
 4.84171750e-03  7.41615034e-01  9.13144229e-01  9.13144229e-01  9.13144229e-01  9.13144229e-01 
 4.84271750e-03  7.41649437e-01  9.11575186e-01  9.11575186e-01  9.11575186e-01  9.11575186e-01 
 4.84371750e-03  7.41684170e-01  9.09988635e-01  9.09988635e-01  9.09988635e-01  9.09988635e-01 
 4.84471750e-03  7.41719230e-01  9.08384612e-01  9.08384612e-01  9.08384612e-01  9.08384612e-01 
 4.84571750e-03  7.41754618e-01  9.06763159e-01  9.06763159e-01  9.06763159e-01  9.06763159e-01 
 4.84671750e-03  7.41790331e-01  9.05124317e-01  9.05124317e-01  9.05124317e-01  9.05124317e-01 
 4.84771750e-03  7.41826368e-01  9.03468131e-01  9.03468131e-01  9.03468131e-01  9.03468131e-01 
 4.84871750e-03  7.41862728e-01  9.01793540e-01  9.01793540e-01  9.01793540e-01  9.01793540e-01 
 4.84971750e-03  7.41899410e-01  9.00102685e-01  9.00102685e-01  9.00102685e-01  9.00102685e-01 
 4.85071750e-03  7.41936411e-01  8.98395898e-01  8.98395898e-01  8.98395898e-01  8.98395898e-01 
 4.85171750e-03  7.41973730e-01  8.96670998e-01  8.96670998e-01  8.96670998e-01  8.96670998e-01 
 4.85271750e-03  7.42011366e-01  8.94928867e-01  8.94928867e-01  8.94928867e-01  8.94928867e-01 
 4.85371750e-03  7.42049318e-01  8.93168652e-01  8.93168652e-01  8.93168652e-01  8.93168652e-01 
 4.85471750e-03  7.42087583e-01  8.91393536e-01  8.91393536e-01  8.91393536e-01  8.91393536e-01 
 4.85571750e-03  7.42126161e-01  8.89600749e-01  8.89600749e-01  8.89600749e-01  8.89600749e-01 
 4.85671750e-03  7.42165050e-01  8.87790998e-01  8.87790998e-01  8.87790998e-01  8.87790998e-01 
 4.85771750e-03  7.42204248e-01  8.85964526e-01  8.85964526e-01  8.85964526e-01  8.85964526e-01 
 4.85871750e-03  7.42243753e-01  8.84121412e-01  8.84121412e-01  8.84121412e-01  8.84121412e-01 
 4.85971750e-03  7.42283565e-01  8.82261732e-01  8.82261732e-01  8.82261732e-01  8.82261732e-01 
 4.86071750e-03  7.42323682e-01  8.80385570e-01  8.80385570e-01  8.80385570e-01  8.80385570e-01 
 4.86171750e-03  7.42364102e-01  8.78492018e-01  8.78492018e-01  8.78492018e-01  8.78492018e-01 
 4.86271750e-03  7.42404823e-01  8.76583049e-01  8.76583049e-01  8.76583049e-01  8.76583049e-01 
 4.86371750e-03  7.42445844e-01  8.74658976e-01  8.74658976e-01  8.74658976e-01  8.74658976e-01 
 4.86471750e-03  7.42487163e-01  8.72716975e-01  8.72716975e-01  8.72716975e-01  8.72716975e-01 
 4.86571750e-03  7.42528779e-01  8.70759664e-01  8.70759664e-01  8.70759664e-01  8.70759664e-01 
 4.86671750e-03  7.42570689e-01  8.68786588e-01  8.68786588e-01  8.68786588e-01  8.68786588e-01 
 4.86771750e-03  7.42612893e-01  8.66798595e-01  8.66798595e-01  8.66798595e-01  8.66798595e-01 
 4.86871750e-03  7.42655389e-01  8.64794106e-01  8.64794106e-01  8.64794106e-01  8.64794106e-01 
 4.86971750e-03  7.42698175e-01  8.62773058e-01  8.62773058e-01  8.62773058e-01  8.62773058e-01 
 4.87071750e-03  7.42741248e-01  8.60737317e-01  8.60737317e-01  8.60737317e-01  8.60737317e-01 
 4.87171750e-03  7.42784609e-01  8.58686356e-01  8.58686356e-01  8.58686356e-01  8.58686356e-01 
 4.87271750e-03  7.42828254e-01  8.56620162e-01  8.56620162e-01  8.56620162e-01  8.56620162e-01 
 4.87371750e-03  7.42872182e-01  8.54539615e-01  8.54539615e-01  8.54539615e-01  8.54539615e-01 
 4.87471750e-03  7.42916392e-01  8.52442685e-01  8.52442685e-01  8.52442685e-01  8.52442685e-01 
 4.87571750e-03  7.42960882e-01  8.50331465e-01  8.50331465e-01  8.50331465e-01  8.50331465e-01 
 4.87671750e-03  7.43005649e-01  8.48205650e-01  8.48205650e-01  8.48205650e-01  8.48205650e-01 
 4.87771750e-03  7.43050692e-01  8.46065261e-01  8.46065261e-01  8.46065261e-01  8.46065261e-01 
 4.87871750e-03  7.43096010e-01  8.43910437e-01  8.43910437e-01  8.43910437e-01  8.43910437e-01 
 4.87971750e-03  7.43141601e-01  8.41741323e-01  8.41741323e-01  8.41741323e-01  8.41741323e-01 
 4.88071750e-03  7.43187462e-01  8.39558066e-01  8.39558066e-01  8.39558066e-01  8.39558066e-01 
 4.88171750e-03  7.43233592e-01  8.37360815e-01  8.37360815e-01  8.37360815e-01  8.37360815e-01 
 4.88271750e-03  7.43279989e-01  8.35149721e-01  8.35149721e-01  8.35149721e-01  8.35149721e-01 
 4.88371750e-03  7.43326651e-01  8.32924937e-01  8.32924937e-01  8.32924937e-01  8.32924937e-01 
 4.88471750e-03  7.43373577e-01  8.30686621e-01  8.30686621e-01  8.30686621e-01  8.30686621e-01 
 4.88571750e-03  7.43420765e-01  8.28434933e-01  8.28434933e-01  8.28434933e-01  8.28434933e-01 
 4.88671750e-03  7.43468212e-01  8.26170035e-01  8.26170035e-01  8.26170035e-01  8.26170035e-01 
 4.88771750e-03  7.43515917e-01  8.23892092e-01  8.23892092e-01  8.23892092e-01  8.23892092e-01 
 4.88871750e-03  7.43563878e-01  8.21601273e-01  8.21601273e-01  8.21601273e-01  8.21601273e-01 
 4.88971750e-03  7.43612094e-01  8.19297747e-01  8.19297747e-01  8.19297747e-01  8.19297747e-01 
 4.89071750e-03  7.43660561e-01  8.16981688e-01  8.16981688e-01  8.16981688e-01  8.16981688e-01 
 4.89171750e-03  7.43709279e-01  8.14653272e-01  8.14653272e-01  8.14653272e-01  8.14653272e-01 
 4.89271750e-03  7.43758245e-01  8.12312677e-01  8.12312677e-01  8.12312677e-01  8.12312677e-01 
 4.89371750e-03  7.43807457e-01  8.09960083e-01  8.09960083e-01  8.09960083e-01  8.09960083e-01 
 4.89471750e-03  7.43856914e-01  8.07595674e-01  8.07595674e-01  8.07595674e-01  8.07595674e-01 
 4.89571750e-03  7.43906613e-01  8.05219635e-01  8.05219635e-01  8.05219635e-01  8.05219635e-01 
 4.89671750e-03  7.43956553e-01  8.02832154e-01  8.02832154e-01  8.02832154e-01  8.02832154e-01 
 4.89771750e-03  7.44006732e-01  8.00433421e-01  8.00433421e-01  8.00433421e-01  8.00433421e-01 
 4.89871750e-03  7.44057147e-01  7.98023629e-01  7.98023629e-01  7.98023629e-01  7.98023629e-01 
 4.89971750e-03  7.44107797e-01  7.95602972e-01  7.95602972e-01  7.95602972e-01  7.95602972e-01 
 4.90071750e-03  7.44158679e-01  7.93171647e-01  7.93171647e-01  7.93171647e-01  7.93171647e-01 
 4.90171750e-03  7.44209792e-01  7.90729854e-01  7.90729854e-01  7.90729854e-01  7.90729854e-01 
 4.90271750e-03  7.44261134e-01  7.88277793e-01  7.88277793e-01  7.88277793e-01  7.88277793e-01 
 4.90371750e-03  7.44312702e-01  7.85815667e-01  7.85815667e-01  7.85815667e-01  7.85815667e-01 
 4.90471750e-03  7.44364494e-01  7.83343682e-01  7.83343682e-01  7.83343682e-01  7.83343682e-01 
 4.90571750e-03  7.44416510e-01  7.80862045e-01  7.80862045e-01  7.80862045e-01  7.80862045e-01 
 4.90671750e-03  7.44468745e-01  7.78370965e-01  7.78370965e-01  7.78370965e-01  7.78370965e-01 
 4.90771750e-03  7.44521199e-01  7.75870652e-01  7.75870652e-01  7.75870652e-01  7.75870652e-01 
 4.90871750e-03  7.44573869e-01  7.73361320e-01  7.73361320e-01  7.73361320e-01  7.73361320e-01 
 4.90971750e-03  7.44626754e-01  7.70843182e-01  7.70843182e-01  7.70843182e-01  7.70843182e-01 
 4.91071750e-03  7.44679850e-01  7.68316455e-01  7.68316455e-01  7.68316455e-01  7.68316455e-01 
 4.91171750e-03  7.44733157e-01  7.65781357e-01  7.65781357e-01  7.65781357e-01  7.65781357e-01 
 4.91271750e-03  7.44786671e-01  7.63238107e-01  7.63238107e-01  7.63238107e-01  7.63238107e-01 
 4.91371750e-03  7.44840392e-01  7.60686926e-01  7.60686926e-01  7.60686926e-01  7.60686926e-01 
 4.91471750e-03  7.44894316e-01  7.58128037e-01  7.58128037e-01  7.58128037e-01  7.58128037e-01 
 4.91571750e-03  7.44948441e-01  7.55561663e-01  7.55561663e-01  7.55561663e-01  7.55561663e-01 
 4.91671750e-03  7.45002766e-01  7.52988031e-01  7.52988031e-01  7.52988031e-01  7.52988031e-01 
 4.91771750e-03  7.45057289e-01  7.50407367e-01  7.50407367e-01  7.50407367e-01  7.50407367e-01 
 4.91871750e-03  7.45112006e-01  7.47819899e-01  7.47819899e-01  7.47819899e-01  7.47819899e-01 
 4.91971750e-03  7.45166916e-01  7.45225858e-01  7.45225858e-01  7.45225858e-01  7.45225858e-01 
 4.92071750e-03  7.45222018e-01  7.42625472e-01  7.42625472e-01  7.42625472e-01  7.42625472e-01 
 4.92171750e-03  7.45277307e-01  7.40018975e-01  7.40018975e-01  7.40018975e-01  7.40018975e-01 
 4.92271750e-03  7.45332784e-01  7.37406600e-01  7.37406600e-01  7.37406600e-01  7.37406600e-01 
 4.92371750e-03  7.45388444e-01  7.34788580e-01  7.34788580e-01  7.34788580e-01  7.34788580e-01 
 4.92471750e-03  7.45444287e-01  7.32165152e-01  7.32165152e-01  7.32165152e-01  7.32165152e-01 
 4.92571750e-03  7.45500309e-01  7.29536552e-01  7.29536552e-01  7.29536552e-01  7.29536552e-01 
 4.92671750e-03  7.45556509e-01  7.26903016e-01  7.26903016e-01  7.26903016e-01  7.26903016e-01 
 4.92771750e-03  7.45612885e-01  7.24264783e-01  7.24264783e-01  7.24264783e-01  7.24264783e-01 
 4.92871750e-03  7.45669433e-01  7.21622093e-01  7.21622093e-01  7.21622093e-01  7.21622093e-01 
 4.92971750e-03  7.45726153e-01  7.18975185e-01  7.18975185e-01  7.18975185e-01  7.18975185e-01 
 4.93071750e-03  7.45783041e-01  7.16324300e-01  7.16324300e-01  7.16324300e-01  7.16324300e-01 
 4.93171750e-03  7.45840096e-01  7.13669680e-01  7.13669680e-01  7.13669680e-01  7.13669680e-01 
 4.93271750e-03  7.45897315e-01  7.11011568e-01  7.11011568e-01  7.11011568e-01  7.11011568e-01 
 4.93371750e-03  7.45954696e-01  7.08350206e-01  7.08350206e-01  7.08350206e-01  7.08350206e-01 
 4.93471750e-03  7.46012237e-01  7.05685838e-01  7.05685838e-01  7.05685838e-01  7.05685838e-01 
 4.93571750e-03  7.46069935e-01  7.03018709e-01  7.03018709e-01  7.03018709e-01  7.03018709e-01 
 4.93671750e-03  7.46127789e-01  7.00349064e-01  7.00349064e-01  7.00349064e-01  7.00349064e-01 
 4.93771750e-03  7.46185795e-01  6.97677148e-01  6.97677148e-01  6.97677148e-01  6.97677148e-01 
 4.93871750e-03  7.46243952e-01  6.95003208e-01  6.95003208e-01  6.95003208e-01  6.95003208e-01 
 4.93971750e-03  7.46302257e-01  6.92327489e-01  6.92327489e-01  6.92327489e-01  6.92327489e-01 
 4.94071750e-03  7.46360708e-01  6.89650240e-01  6.89650240e-01  6.89650240e-01  6.89650240e-01 
 4.94171750e-03  7.46419302e-01  6.86971708e-01  6.86971708e-01  6.86971708e-01  6.86971708e-01 
 4.94271750e-03  7.46478039e-01  6.84292140e-01  6.84292140e-01  6.84292140e-01  6.84292140e-01 
 4.94371750e-03  7.46536914e-01  6.81611786e-01  6.81611786e-01  6.81611786e-01  6.81611786e-01 
 4.94471750e-03  7.46595926e-01  6.78930893e-01  6.78930893e-01  6.78930893e-01  6.78930893e-01 
 4.94571750e-03  7.46655072e-01  6.76249711e-01  6.76249711e-01  6.76249711e-01  6.76249711e-01 
 4.94671750e-03  7.46714350e-01  6.73568489e-01  6.73568489e-01  6.73568489e-01  6.73568489e-01 
 4.94771750e-03  7.46773758e-01  6.70887477e-01  6.70887477e-01  6.70887477e-01  6.70887477e-01 
 4.94871750e-03  7.46833293e-01  6.68206924e-01  6.68206924e-01  6.68206924e-01  6.68206924e-01 
 4.94971750e-03  7.46892954e-01  6.65527081e-01  6.65527081e-01  6.65527081e-01  6.65527081e-01 
 4.95071750e-03  7.46952737e-01  6.62848197e-01  6.62848197e-01  6.62848197e-01  6.62848197e-01 
 4.95171750e-03  7.47012640e-01  6.60170524e-01  6.60170524e-01  6.60170524e-01  6.60170524e-01 
 4.95271750e-03  7.47072661e-01  6.57494311e-01  6.57494311e-01  6.57494311e-01  6.57494311e-01 
 4.95371750e-03  7.47132798e-01  6.54819810e-01  6.54819810e-01  6.54819810e-01  6.54819810e-01 
 4.95471750e-03  7.47193048e-01  6.52147271e-01  6.52147271e-01  6.52147271e-01  6.52147271e-01 
 4.95571750e-03  7.47253409e-01  6.49476945e-01  6.49476945e-01  6.49476945e-01  6.49476945e-01 
 4.95671750e-03  7.47313878e-01  6.46809083e-01  6.46809083e-01  6.46809083e-01  6.46809083e-01 
 4.95771750e-03  7.47374454e-01  6.44143936e-01  6.44143936e-01  6.44143936e-01  6.44143936e-01 
 4.95871750e-03  7.47435132e-01  6.41481755e-01  6.41481755e-01  6.41481755e-01  6.41481755e-01 
 4.95971750e-03  7.47495913e-01  6.38822792e-01  6.38822792e-01  6.38822792e-01  6.38822792e-01 
 4.96071750e-03  7.47556792e-01  6.36167296e-01  6.36167296e-01  6.36167296e-01  6.36167296e-01 
 4.96171750e-03  7.47617767e-01  6.33515519e-01  6.33515519e-01  6.33515519e-01  6.33515519e-01 
 4.96271750e-03  7.47678837e-01  6.30867713e-01  6.30867713e-01  6.30867713e-01  6.30867713e-01 
 4.96371750e-03  7.47739998e-01  6.28224127e-01  6.28224127e-01  6.28224127e-01  6.28224127e-01 
 4.96471750e-03  7.47801249e-01  6.25585014e-01  6.25585014e-01  6.25585014e-01  6.25585014e-01 
 4.96571750e-03  7.47862586e-01  6.22950622e-01  6.22950622e-01  6.22950622e-01  6.22950622e-01 
 4.96671750e-03  7.47924007e-01  6.20321204e-01  6.20321204e-01  6.20321204e-01  6.20321204e-01 
 4.96771750e-03  7.47985511e-01  6.17697010e-01  6.17697010e-01  6.17697010e-01  6.17697010e-01 
 4.96871750e-03  7.48047094e-01  6.15078289e-01  6.15078289e-01  6.15078289e-01  6.15078289e-01 
 4.96971750e-03  7.48108754e-01  6.12465293e-01  6.12465293e-01  6.12465293e-01  6.12465293e-01 
 4.97071750e-03  7.48170489e-01  6.09858270e-01  6.09858270e-01  6.09858270e-01  6.09858270e-01 
 4.97171750e-03  7.48232296e-01  6.07257471e-01  6.07257471e-01  6.07257471e-01  6.07257471e-01 
 4.97271750e-03  7.48294173e-01  6.04663146e-01  6.04663146e-01  6.04663146e-01  6.04663146e-01 
 4.97371750e-03  7.48356117e-01  6.02075543e-01  6.02075543e-01  6.02075543e-01  6.02075543e-01 
 4.97471750e-03  7.48418126e-01  5.99494911e-01  5.99494911e-01  5.99494911e-01  5.99494911e-01 
 4.97571750e-03  7.48480198e-01  5.96921500e-01  5.96921500e-01  5.96921500e-01  5.96921500e-01 
 4.97671750e-03  7.48542329e-01  5.94355557e-01  5.94355557e-01  5.94355557e-01  5.94355557e-01 
 4.97771750e-03  7.48604519e-01  5.91797330e-01  5.91797330e-01  5.91797330e-01  5.91797330e-01 
 4.97871750e-03  7.48666763e-01  5.89247068e-01  5.89247068e-01  5.89247068e-01  5.89247068e-01 
 4.97971750e-03  7.48729060e-01  5.86705016e-01  5.86705016e-01  5.86705016e-01  5.86705016e-01 
 4.98071750e-03  7.48791407e-01  5.84171421e-01  5.84171421e-01  5.84171421e-01  5.84171421e-01 
 4.98171750e-03  7.48853801e-01  5.81646531e-01  5.81646531e-01  5.81646531e-01  5.81646531e-01 
 4.98271750e-03  7.48916241e-01  5.79130589e-01  5.79130589e-01  5.79130589e-01  5.79130589e-01 
 4.98371750e-03  7.48978724e-01  5.76623841e-01  5.76623841e-01  5.76623841e-01  5.76623841e-01 
 4.98471750e-03  7.49041247e-01  5.74126532e-01  5.74126532e-01  5.74126532e-01  5.74126532e-01 
 4.98571750e-03  7.49103808e-01  5.71638905e-01  5.71638905e-01  5.71638905e-01  5.71638905e-01 
 4.98671750e-03  7.49166404e-01  5.69161202e-01  5.69161202e-01  5.69161202e-01  5.69161202e-01 
 4.98771750e-03  7.49229034e-01  5.66693666e-01  5.66693666e-01  5.66693666e-01  5.66693666e-01 
 4.98871750e-03  7.49291693e-01  5.64236537e-01  5.64236537e-01  5.64236537e-01  5.64236537e-01 
 4.98971750e-03  7.49354381e-01  5.61790055e-01  5.61790055e-01  5.61790055e-01  5.61790055e-01 
 4.99071750e-03  7.49417094e-01  5.59354460e-01  5.59354460e-01  5.59354460e-01  5.59354460e-01 
 4.99171750e-03  7.49479830e-01  5.56929989e-01  5.56929989e-01  5.56929989e-01  5.56929989e-01 
 4.99271750e-03  7.49542587e-01  5.54516878e-01  5.54516878e-01  5.54516878e-01  5.54516878e-01 
 4.99371750e-03  7.49605361e-01  5.52115364e-01  5.52115364e-01  5.52115364e-01  5.52115364e-01 
 4.99471750e-03  7.49668152e-01  5.49725678e-01  5.49725678e-01  5.49725678e-01  5.49725678e-01 
 4.99571750e-03  7.49730955e-01  5.47348055e-01  5.47348055e-01  5.47348055e-01  5.47348055e-01 
 4.99671750e-03  7.49793769e-01  5.44982723e-01  5.44982723e-01  5.44982723e-01  5.44982723e-01 
 4.99771750e-03  7.49856591e-01  5.42629912e-01  5.42629912e-01  5.42629912e-01  5.42629912e-01 
 4.99871750e-03  7.49919419e-01  5.40289849e-01  5.40289849e-01  5.40289849e-01  5.40289849e-01 
 4.99935875e-03  7.49959709e-01  5.38796094e-01  5.38796094e-01  5.38796094e-01  5.38796094e-01 
 5.00000000e-03  7.50000000e-01  5.37307733e-01  5.37307733e-01  5.37307733e-01  5.37307733e-01 
